PC_Timestamp,Seq_Num,Packet_Type,time_ms,engine_count,gear_count,engine_rpm,secondary_rpm,filtered_engine_rpm,filtered_secondary_rpm,target_rpm,engine_rpm_error,ecvt_velocity_command,ecvt_velocity,ecvt_pos,ecvt_iq,ecvt_bus_voltage,ecvt_bus_current,ecvt_total_charge_used,ecvt_total_power_used,ecvt_inbound_limit_switch,ecvt_outbound_limit_switch,ecvt_engage_limit_switch,centerlock_velocity_command,centerlock_velocity,centerlock_pos,centerlock_iq,centerlock_bus_voltage,centerlock_bus_current,centerlock_total_charge_used,centerlock_total_power_used,centerlock_inbound_limit_switch,centerlock_outbound_limit_switch
1783460126.292895,0,1,0.0,0.0,0.0,2994.956838,1009.213055,2999.394821,910.921306,3000.0,-0.605179,-0.007262,-0.061613,-4.9e-05,0.106895,47.993621,0.0,0.0,0.0,1.0,0.0,0.0,0.0,0.08308,8.3e-05,-0.021387,47.989152,0.004635,0.0,0.002224,1.0,0.0
1783460126.302895,1,1,10.0,12.11448,8.649193,3028.620041,1037.903167,3002.901847,923.619492,3000.0,2.901847,0.034822,0.356872,0.000236,0.024237,47.964655,0.0,0.0,0.0,1.0,0.0,1.0,0.0,0.061586,0.000145,0.104886,48.002083,0.0,0.0,0.002224,1.0,0.0
1783460126.312895,2,1,20.0,24.475535,16.589903,3059.441862,995.394197,3009.686649,930.796962,3000.0,9.686649,0.11624,-0.060822,0.000188,0.099127,48.046812,0.0,0.0,0.0,1.0,0.0,1.0,0.0,0.09415,0.000239,0.019857,48.039116,0.0,0.0,0.002224,1.0,0.0
1783460126.322895,3,1,30.0,36.969133,24.971129,3080.761116,998.845151,3018.215585,937.601781,3000.0,18.215585,0.218587,-1.130731,-0.000717,-0.042944,47.958922,0.09194,0.0,0.044093,1.0,0.0,0.0,0.0,0.166066,0.000405,-0.097526,48.042368,0.0,0.0,0.002224,1.0,0.0
1783460126.332895,4,1,40.0,49.239271,34.176637,3077.454454,1025.2991,3025.324249,946.371513,3000.0,25.324249,0.303891,0.306401,-0.000472,0.189651,48.038203,0.05838,0.0,0.072138,1.0,0.0,0.0,0.0,0.162487,0.000567,0.038279,47.968651,0.0,0.0,0.002224,1.0,0.0
1783460126.342895,5,1,50.0,61.660862,43.499131,3083.043089,1043.979149,3032.25051,956.132277,3000.0,32.25051,0.387006,0.192287,-0.000318,0.435504,47.966888,0.0,0.0,0.072138,1.0,0.0,0.0,0.0,0.192118,0.000759,0.113748,48.025285,0.033433,0.0,0.018281,1.0,0.0
1783460126.352895,6,1,60.0,76.025237,51.880261,3167.718198,1037.605228,3048.506633,964.279572,3000.0,48.506633,0.58208,-0.234174,-0.000505,0.048246,48.057067,0.0,0.0,0.072138,1.0,0.0,0.0,0.0,0.008383,0.000768,0.020259,47.98422,0.028945,0.0,0.03217,1.0,0.0
1783460126.362895,7,1,70.0,88.356449,63.307982,3155.587471,1085.27969,3061.356333,976.379584,3000.0,61.356333,0.736276,0.91373,0.000226,0.07057,47.982902,0.007101,0.0,0.075545,1.0,0.0,1.0,0.0,0.238068,0.001006,-0.045347,47.996487,0.029972,0.0,0.046555,1.0,0.0
1783460126.372895,8,1,80.0,100.046305,69.485431,3126.447032,1042.281467,3069.167217,982.969772,3000.0,69.167217,0.830007,-0.240038,3.4e-05,0.02023,47.984174,0.116262,1e-06,0.131332,1.0,0.0,1.0,0.0,0.298373,0.001304,-0.001477,48.013068,0.006719,0.0,0.049781,1.0,0.0
1783460126.382895,9,1,90.0,115.386514,80.068786,3205.180935,1067.583808,3085.488863,991.431175,3000.0,85.488863,1.025866,0.978057,0.000816,0.074049,48.059299,0.13307,1e-06,0.195285,1.0,0.0,1.0,0.0,0.306735,0.001611,-0.002393,48.097655,0.0,0.0,0.049781,1.0,0.0
1783460126.392895,10,1,100.0,129.490562,88.113518,3237.264051,1057.362211,3103.701886,998.024279,3000.0,103.701886,1.244423,0.762292,0.001426,0.104506,48.008146,0.238308,2e-06,0.309692,1.0,0.0,1.0,0.0,0.204094,0.001815,0.055111,47.881206,0.028439,0.0,0.063398,1.0,0.0
1783460126.402894,11,1,110.0,141.416799,96.159868,3214.018167,1049.016739,3116.939839,1003.123525,3000.0,116.939839,1.403278,0.836996,0.002095,0.308375,48.103509,0.05592,2e-06,0.336592,1.0,0.0,1.0,0.0,-0.106951,0.001708,0.108943,47.977692,0.0,0.0,0.063398,1.0,0.0
1783460126.412894,12,1,120.0,154.067487,104.002515,3209.739314,1040.025151,3128.075776,1006.813688,3000.0,128.075776,1.536909,1.370238,0.003192,0.156677,48.063092,0.153945,2e-06,0.410583,1.0,0.0,1.0,0.0,0.570858,0.002279,0.022467,48.068284,0.0,0.0,0.063398,1.0,0.0
1783460126.422895,13,1,130.0,167.046924,116.074323,3212.440849,1071.455294,3138.199585,1013.277848,3000.0,138.199585,1.658395,2.232744,0.004978,0.11271,48.069929,0.213148,3e-06,0.513043,1.0,0.0,1.0,0.0,0.383387,0.002662,0.056991,48.002604,0.0,0.0,0.063398,1.0,0.0
1783460126.432895,14,1,140.0,178.193967,125.094038,3182.035122,1072.234614,3143.45985,1019.173525,3000.0,143.45985,1.721518,1.315797,0.00603,0.681774,47.991412,0.197783,4e-06,0.607962,1.0,0.0,1.0,0.0,-0.39225,0.00227,-0.031637,48.013057,0.032958,0.0,0.079222,1.0,0.0
1783460126.442895,15,1,150.0,197.039727,133.850037,3283.995443,1070.800294,3160.324121,1024.336202,3000.0,160.324121,1.923889,1.018967,0.006846,0.491933,48.049376,0.231722,4e-06,0.719302,1.0,0.0,1.0,0.0,-0.175072,0.002095,0.090671,48.004395,0.027993,1e-06,0.09266,1.0,0.0
1783460126.452895,16,1,160.0,210.180669,144.697605,3284.072958,1085.232037,3175.173981,1030.425785,3000.0,175.173981,2.102088,1.86697,0.008339,0.785379,48.037276,0.186532,5e-06,0.808907,1.0,0.0,1.0,0.0,0.027992,0.002123,0.118621,48.005936,0.020775,1e-06,0.102633,1.0,0.0
1783460126.462895,17,1,170.0,223.453876,151.227707,3286.086409,1067.489699,3188.483472,1034.132177,3000.0,188.483472,2.261802,0.991392,0.009132,0.54251,48.03814,0.177539,5e-06,0.894194,1.0,0.0,1.0,0.0,0.217772,0.002341,0.048605,47.95025,0.020729,1e-06,0.112573,1.0,0.0
1783460126.472895,18,1,180.0,233.333193,157.839488,3240.738787,1052.263253,3194.75411,1035.945284,3000.0,194.75411,2.337049,2.142856,0.010847,0.507369,47.99095,0.275541,6e-06,1.026428,1.0,0.0,1.0,0.0,0.122023,0.002463,-0.046203,48.020018,0.040603,1e-06,0.13207,1.0,0.0
1783460126.482895,19,1,190.0,245.075415,172.239212,3224.676507,1087.8266,3198.344798,1041.133416,3000.0,198.344798,2.380138,1.953091,0.012409,0.863532,47.936659,0.293636,7e-06,1.167188,1.0,0.0,1.0,0.0,-0.076561,0.002386,-0.008016,48.095079,0.0,1e-06,0.13207,1.0,0.0
1783460126.492895,20,1,200.0,266.302011,179.133,3328.775133,1074.798001,3213.996438,1044.499874,3000.0,213.996438,2.567957,2.280981,0.014234,0.491323,47.996799,0.261794,7e-06,1.292841,1.0,0.0,1.0,0.0,-0.070643,0.002316,0.016199,47.894749,0.080099,1e-06,0.170433,1.0,0.0
1783460126.502895,21,1,210.0,272.495372,195.2451,3243.992528,1115.686286,3217.595969,1051.618516,3000.0,217.595969,2.611152,1.637588,0.015544,0.618334,48.191138,0.191537,8e-06,1.385144,1.0,0.0,1.0,0.0,-0.373825,0.001942,-0.043721,48.023624,0.027734,1e-06,0.183752,1.0,0.0
1783460126.512895,22,1,220.0,289.814799,198.186173,3293.349993,1081.015487,3226.686452,1054.558213,3000.0,226.686452,2.720237,1.429469,0.016687,0.533198,48.096459,0.309277,9e-06,1.533896,1.0,0.0,1.0,0.0,-0.489235,0.001453,-0.002804,48.069908,0.085062,1e-06,0.224641,1.0,0.0
1783460126.522895,23,1,230.0,300.393244,209.358952,3265.143954,1092.307575,3231.301352,1058.333149,3000.0,231.301352,2.775616,1.655902,0.018012,0.484149,48.038348,0.317817,1e-05,1.68657,1.0,0.0,1.0,0.0,0.145046,0.001598,-0.038257,47.942403,0.0,1e-06,0.224641,1.0,0.0
1783460126.532895,24,1,240.0,307.328768,219.838412,3201.341338,1099.192061,3227.70615,1062.41904,3000.0,227.70615,2.732474,1.084488,0.01888,0.551153,48.06005,0.395008,1.1e-05,1.876411,1.0,0.0,1.0,0.0,0.017825,0.001616,0.080103,47.98005,0.0,1e-06,0.224641,1.0,0.0
1783460126.542895,25,1,250.0,321.37496,232.4475,3213.749601,1115.748,3226.031364,1067.751936,3000.0,226.031364,2.712376,2.721259,0.021057,0.669832,48.205622,0.26865,1.2e-05,2.005916,0.0,0.0,1.0,0.0,0.155087,0.001771,0.024607,47.988906,0.092647,2e-06,0.269101,1.0,0.0
1783460126.552895,26,1,260.0,341.628875,230.422606,3284.893032,1063.488952,3233.094764,1067.325638,3000.0,233.094764,2.797137,2.093729,0.022732,0.679621,48.079818,0.171838,1.2e-05,2.088535,0.0,0.0,1.0,0.0,-0.56389,0.001207,-0.152509,47.996444,0.0,2e-06,0.269101,1.0,0.0
1783460126.562895,27,1,270.0,349.755187,241.882243,3238.473956,1075.032192,3233.740267,1068.096293,3000.0,233.740267,2.804883,1.687885,0.024082,0.313618,48.058668,0.310093,1.3e-05,2.237561,0.0,0.0,1.0,0.0,0.248248,0.001455,0.063264,47.990464,0.05397,2e-06,0.295002,1.0,0.0
1783460126.572895,28,1,280.0,360.125324,251.296959,3215.404675,1076.986968,3231.539996,1068.985361,3000.0,231.539996,2.77848,2.018064,0.025697,0.523544,47.935469,0.290354,1.4e-05,2.376744,0.0,0.0,1.0,0.0,0.062471,0.001517,-0.028981,47.964308,0.014872,2e-06,0.302135,1.0,0.0
1783460126.582895,29,1,290.0,379.755115,263.262498,3273.750989,1089.362062,3236.605315,1071.023031,3000.0,236.605315,2.839264,2.07438,0.027356,0.535921,48.041814,0.182745,1.4e-05,2.464538,0.0,0.0,1.0,0.0,-0.031315,0.001486,0.004895,48.092234,0.037739,2e-06,0.320285,1.0,0.0
1783460126.592895,30,1,300.0,389.180836,268.858854,3243.17363,1075.435415,3237.393513,1071.464269,3000.0,237.393513,2.848722,2.670913,0.029493,0.455812,48.062443,0.318371,1.5e-05,2.617555,0.0,0.0,1.0,0.0,-0.191602,0.001295,0.15995,48.028369,0.0,2e-06,0.320285,1.0,0.0
1783460126.602895,31,1,310.0,399.23498,279.088456,3219.636938,1080.342411,3235.262724,1072.352083,3000.0,235.262724,2.823153,2.315673,0.031345,0.690958,48.067914,0.119183,1.5e-05,2.674844,0.0,0.0,1.0,0.0,-0.28958,0.001005,0.06181,48.06506,0.076126,2e-06,0.356875,1.0,0.0
1783460126.612895,32,1,320.0,416.873759,279.974783,3256.826243,1049.905437,3237.850346,1070.107419,3000.0,237.850346,2.854204,2.725188,0.033525,0.340481,48.130608,0.305688,1.6e-05,2.821974,0.0,0.0,1.0,0.0,-0.285292,0.00072,0.160792,48.032199,0.0,2e-06,0.356875,1.0,0.0
1783460126.622895,33,1,330.0,422.093638,295.021716,3197.679079,1072.806239,3233.029794,1070.377301,3000.0,233.029794,2.796358,2.348661,0.035404,0.545419,48.12014,0.165773,1.7e-05,2.901744,0.0,0.0,1.0,0.0,0.079351,0.000799,0.145135,47.958652,0.008426,2e-06,0.360916,1.0,0.0
1783460126.632895,34,1,340.0,433.64542,303.862924,3188.569268,1072.457378,3227.694531,1070.585309,3000.0,227.694531,2.732334,2.564461,0.037456,0.615671,48.005813,0.414195,1.8e-05,3.100581,0.0,0.0,1.0,0.0,0.197904,0.000997,-0.013369,47.968166,0.0,2e-06,0.360916,1.0,0.0
1783460126.642895,35,1,350.0,450.688337,315.290553,3219.202408,1080.996181,3226.675476,1071.626396,3000.0,226.675476,2.720106,2.460206,0.039424,0.570755,48.085356,0.262732,1.9e-05,3.226917,0.0,0.0,1.0,0.0,0.190963,0.001188,-0.014657,48.041479,0.026895,2e-06,0.373837,1.0,0.0
1783460126.652894,36,1,360.0,456.092558,320.035686,3167.309429,1066.785619,3219.551551,1071.142318,3000.0,219.551551,2.634619,1.690327,0.040776,0.468506,48.006843,0.332726,2e-05,3.386648,0.0,0.0,1.0,0.0,-0.011651,0.001176,0.125608,48.113966,0.000969,2e-06,0.374303,1.0,0.0
1783460126.662894,37,1,370.0,460.760421,331.120835,3113.246085,1073.90541,3206.794895,1071.418627,3000.0,206.794895,2.481539,1.997188,0.042374,0.322672,48.045073,0.27111,2e-05,3.516903,0.0,0.0,1.0,0.0,-0.114857,0.001061,-0.061474,47.962062,0.071467,2e-06,0.40858,1.0,0.0
1783460126.672895,38,1,380.0,480.12896,337.008546,3158.74316,1064.237513,3201.028687,1070.700516,3000.0,201.028687,2.412344,1.791673,0.043807,0.673867,48.02489,0.279782,2.1e-05,3.651268,0.0,0.0,1.0,0.0,0.181971,0.001243,0.059929,48.069985,0.0,2e-06,0.40858,1.0,0.0
1783460126.682895,39,1,390.0,499.487195,345.545936,3201.840991,1063.218264,3201.126163,1069.952291,3000.0,201.126163,2.413514,1.780812,0.045232,0.710386,48.101769,0.241519,2.2e-05,3.767443,0.0,0.0,1.0,0.0,-0.297853,0.000945,0.044933,47.968481,0.0,2e-06,0.40858,1.0,0.0
1783460126.692895,40,1,400.0,502.14651,360.054294,3138.41569,1080.162883,3193.600906,1070.97335,3000.0,193.600906,2.323211,0.844517,0.045908,0.565221,48.070868,0.185559,2.2e-05,3.856643,0.0,0.0,1.0,0.0,0.259232,0.001205,0.048915,47.969686,0.0,2e-06,0.40858,1.0,0.0
1783460126.702895,41,1,410.0,522.412645,357.591937,3185.442955,1046.610547,3192.621952,1068.53707,3000.0,192.621952,2.311463,1.729089,0.047291,0.413865,48.067187,0.248036,2.3e-05,3.975867,0.0,0.0,1.0,0.0,0.009197,0.001214,0.090788,48.011403,0.0,2e-06,0.40858,1.0,0.0
1783460126.712895,42,1,420.0,524.144024,379.756738,3119.904907,1085.019252,3183.895907,1070.185288,3000.0,183.895907,2.206751,2.073609,0.04895,0.703107,48.027838,0.222789,2.4e-05,4.082867,0.0,0.0,1.0,0.0,-0.014673,0.001199,-0.007009,48.00052,0.0,2e-06,0.40858,1.0,0.0
1783460126.722895,43,1,430.0,549.287063,387.672486,3193.529434,1081.876705,3185.05193,1071.35443,3000.0,185.05193,2.220623,2.386148,0.050859,0.825973,48.050777,0.219171,2.4e-05,4.188181,0.0,0.0,1.0,0.0,0.002446,0.001202,0.155375,47.913439,0.019431,2e-06,0.41789,1.0,0.0
1783460126.732895,44,1,440.0,548.550954,374.63267,3116.766786,1021.725464,3176.857713,1066.391533,3000.0,176.857713,2.122293,0.729863,0.051443,0.259639,48.121689,0.14276,2.5e-05,4.256879,0.0,0.0,1.0,0.0,-0.056864,0.001145,-0.093081,48.030548,0.0,2e-06,0.41789,1.0,0.0
1783460126.742895,45,1,450.0,579.452934,393.145841,3219.182967,1048.38891,3181.936743,1064.591271,3000.0,181.936743,2.183241,1.407844,0.052569,0.498724,48.070983,0.332299,2.6e-05,4.416619,0.0,0.0,1.0,0.0,0.030102,0.001175,-0.096627,47.971983,0.0,2e-06,0.41789,1.0,0.0
1783460126.752895,46,1,460.0,589.624531,410.647724,3204.481149,1071.254932,3184.642072,1065.257637,3000.0,184.642072,2.215705,1.757182,0.053975,0.617896,48.04483,0.210672,2.6e-05,4.517836,0.0,0.0,1.0,0.0,0.04519,0.00122,0.122255,47.995073,0.0,2e-06,0.41789,1.0,0.0
1783460126.762895,47,1,470.0,592.150497,420.964276,3149.736686,1074.802408,3180.453426,1066.212114,3000.0,180.453426,2.165441,1.481839,0.05516,0.52795,47.977679,0.299999,2.7e-05,4.661768,0.0,0.0,1.0,0.0,-0.332984,0.000887,-0.062187,48.052929,0.0,2e-06,0.41789,1.0,0.0
1783460126.772895,48,1,480.0,612.855254,424.774272,3191.954447,1061.93568,3181.833548,1065.78447,3000.0,181.833548,2.182003,1.289964,0.056192,0.681481,48.149199,0.060471,2.7e-05,4.690885,0.0,0.0,1.0,0.0,-0.362248,0.000525,0.064659,47.934849,0.0,2e-06,0.41789,1.0,0.0
1783460126.782895,49,1,490.0,628.918661,437.42715,3208.768679,1071.250164,3185.065764,1066.33104,3000.0,185.065764,2.220789,1.709421,0.05756,0.502857,48.036922,0.325468,2.8e-05,4.847229,0.0,0.0,1.0,0.0,-0.123828,0.000401,0.027179,47.974418,0.004253,2e-06,0.419931,1.0,0.0
1783460126.792895,50,1,500.0,641.776907,439.223076,3208.884535,1054.135383,3187.924017,1065.111474,3000.0,187.924017,2.255088,1.342282,0.058634,0.615581,48.147956,0.244961,2.9e-05,4.965173,0.0,0.0,1.0,0.0,0.183084,0.000584,0.067045,48.046399,0.012134,2e-06,0.425761,1.0,0.0
1783460126.802895,51,1,510.0,659.672946,455.154659,3233.69091,1070.95214,3193.416044,1065.695541,3000.0,193.416044,2.320993,1.93763,0.060184,0.364531,48.079939,0.081026,2.9e-05,5.00413,0.0,0.0,1.0,0.0,-0.001475,0.000583,0.03307,48.061799,0.006051,2e-06,0.428669,1.0,0.0
1783460126.812895,52,1,520.0,680.388916,456.655185,3271.100559,1053.819657,3202.738186,1064.507952,3000.0,202.738186,2.432858,1.483206,0.06137,0.323522,48.031749,0.133994,2.9e-05,5.06849,0.0,0.0,1.0,0.0,0.158427,0.000741,-0.016609,48.028516,0.002937,2e-06,0.43008,1.0,0.0
1783460126.822895,53,1,530.0,697.112836,473.22027,3288.268097,1071.44212,3213.001775,1065.201369,3000.0,213.001775,2.556021,1.773268,0.062789,0.521177,48.055081,0.125897,3e-05,5.12899,0.0,0.0,1.0,0.0,0.168804,0.00091,0.095104,47.999679,0.0,2e-06,0.43008,1.0,0.0
1783460126.832895,54,1,540.0,713.590603,453.95496,3303.660199,1008.788799,3223.880786,1059.560112,3000.0,223.880786,2.686569,2.291725,0.064622,0.612538,48.054662,0.379983,3.1e-05,5.311589,0.0,0.0,1.0,0.0,0.242684,0.001153,-0.020893,47.995665,0.0,2e-06,0.43008,1.0,0.0
1783460126.842895,55,1,550.0,717.601163,470.346004,3261.823467,1026.209463,3228.433908,1056.225047,3000.0,228.433908,2.741207,2.937764,0.066972,0.757266,48.124593,0.186574,3.1e-05,5.401377,0.0,0.0,1.0,0.0,0.520211,0.001673,0.158413,48.009403,0.0,2e-06,0.43008,1.0,0.0
1783460126.852895,56,1,560.0,731.153168,492.882961,3264.076645,1056.177774,3232.711036,1056.22032,3000.0,232.711036,2.792532,1.83337,0.068439,0.609226,48.140593,0.158707,3.2e-05,5.47778,0.0,0.0,1.0,0.0,0.501432,0.002174,0.125337,47.938146,0.0,2e-06,0.43008,1.0,0.0
1783460126.862895,57,1,570.0,752.259245,488.82513,3299.382656,1029.105538,3240.71163,1053.508842,3000.0,240.71163,2.88854,2.236742,0.070228,0.248301,48.076198,0.433082,3.3e-05,5.68599,0.0,0.0,1.0,0.0,-0.279149,0.001895,-0.021846,47.92552,0.02553,3e-06,0.442315,1.0,0.0
1783460126.872895,58,1,580.0,769.409649,522.852312,3316.420903,1081.763405,3249.796743,1056.334298,3000.0,249.796743,2.997561,2.56142,0.072278,0.603636,48.116617,0.259258,3.4e-05,5.810736,0.0,0.0,1.0,0.0,-0.334827,0.00156,0.024156,47.991257,0.006653,3e-06,0.445507,1.0,0.0
1783460126.882895,59,1,590.0,791.168989,509.836653,3352.410969,1036.955905,3262.11045,1054.396459,3000.0,262.11045,3.145325,2.789955,0.07451,0.952626,48.035179,0.453527,3.5e-05,6.028588,0.0,0.0,1.0,0.0,-0.060701,0.0015,-0.06133,48.121361,0.006201,3e-06,0.448491,1.0,0.0
1783460126.892895,60,1,600.0,816.481968,530.160792,3402.0082,1060.321583,3278.89818,1054.988971,3000.0,278.89818,3.346778,1.904061,0.076033,0.754414,48.065765,0.227334,3.5e-05,6.137858,0.0,0.0,1.0,0.0,-0.442928,0.001057,0.008183,48.029513,0.015627,3e-06,0.455997,1.0,0.0
1783460126.902894,61,1,610.0,819.298041,524.015383,3357.778856,1030.849933,3288.363861,1052.575067,3000.0,288.363861,3.460366,2.34407,0.077908,0.678007,48.041837,0.329775,3.6e-05,6.296288,0.0,0.0,1.0,0.0,-0.005722,0.001051,-0.071679,47.988397,0.0,3e-06,0.455997,1.0,0.0
1783460126.912894,62,1,620.0,838.806712,544.632046,3382.285128,1054.12654,3299.634413,1052.730215,3000.0,299.634413,3.595613,3.037465,0.080338,0.861857,48.012344,0.329266,3.7e-05,6.454376,0.0,0.0,0.0,0.0,0.069185,0.00112,0.051293,47.9201,0.006367,3e-06,0.459048,1.0,0.0
1783460126.922895,63,1,630.0,866.37709,546.902055,3438.004326,1041.7182,3316.238803,1051.629013,3000.0,316.238803,3.794866,3.064411,0.08279,0.902439,48.108752,0.433458,3.9e-05,6.662907,0.0,0.0,0.0,0.0,0.018103,0.001138,0.0122,47.960878,0.0,3e-06,0.459048,1.0,0.0
1783460126.932895,64,1,640.0,883.768399,555.387145,3452.220307,1041.350896,3332.556583,1050.601201,3000.0,332.556583,3.990679,3.188075,0.08534,0.804224,48.137203,0.330694,3.9e-05,6.822094,0.0,0.0,0.0,0.0,0.227626,0.001366,-0.074958,47.947111,0.008238,3e-06,0.462998,1.0,0.0
1783460126.942895,65,1,650.0,890.399486,569.092428,3424.613408,1050.632175,3343.603402,1050.604299,3000.0,343.603402,4.123241,3.912326,0.08847,0.845239,48.121437,0.339539,4e-05,6.985484,0.0,0.0,0.0,0.0,0.314792,0.001681,0.050597,48.026826,0.007515,3e-06,0.466607,1.0,0.0
1783460126.952895,66,1,660.0,898.458351,571.88388,3403.251328,1039.788873,3350.761153,1049.522756,3000.0,350.761153,4.209134,3.702379,0.091432,0.923132,48.106914,0.312128,4.1e-05,7.135639,0.0,0.0,0.0,0.0,0.045273,0.001726,-0.055354,47.945833,0.0,3e-06,0.466607,1.0,0.0
1783460126.962895,67,1,670.0,904.591925,591.17068,3375.343003,1058.813159,3353.710975,1050.451796,3000.0,353.710975,4.244532,3.906522,0.094557,0.925782,48.052473,0.348824,4.2e-05,7.303258,0.0,0.0,0.0,0.0,-0.037781,0.001688,-0.193899,48.009024,0.026577,3e-06,0.479366,1.0,0.0
1783460126.972895,68,1,680.0,935.070938,588.225235,3437.760803,1038.044533,3363.796955,1049.21107,3000.0,363.796955,4.365563,3.670746,0.097494,1.013021,48.158301,0.438028,4.3e-05,7.514205,0.0,0.0,0.0,0.0,-0.172439,0.001516,-0.036901,48.009097,0.062248,3e-06,0.509251,1.0,0.0
1783460126.982895,69,1,690.0,950.687287,591.586032,3444.519155,1028.845273,3373.483619,1047.17449,3000.0,373.483619,4.481803,3.240025,0.100086,0.671547,48.121511,0.339274,4.4e-05,7.677469,0.0,0.0,0.0,0.0,-0.308377,0.001207,-0.158081,47.944101,0.022737,3e-06,0.520152,1.0,0.0
1783460126.992895,70,1,700.0,956.340862,593.413223,3415.50308,1017.279812,3378.525954,1044.185022,3000.0,378.525954,4.542311,3.813827,0.103137,0.948133,48.128054,0.513476,4.6e-05,7.924595,0.0,0.0,0.0,0.0,-0.002125,0.001205,-0.103821,47.99381,0.02001,3e-06,0.529756,1.0,0.0
1783460127.002895,71,1,710.0,978.444378,605.87252,3445.226683,1024.009893,3386.530042,1042.16751,3000.0,386.530042,4.63836,4.354762,0.106621,0.958152,48.087403,0.465113,4.7e-05,8.148255,0.0,0.0,0.0,0.0,0.257618,0.001463,0.02109,47.983339,0.027285,3e-06,0.542848,1.0,0.0
1783460127.012895,72,1,720.0,1020.533914,645.656991,3543.520536,1076.094985,3405.368901,1045.560257,3000.0,405.368901,4.864427,4.325266,0.110081,0.901832,48.296882,0.39055,4.8e-05,8.336879,0.0,0.0,0.0,0.0,-0.092951,0.00137,-0.055991,48.081345,0.01681,3e-06,0.55093,1.0,0.0
1783460127.022895,73,1,730.0,998.537755,643.174151,3419.649844,1057.272576,3407.082614,1046.731489,3000.0,407.082614,4.884991,4.279146,0.113504,1.026926,48.04968,0.430496,4.9e-05,8.543731,0.0,0.0,0.0,0.0,-0.109212,0.001261,0.001819,47.974005,0.029409,3e-06,0.565039,1.0,0.0
1783460127.032895,74,1,740.0,1017.068081,630.685126,3436.040815,1022.732637,3410.557598,1044.331604,3000.0,410.557598,4.926691,3.67019,0.11644,1.286206,48.083438,0.679934,5.1e-05,8.870667,0.0,0.0,0.0,0.0,0.122871,0.001383,-0.093154,47.958286,0.009735,3e-06,0.569708,1.0,0.0
1783460127.042895,75,1,750.0,1027.867839,686.356955,3426.22613,1098.171129,3412.437822,1049.715556,3000.0,412.437822,4.949254,3.562943,0.119291,1.190977,48.186504,0.486189,5.3e-05,9.104944,0.0,0.0,0.0,0.0,-0.248965,0.001134,-0.021845,48.018111,0.03503,3e-06,0.586528,1.0,0.0
1783460127.052895,76,1,760.0,1053.683379,653.49469,3466.063745,1031.833721,3418.872933,1047.927373,3000.0,418.872933,5.026475,4.142872,0.122605,1.004821,48.005733,0.446843,5.4e-05,9.319455,0.0,0.0,0.0,0.0,-0.358113,0.000776,0.046948,48.097208,0.07435,4e-06,0.622289,1.0,0.0
1783460127.062895,77,1,770.0,1059.262041,673.942028,3439.16247,1050.299265,3421.307677,1048.164562,3000.0,421.307677,5.055692,4.490059,0.126197,1.271445,48.095351,0.494158,5.5e-05,9.557122,0.0,0.0,0.0,0.0,0.551732,0.001328,-0.008596,47.975734,0.004797,4e-06,0.62459,1.0,0.0
1783460127.072895,78,1,780.0,1083.643891,677.332645,3473.217598,1042.050224,3427.536868,1047.553128,3000.0,427.536868,5.130442,4.082761,0.129463,0.953743,48.103763,0.663198,5.7e-05,9.876145,0.0,0.0,0.0,0.0,0.185431,0.001514,-0.007403,47.953344,0.0,4e-06,0.62459,1.0,0.0
1783460127.082895,79,1,790.0,1100.319782,692.630026,3482.024626,1052.096243,3434.075399,1048.00744,3000.0,434.075399,5.208905,4.996512,0.13346,0.939914,48.104557,0.660312,5.9e-05,10.193785,0.0,0.0,0.0,0.0,-0.50196,0.001012,0.095073,47.907431,0.0,4e-06,0.62459,1.0,0.0
1783460127.092895,80,1,800.0,1097.671492,719.224226,3430.223411,1078.836339,3433.61316,1051.09033,3000.0,433.61316,5.203358,2.689482,0.135612,0.857067,48.092138,0.523287,6e-05,10.445445,0.0,0.0,0.0,0.0,-0.223304,0.000788,-0.017669,47.940691,0.0,4e-06,0.62459,1.0,0.0
1783460127.102895,81,1,810.0,1100.439531,722.381877,3396.418304,1070.195373,3429.149778,1053.000834,3000.0,429.149778,5.149797,4.513544,0.139223,1.347895,48.088992,0.48954,6.2e-05,10.68086,0.0,0.0,0.0,0.0,0.011936,0.0008,-0.023594,47.9974,0.0,4e-06,0.62459,1.0,0.0
1783460127.112895,82,1,820.0,1124.298409,718.272539,3427.739051,1051.130545,3428.98049,1052.813805,3000.0,428.98049,5.147766,3.742687,0.142217,0.89429,48.181232,0.503528,6.3e-05,10.923466,0.0,0.0,0.0,0.0,0.287373,0.001088,0.021784,47.914832,0.0,4e-06,0.62459,1.0,0.0
1783460127.122895,83,1,830.0,1138.400758,730.126918,3428.917946,1055.605182,3428.972985,1053.092943,3000.0,428.972985,5.147676,3.675922,0.145158,1.105582,48.115698,0.433818,6.4e-05,11.132201,0.0,0.0,0.0,0.0,-0.081536,0.001006,-0.038279,47.870501,0.020107,4e-06,0.634215,1.0,0.0
1783460127.132895,84,1,840.0,1129.217192,766.233043,3360.765453,1094.618633,3420.788081,1057.245512,3000.0,420.788081,5.049457,3.565493,0.14801,0.873941,48.185287,0.378141,6.5e-05,11.314409,0.0,0.0,0.0,0.0,-0.159044,0.000847,0.047787,47.983518,0.0,4e-06,0.634215,1.0,0.0
1783460127.142895,85,1,850.0,1149.797495,757.452866,3381.757339,1069.345222,3416.104392,1058.455483,3000.0,416.104392,4.993253,4.736395,0.151799,1.186813,48.279046,0.367654,6.6e-05,11.491909,0.0,0.0,0.0,0.0,-0.005419,0.000842,-0.085332,48.057738,0.032874,4e-06,0.650013,1.0,0.0
1783460127.152894,86,1,860.0,1165.11247,760.020544,3386.954854,1060.493782,3412.606448,1058.659313,3000.0,412.606448,4.951277,3.687472,0.154749,0.784829,48.214085,0.535785,6.8e-05,11.750233,0.0,0.0,0.0,0.0,-0.065215,0.000776,0.074681,48.037546,0.039011,4e-06,0.668753,1.0,0.0
1783460127.162894,87,1,870.0,1144.44777,770.822429,3288.643018,1063.20335,3397.730836,1059.113716,3000.0,397.730836,4.77277,4.011392,0.157958,1.103323,48.177816,0.396586,6.9e-05,11.941299,0.0,0.0,0.0,0.0,0.031802,0.000808,0.176428,48.034596,0.034823,4e-06,0.68548,1.0,0.0
1783460127.172895,88,1,880.0,1171.934434,800.320387,3329.359187,1091.345983,3389.526238,1062.336943,3000.0,389.526238,4.674315,4.734933,0.161746,1.044346,48.192493,0.39742,7e-05,12.132826,0.0,0.0,0.0,0.0,0.147525,0.000956,0.072337,47.9624,0.043925,4e-06,0.706547,1.0,0.0
1783460127.182895,89,1,890.0,1171.513589,789.434754,3290.768509,1064.40641,3377.675311,1062.54389,3000.0,377.675311,4.532104,3.715729,0.164719,1.286861,48.148085,0.528073,7.2e-05,12.387083,0.0,0.0,0.0,0.0,-0.182949,0.000773,0.0062,47.941172,0.0,4e-06,0.706547,1.0,0.0
1783460127.192895,90,1,900.0,1198.071282,809.597827,3327.975785,1079.46377,3371.711367,1064.235878,3000.0,371.711367,4.460536,4.383288,0.168225,0.950956,48.12406,0.548188,7.3e-05,12.650894,0.0,0.0,0.0,0.0,-0.162154,0.000611,-0.121581,48.065064,0.016568,4e-06,0.714511,1.0,0.0
1783460127.202895,91,1,910.0,1167.484036,820.577166,3207.373726,1082.079779,3351.99085,1066.020268,3000.0,351.99085,4.22389,3.261696,0.170835,1.190982,48.098831,0.375928,7.4e-05,12.83171,0.0,0.0,0.0,0.0,-0.2276,0.000383,-0.084324,47.964975,0.0,4e-06,0.714511,1.0,0.0
1783460127.212895,92,1,920.0,1189.278513,807.560414,3231.73509,1053.33967,3337.560159,1064.752208,3000.0,337.560159,4.050722,2.572953,0.172893,0.657208,48.110541,0.350377,7.5e-05,13.000279,0.0,0.0,0.0,0.0,-0.306618,7.6e-05,0.038262,47.997596,0.0,4e-06,0.714511,1.0,0.0
1783460127.222895,93,1,930.0,1204.031001,861.609921,3236.642477,1111.754737,3325.450037,1069.452461,3000.0,325.450037,3.9054,3.322335,0.175551,0.930495,48.008609,0.338241,7.6e-05,13.162664,0.0,0.0,0.0,0.0,-0.542752,0.0,-0.034096,48.018666,0.0,4e-06,0.714511,1.0,0.0
1783460127.232895,94,1,940.0,1224.482838,834.509813,3256.603293,1065.331676,3317.188428,1069.040383,3000.0,317.188428,3.806261,3.409036,0.178278,0.604336,48.126134,0.414211,7.7e-05,13.362007,0.0,0.0,0.0,0.0,0.13398,0.000134,-0.010181,48.096986,0.0,4e-06,0.714511,1.0,0.0
1783460127.242895,95,1,950.0,1219.373927,819.019913,3208.878755,1034.551469,3304.191267,1065.591491,3000.0,304.191267,3.650295,3.877709,0.18138,0.747715,48.08172,0.470702,7.8e-05,13.588329,0.0,0.0,0.0,0.0,0.308877,0.000443,0.008666,47.928254,0.016759,4e-06,0.722543,1.0,0.0
1783460127.252895,96,1,960.0,1224.91547,850.754965,3189.884036,1063.443706,3290.4744,1065.376713,3000.0,290.4744,3.485693,3.379954,0.184084,0.446964,48.170175,0.385318,8e-05,13.773937,0.0,0.0,0.0,0.0,0.512753,0.000956,0.026014,47.897078,0.0,4e-06,0.722543,1.0,0.0
1783460127.262895,97,1,970.0,1242.270807,881.905891,3201.728883,1091.017597,3279.824938,1067.940801,3000.0,279.824938,3.357899,3.243885,0.186679,0.444786,48.126611,0.413379,8.1e-05,13.972882,0.0,0.0,0.0,0.0,0.385992,0.001342,0.148882,47.980489,0.043904,4e-06,0.743608,1.0,0.0
1783460127.272895,98,1,980.0,1273.281297,903.298372,3248.166574,1106.079639,3276.025934,1071.754685,3000.0,276.025934,3.312311,3.077938,0.189142,0.852878,48.104899,0.215451,8.1e-05,14.076525,0.0,0.0,0.0,0.0,0.245712,0.001587,-0.027765,47.998593,0.0,4e-06,0.743608,1.0,0.0
1783460127.282895,99,1,990.0,1253.077259,897.922656,3164.336513,1088.391098,3262.623203,1073.418326,3000.0,262.623203,3.151478,2.073283,0.1908,0.7036,48.157975,0.308959,8.2e-05,14.225313,0.0,0.0,0.0,0.0,-0.185907,0.001401,0.06293,48.093632,0.0,4e-06,0.743608,1.0,0.0
1783460127.292895,100,1,1000.0,1284.894146,916.400077,3212.235366,1099.680092,3256.576663,1076.044503,3000.0,256.576663,3.07892,1.198089,0.191759,0.563183,48.115154,0.370434,8.3e-05,14.403548,0.0,0.0,0.0,0.0,0.047122,0.001449,0.037952,48.031814,0.0,4e-06,0.743608,1.0,0.0
1783460127.302895,101,1,1010.0,1266.541925,892.934986,3135.004765,1060.912854,3241.988035,1074.531338,3000.0,241.988035,2.903856,2.296027,0.193596,0.620983,48.156774,0.232201,8.4e-05,14.515369,0.0,0.0,0.0,0.0,0.226631,0.001675,0.073369,48.077326,0.028452,4e-06,0.757287,1.0,0.0
1783460127.312895,102,1,1020.0,1289.661706,929.94773,3160.935555,1094.056153,3232.261737,1076.483819,3000.0,232.261737,2.787141,2.590331,0.195668,0.515399,48.213946,0.416196,8.5e-05,14.716033,0.0,0.0,0.0,0.0,0.494238,0.002169,0.002818,48.016214,0.016654,4e-06,0.765284,1.0,0.0
1783460127.322895,103,1,1030.0,1297.342966,937.21503,3148.890695,1091.901006,3222.257212,1078.025538,3000.0,222.257212,2.667087,2.126421,0.197369,0.557692,48.238681,0.279886,8.6e-05,14.851046,0.0,0.0,0.0,0.0,0.016753,0.002186,0.070562,48.007517,0.011665,4e-06,0.770884,1.0,0.0
1783460127.332895,104,1,1040.0,1307.29243,916.378503,3142.52988,1057.359811,3212.689932,1075.958965,3000.0,212.689932,2.552279,2.077383,0.199031,0.390969,48.16249,0.160713,8.6e-05,14.92845,0.0,0.0,0.0,0.0,0.229177,0.002415,0.059939,48.014021,0.0,4e-06,0.770884,1.0,0.0
1783460127.342895,105,1,1050.0,1325.659195,912.014933,3156.331417,1042.302781,3205.926911,1072.593347,3000.0,205.926911,2.471123,1.477911,0.200213,0.521337,48.17049,0.240761,8.7e-05,15.044425,0.0,0.0,0.0,0.0,-0.251153,0.002164,0.010676,47.977315,0.0,4e-06,0.770884,1.0,0.0
1783460127.352895,106,1,1060.0,1336.239973,946.943402,3151.509369,1072.011398,3199.396806,1072.535152,3000.0,199.396806,2.392762,2.560306,0.202262,0.626237,48.191198,0.265009,8.8e-05,15.172136,0.0,0.0,0.0,0.0,-0.211294,0.001953,-0.07485,47.926442,0.11516,5e-06,0.826077,1.0,0.0
1783460127.362895,107,1,1070.0,1327.478362,954.000501,3101.584957,1069.907104,3187.659384,1072.272347,3000.0,187.659384,2.251913,1.666374,0.203595,0.453256,48.126494,0.075724,8.8e-05,15.20858,0.0,0.0,0.0,0.0,-0.249548,0.001703,-0.111254,47.993661,0.0,5e-06,0.826077,1.0,0.0
1783460127.372895,108,1,1080.0,1346.036032,967.716832,3115.824149,1075.240925,3179.039156,1072.569205,3000.0,179.039156,2.14847,1.470353,0.204771,0.612477,48.137614,0.23286,8.8e-05,15.320673,0.0,0.0,0.0,0.0,-0.331324,0.001372,0.05255,47.979741,0.01635,5e-06,0.833921,1.0,0.0
1783460127.382895,109,1,1090.0,1374.70412,967.998424,3152.991101,1065.686338,3175.913389,1071.880918,3000.0,175.913389,2.110961,1.839707,0.206243,0.406617,48.225448,0.285839,8.9e-05,15.45852,0.0,0.0,0.0,0.0,0.120624,0.001493,-0.094411,47.945035,0.0,5e-06,0.833921,1.0,0.0
1783460127.392895,110,1,1100.0,1379.579445,984.603901,3135.407829,1074.113347,3171.052722,1072.104161,3000.0,171.052722,2.052633,1.23489,0.207231,0.62814,48.159536,0.044241,8.9e-05,15.479826,0.0,0.0,0.0,0.0,-0.118829,0.001374,-0.206815,47.962414,0.0,5e-06,0.833921,1.0,0.0
1783460127.402894,111,1,1110.0,1387.964299,977.936997,3126.045719,1057.229186,3165.651882,1070.616664,3000.0,165.651882,1.987823,1.432964,0.208377,0.348261,48.235688,0.295974,9e-05,15.622591,0.0,0.0,0.0,0.0,-0.28546,0.001088,0.100312,47.918932,0.0,5e-06,0.833921,1.0,0.0
1783460127.412894,112,1,1120.0,1435.840649,951.633985,3205.001449,1019.607841,3170.37383,1065.515781,3000.0,170.37383,2.044486,1.963871,0.209948,0.261763,48.154564,0.190032,9.1e-05,15.7141,0.0,0.0,0.0,0.0,0.424301,0.001513,-0.064848,47.996549,0.025081,5e-06,0.845959,1.0,0.0
1783460127.422895,113,1,1130.0,1422.754431,980.998607,3147.686794,1041.768432,3167.651385,1063.141046,3000.0,167.651385,2.011817,1.62009,0.211244,0.456626,48.207161,0.125737,9.1e-05,15.774715,0.0,0.0,0.0,0.0,-0.112283,0.0014,0.025835,47.991642,0.0,5e-06,0.845959,1.0,0.0
1783460127.432895,114,1,1140.0,1441.567067,988.480259,3161.331287,1040.505536,3166.892974,1060.877495,3000.0,166.892974,2.002716,1.242382,0.212238,0.506707,48.109391,0.293502,9.2e-05,15.915917,0.0,0.0,0.0,0.0,0.054326,0.001455,-0.102123,48.014151,0.006691,5e-06,0.849172,1.0,0.0
1783460127.442895,115,1,1150.0,1469.446335,1025.593353,3194.448554,1070.184368,3170.199643,1061.808183,3000.0,170.199643,2.042396,1.491555,0.213431,0.343163,48.135029,0.125752,9.2e-05,15.976448,0.0,0.0,0.0,0.0,-0.18661,0.001268,0.02276,48.000763,0.0,5e-06,0.849172,1.0,0.0
1783460127.452895,116,1,1160.0,1460.702042,1016.664592,3148.064745,1051.721992,3167.543455,1060.799564,3000.0,167.543455,2.010521,1.397828,0.21455,0.286291,48.158919,0.179893,9.3e-05,16.063082,0.0,0.0,0.0,0.0,-0.26751,0.001001,0.066174,48.042301,0.001636,5e-06,0.849958,1.0,0.0
1783460127.462895,117,1,1170.0,1490.470511,1024.665494,3184.766048,1050.938969,3169.610167,1059.813504,3000.0,169.610167,2.035322,1.653503,0.215872,0.581465,48.250472,0.209972,9.3e-05,16.164395,0.0,0.0,0.0,0.0,0.110063,0.001111,0.069876,47.983098,0.0,5e-06,0.849958,1.0,0.0
1783460127.472895,118,1,1180.0,1518.97573,992.244372,3218.16892,1009.062073,3175.437217,1054.738361,3000.0,175.437217,2.105247,2.620721,0.217969,0.593719,48.178218,0.214612,9.4e-05,16.267791,0.0,0.0,0.0,0.0,0.437839,0.001548,-0.075698,47.94199,0.0,5e-06,0.849958,1.0,0.0
1783460127.482895,119,1,1190.0,1515.315394,1006.456454,3183.435701,1014.914071,3176.397035,1050.755932,3000.0,176.397035,2.116764,1.812677,0.219419,0.48608,48.129295,0.339921,9.5e-05,16.431393,0.0,0.0,0.0,0.0,-0.348018,0.0012,-0.102138,48.018806,0.0,5e-06,0.849958,1.0,0.0
1783460127.492895,120,1,1200.0,1542.276966,1017.511837,3213.077012,1017.511837,3180.798632,1047.431522,3000.0,180.798632,2.169584,1.262389,0.220429,0.380477,48.136957,0.258958,9.6e-05,16.556047,0.0,0.0,0.0,0.0,-0.11999,0.00108,0.060914,48.029404,0.041624,5e-06,0.86995,1.0,0.0
1783460127.502895,121,1,1210.0,1565.942311,1046.953389,3235.417997,1038.300882,3187.352956,1046.518458,3000.0,187.352956,2.248235,2.22848,0.222212,0.417108,48.159184,0.078413,9.6e-05,16.59381,0.0,0.0,0.0,0.0,0.072938,0.001153,-0.053901,48.020077,0.021099,5e-06,0.880082,1.0,0.0
1783460127.512895,122,1,1220.0,1542.786667,1018.07356,3161.448087,1001.383829,3184.244372,1042.004996,3000.0,184.244372,2.210932,1.638291,0.223522,0.408765,48.181764,0.128659,9.6e-05,16.655801,0.0,0.0,0.0,0.0,0.011795,0.001165,-0.135079,47.892244,0.028667,5e-06,0.893811,1.0,0.0
1783460127.522895,123,1,1230.0,1558.299638,1030.064629,3167.275687,1004.941101,3182.20813,1038.298606,3000.0,182.20813,2.186498,1.084247,0.22439,0.269699,48.154599,0.185839,9.7e-05,16.745291,0.0,0.0,0.0,0.0,0.245647,0.001411,0.035961,47.986944,0.030307,5e-06,0.908354,1.0,0.0
1783460127.532895,124,1,1240.0,1614.688128,1051.686669,3255.419613,1017.761293,3190.993508,1036.244875,3000.0,190.993508,2.291922,1.676218,0.225731,0.657013,48.264089,0.282035,9.7e-05,16.881413,0.0,0.0,0.0,0.0,0.442669,0.001854,0.074128,48.042443,0.0,5e-06,0.908354,1.0,0.0
1783460127.542895,125,1,1250.0,1589.908894,1046.638219,3179.817788,1004.77269,3189.652421,1033.097656,3000.0,189.652421,2.275829,1.031451,0.226556,0.411739,48.220144,0.17437,9.8e-05,16.965494,0.0,0.0,0.0,0.0,0.133298,0.001987,-0.1081,47.975318,0.040938,5e-06,0.927994,1.0,0.0
1783460127.552895,126,1,1260.0,1626.664934,1056.48555,3227.50979,1006.176714,3194.195306,1030.405562,3000.0,194.195306,2.330344,2.763244,0.228767,0.707196,48.134041,0.338466,9.9e-05,17.128412,0.0,0.0,0.0,0.0,-0.153811,0.001833,-0.001407,48.000761,0.042922,5e-06,0.948597,1.0,0.0
1783460127.562895,127,1,1270.0,1615.938478,1062.960108,3180.981255,1004.371755,3192.60962,1027.802181,3000.0,192.60962,2.311315,2.157286,0.230492,0.630216,48.168465,0.311405,0.0001,17.27841,0.0,0.0,0.0,0.0,-0.177886,0.001655,0.091765,48.017612,0.0,5e-06,0.948597,1.0,0.0
1783460127.572895,128,1,1280.0,1655.740644,1061.084065,3233.868446,994.766311,3197.560679,1024.498594,3000.0,197.560679,2.370728,1.766169,0.231905,0.411122,48.168068,0.1217,0.0001,17.337031,0.0,0.0,0.0,0.0,0.42268,0.002078,-0.090262,47.966936,0.045796,6e-06,0.970564,1.0,0.0
1783460127.582895,129,1,1290.0,1670.744033,1074.820615,3237.876033,999.83313,3202.398521,1022.032048,3000.0,202.398521,2.428782,2.749956,0.234105,0.487511,48.128839,0.31042,0.000101,17.486433,0.0,0.0,0.0,0.0,0.19907,0.002277,-0.026151,47.936721,0.049566,6e-06,0.994324,1.0,0.0
1783460127.592895,130,1,1300.0,1681.696393,1037.313891,3234.031525,957.520514,3206.194482,1015.580895,3000.0,206.194482,2.474334,2.418931,0.23604,0.328207,48.158111,0.157569,0.000101,17.562315,0.0,0.0,0.0,0.0,-0.159458,0.002117,-0.066665,47.969334,0.028971,6e-06,1.008221,1.0,0.0
1783460127.602895,131,1,1310.0,1686.90922,1079.651554,3219.292404,988.99379,3207.766232,1012.922184,3000.0,207.766232,2.493195,2.590591,0.238113,0.492597,48.187309,0.292372,0.000102,17.703201,0.0,0.0,0.0,0.0,0.426685,0.002544,0.071926,48.069078,0.040759,6e-06,1.027813,1.0,0.0
1783460127.612895,132,1,1320.0,1710.558261,1035.165741,3239.693675,941.059765,3211.597526,1005.735942,3000.0,211.597526,2.53917,2.522549,0.240131,0.590556,48.187089,0.211737,0.000103,17.80523,0.0,0.0,0.0,0.0,-0.106319,0.002438,0.033294,48.041999,0.0,6e-06,1.027813,1.0,0.0
1783460127.622895,133,1,1330.0,1703.795871,1062.543873,3202.623817,958.686201,3210.520681,1001.030968,3000.0,210.520681,2.526248,1.596122,0.241408,0.614668,48.169,0.199902,0.000103,17.901521,0.0,0.0,0.0,0.0,-0.192291,0.002245,0.022504,47.999498,0.0,6e-06,1.027813,1.0,0.0
1783460127.632895,134,1,1340.0,1691.859943,1073.327763,3156.455117,961.189041,3204.032813,997.046775,3000.0,204.032813,2.448394,2.210257,0.243176,0.381189,48.210891,0.178919,0.000104,17.98778,0.0,0.0,0.0,0.0,0.681936,0.002927,-0.07528,47.960494,0.00776,6e-06,1.031535,1.0,0.0
1783460127.642895,135,1,1350.0,1697.666631,1097.078252,3143.827094,975.180669,3196.808127,994.860165,3000.0,196.808127,2.361698,2.8373,0.245446,0.46143,48.196166,0.194749,0.000104,18.081641,0.0,0.0,0.0,0.0,-7e-06,0.002927,0.114539,48.044712,0.0,6e-06,1.031535,1.0,0.0
1783460127.652894,136,1,1360.0,1750.426011,1107.419782,3217.694874,977.135102,3199.314536,993.087658,3000.0,199.314536,2.391774,2.204439,0.247209,0.427308,48.191848,0.17554,0.000105,18.166237,0.0,0.0,0.0,0.0,0.116901,0.003044,-0.025318,47.888252,0.037048,6e-06,1.049277,1.0,0.0
1783460127.662894,137,1,1370.0,1730.132511,1109.359949,3157.176114,971.702145,3194.257926,990.949107,3000.0,194.257926,2.331095,1.843408,0.248684,0.541111,48.245357,0.264133,0.000106,18.293669,0.0,0.0,0.0,0.0,0.072,0.003116,0.257151,47.99155,0.006767,6e-06,1.052525,1.0,0.0
1783460127.672895,138,1,1380.0,1764.649509,1074.120599,3196.82882,934.017912,3194.566433,985.255988,3000.0,194.566433,2.334797,1.394035,0.249799,0.298846,48.217294,0.28353,0.000106,18.43038,0.0,0.0,0.0,0.0,0.185372,0.003302,-0.108285,48.050293,0.047891,6e-06,1.075536,1.0,0.0
1783460127.682895,139,1,1390.0,1733.190998,1095.168836,3117.249996,945.469498,3185.288461,981.277339,3000.0,185.288461,2.223462,2.161036,0.251528,0.544233,48.223722,0.135459,0.000107,18.495703,0.0,0.0,0.0,0.0,-0.043656,0.003258,-0.096998,48.031564,0.021209,6e-06,1.085723,1.0,0.0
1783460127.692895,140,1,1400.0,1736.371734,1104.560516,3100.66381,946.766156,3175.133502,977.82622,3000.0,175.133502,2.101602,0.945055,0.252284,0.591041,48.169265,0.220484,0.000107,18.601909,0.0,0.0,0.0,0.0,0.278842,0.003537,-0.06052,48.059862,0.004963,6e-06,1.088108,1.0,0.0
1783460127.702895,141,1,1410.0,1741.422459,1114.071386,3087.628474,948.145861,3164.632899,974.858184,3000.0,164.632899,1.975595,0.996475,0.253081,0.523747,48.196701,0.280462,0.000108,18.737082,0.0,0.0,0.0,0.0,-0.054202,0.003483,-0.029065,48.018482,0.0,6e-06,1.088108,1.0,0.0
1783460127.712895,142,1,1420.0,1719.472771,1102.320485,3027.240794,931.538438,3148.145846,970.52621,3000.0,148.145846,1.77775,2.09157,0.254755,0.377139,48.151093,0.23505,0.000109,18.850261,0.0,0.0,0.0,0.0,-0.463361,0.003019,-0.169621,47.999792,0.007237,6e-06,1.091582,1.0,0.0
1783460127.722895,143,1,1430.0,1748.618131,1091.610878,3057.024704,916.0371,3137.211309,965.077299,3000.0,137.211309,1.646536,1.274909,0.255775,0.152428,48.206576,0.035428,0.000109,18.86734,0.0,0.0,0.0,0.0,-0.037311,0.002982,0.020926,47.912169,0.0,6e-06,1.091582,1.0,0.0
1783460127.732895,144,1,1440.0,1761.006423,1148.706524,3057.302818,957.255437,3127.62229,964.295113,3000.0,127.62229,1.531467,0.503823,0.256178,0.387911,48.134775,0.045526,0.000109,18.889254,0.0,0.0,0.0,0.0,0.399018,0.003381,0.053455,47.95979,0.008761,6e-06,1.095784,1.0,0.0
1783460127.742895,145,1,1450.0,1758.651671,1123.866894,3032.158053,930.09674,3116.166582,960.875275,3000.0,116.166582,1.393999,2.266719,0.257991,0.397547,48.04789,0.116184,0.000109,18.945078,0.0,0.0,0.0,0.0,-0.184144,0.003197,-0.016332,48.000673,0.0,6e-06,1.095784,1.0,0.0
1783460127.752895,146,1,1460.0,1723.61739,1154.652037,2951.399641,949.029072,3096.394549,959.690655,3000.0,96.394549,1.156735,1.247193,0.258989,0.153871,48.23248,0.169688,0.00011,19.026923,0.0,0.0,0.0,0.0,0.316827,0.003514,-0.084425,48.038994,0.0,6e-06,1.095784,1.0,0.0
1783460127.762895,147,1,1470.0,1769.49043,1125.620545,3009.337466,918.873914,3085.947699,955.608981,3000.0,85.947699,1.031372,-0.290164,0.258757,0.232205,48.11024,0.085765,0.00011,19.068184,0.0,0.0,0.0,0.0,-0.014548,0.003499,-0.032104,47.925654,0.0,6e-06,1.095784,1.0,0.0
1783460127.772895,148,1,1480.0,1727.986544,1129.632384,2918.896189,915.918149,3065.901518,951.639898,3000.0,65.901518,0.790818,1.292721,0.259791,0.280343,48.176782,0.180992,0.000111,19.155381,0.0,0.0,0.0,0.0,-0.342016,0.003157,0.054802,47.991238,0.009453,6e-06,1.10032,1.0,0.0
1783460127.782895,149,1,1490.0,1758.501199,1125.437436,2950.505367,906.392566,3052.05398,947.115165,3000.0,52.05398,0.624648,0.91279,0.260521,0.136026,48.321917,0.038124,0.000111,19.173803,0.0,0.0,0.0,0.0,0.317294,0.003474,0.051767,47.941294,0.054425,7e-06,1.126412,1.0,0.0
1783460127.792895,150,1,1500.0,1722.630912,1096.102795,2871.05152,876.882236,3030.333685,940.091872,3000.0,30.333685,0.364004,0.725141,0.261101,0.240424,48.204856,0.015519,0.000111,19.181284,0.0,0.0,0.0,0.0,0.39592,0.00387,0.056949,47.967207,0.029261,7e-06,1.140448,1.0,0.0
1783460127.802895,151,1,1510.0,1718.444358,1139.570569,2845.106552,905.618995,3008.106429,936.644584,3000.0,8.106429,0.097277,-0.445798,0.260745,-0.308602,48.144309,0.107514,0.000111,19.233045,0.0,0.0,0.0,0.0,-0.274455,0.003596,-0.044003,47.941951,0.034624,7e-06,1.157048,1.0,0.0
1783460127.812895,152,1,1520.0,1744.782849,1169.539527,2869.708633,923.32068,2991.498693,935.312194,3000.0,-8.501307,-0.102016,-0.136496,0.260635,-0.153211,48.155388,0.077183,0.000111,19.270213,0.0,0.0,0.0,0.0,-0.014352,0.003582,0.061952,47.84187,0.044404,7e-06,1.178292,1.0,0.0
1783460127.822895,153,1,1530.0,1734.497044,1214.545383,2834.145497,952.584614,2972.61631,937.039436,3000.0,-27.38369,-0.328604,-0.524833,0.260216,0.076533,48.238007,0.0,0.000111,19.270213,0.0,0.0,0.0,0.0,0.218184,0.0038,-0.051617,48.064455,0.031728,7e-06,1.193542,1.0,0.0
1783460127.832895,154,1,1540.0,1756.460931,1154.481747,2851.397615,899.596167,2958.070066,933.295109,3000.0,-41.929934,-0.503159,-0.517876,0.259801,0.155682,48.104216,0.006176,0.000111,19.273184,0.0,0.0,0.0,0.0,0.234518,0.004034,-0.101454,48.063949,0.0,7e-06,1.193542,1.0,0.0
1783460127.842895,155,1,1550.0,1753.945969,1151.258966,2828.945111,891.297264,2942.575072,929.095324,3000.0,-57.424928,-0.689099,-0.322872,0.259543,0.221011,48.263589,0.177236,0.000112,19.358724,0.0,0.0,0.0,0.0,0.313381,0.004348,0.016714,47.938692,0.052951,7e-06,1.218926,1.0,0.0
1783460127.852895,156,1,1560.0,1720.142007,1174.60025,2756.637832,903.538654,2920.262603,926.539657,3000.0,-79.737397,-0.956849,-0.416062,0.25921,0.27704,48.287302,0.095361,0.000112,19.404771,0.0,0.0,0.0,0.0,-0.422517,0.003925,-0.022021,48.008703,0.0,7e-06,1.218926,1.0,0.0
1783460127.862895,157,1,1570.0,1781.971795,1186.142859,2837.534705,906.606007,2910.335255,924.546292,3000.0,-89.664745,-1.075977,-1.600225,0.25793,0.306733,48.151135,0.243589,0.000113,19.522062,0.0,0.0,0.0,0.0,0.067524,0.003993,-0.112263,48.05397,0.09477,7e-06,1.264466,1.0,0.0
1783460127.872895,158,1,1580.0,1709.572265,1220.659614,2705.019406,927.083251,2885.697353,924.799988,3000.0,-114.302647,-1.371632,-0.882724,0.257224,0.328111,48.226548,0.176514,0.000113,19.607189,0.0,0.0,0.0,0.0,-0.173251,0.003819,0.112879,47.932524,0.078343,8e-06,1.302018,1.0,0.0
1783460127.882895,159,1,1590.0,1791.616445,1178.413704,2817.006988,889.368833,2877.45451,921.256873,3000.0,-122.54549,-1.470546,-1.208548,0.256257,0.536499,48.185686,0.134062,0.000114,19.671788,0.0,0.0,0.0,0.0,-0.100594,0.003719,0.093398,47.969616,0.0,8e-06,1.302018,1.0,0.0
1783460127.892895,160,1,1600.0,1774.201264,1209.31823,2772.189476,906.988673,2864.822705,919.830053,3000.0,-135.177295,-1.622128,-1.76336,0.254846,0.155636,48.135169,0.067828,0.000114,19.704437,0.0,0.0,0.0,0.0,-0.430137,0.003289,-0.05815,48.015011,0.002164,8e-06,1.303057,1.0,0.0
1783460127.902894,161,1,1610.0,1748.781787,1197.451116,2715.499669,892.510149,2846.903941,917.098062,3000.0,-153.096059,-1.837153,-2.00316,0.253244,0.195989,48.150126,0.240864,0.000114,19.820413,0.0,0.0,0.0,0.0,-0.351153,0.002937,0.001385,47.969097,0.097118,8e-06,1.349643,1.0,0.0
1783460127.912894,162,1,1620.0,1732.828619,1234.592461,2674.11824,914.512934,2826.169657,916.839549,3000.0,-173.830343,-2.085964,-1.877366,0.251742,0.343243,48.228509,0.221043,0.000115,19.927019,0.0,0.0,0.0,0.0,-0.267226,0.00267,0.034102,48.019458,0.052379,8e-06,1.374795,1.0,0.0
1783460127.922895,163,1,1630.0,1766.709513,1273.814324,2709.677167,937.777416,2812.190558,918.933336,3000.0,-187.809442,-2.253713,-1.946454,0.250185,0.199415,48.239724,0.218844,0.000116,20.032589,0.0,0.0,0.0,0.0,-0.220588,0.00245,0.074659,47.976419,0.040675,8e-06,1.39431,1.0,0.0
1783460127.932895,164,1,1640.0,1786.665546,1264.37769,2723.575527,925.154407,2801.556755,919.555443,3000.0,-198.443245,-2.381319,-1.612943,0.248894,0.594865,48.162779,0.311709,0.000117,20.182717,0.0,0.0,0.0,0.0,0.00544,0.002455,0.160181,48.023933,0.030045,8e-06,1.408739,1.0,0.0
1783460127.942895,165,1,1650.0,1779.721429,1243.9992,2696.547619,904.726691,2788.955658,918.072568,3000.0,-211.044342,-2.532532,-2.028317,0.247272,0.381586,48.156672,0.244567,0.000117,20.300492,0.0,0.0,0.0,0.0,-0.019468,0.002436,0.016166,48.055855,0.0,8e-06,1.408739,1.0,0.0
1783460127.952895,166,1,1660.0,1822.922012,1258.636547,2745.364476,909.857745,2783.724716,917.251086,3000.0,-216.275284,-2.595303,-2.225155,0.245491,0.609527,48.112594,0.264839,0.000118,20.427913,0.0,0.0,0.0,0.0,-0.159564,0.002276,-0.074387,47.90565,0.0,8e-06,1.408739,1.0,0.0
1783460127.962895,167,1,1670.0,1773.774603,1292.257698,2655.351203,928.568406,2768.319895,918.382818,3000.0,-231.680105,-2.780161,-2.399386,0.243572,0.359325,48.183091,0.338412,0.000119,20.59097,0.0,0.0,0.0,0.0,-0.148721,0.002127,-0.022497,47.981541,0.0,8e-06,1.408739,1.0,0.0
1783460127.972895,168,1,1680.0,1789.094107,1277.555549,2662.342421,912.539678,2755.602598,917.798504,3000.0,-244.397402,-2.932769,-2.683917,0.241425,1.088276,48.206896,0.256827,0.00012,20.714778,0.0,0.0,0.0,0.0,0.247119,0.002374,-0.012483,48.012667,0.0,8e-06,1.408739,1.0,0.0
1783460127.982895,169,1,1690.0,1878.066198,1271.026522,2778.204436,902.504039,2758.314818,916.269057,3000.0,-241.685182,-2.900222,-2.190507,0.239672,0.807903,48.20309,0.29001,0.00012,20.854572,0.0,0.0,0.0,0.0,0.146628,0.002521,0.054615,47.945495,0.007259,8e-06,1.412219,1.0,0.0
1783460127.992895,170,1,1700.0,1831.710575,1276.144727,2693.692023,900.808042,2750.560083,914.722956,3000.0,-249.439917,-2.993279,-2.778684,0.237449,0.840918,48.298906,0.507764,0.000122,21.099817,0.0,0.0,0.0,0.0,-0.014138,0.002507,-0.067313,47.951526,0.064299,8e-06,1.443052,1.0,0.0
1783460128.002895,171,1,1710.0,1831.007944,1295.191196,2676.9122,908.906103,2741.722337,914.14127,3000.0,-258.277663,-3.099332,-2.824484,0.23519,0.944352,48.169162,0.398066,0.000123,21.291562,0.0,0.0,0.0,0.0,0.328338,0.002835,-0.013342,48.023275,0.0,8e-06,1.443052,1.0,0.0
1783460128.012895,172,1,1720.0,1879.957523,1305.879156,2732.496399,911.078481,2740.615224,913.834992,3000.0,-259.384776,-3.112617,-3.842138,0.232116,0.747082,48.238331,0.175792,0.000123,21.376361,0.0,0.0,0.0,0.0,-0.353069,0.002482,-0.059943,47.973541,0.0,8e-06,1.443052,1.0,0.0
1783460128.022895,173,1,1730.0,1873.664306,1293.29354,2707.607378,897.082224,2736.654283,912.159715,3000.0,-263.345717,-3.160149,-2.438065,0.230166,0.623945,48.215968,0.29764,0.000124,21.519871,0.0,0.0,0.0,0.0,0.1143,0.002597,-0.012342,48.043077,0.00412,8e-06,1.445031,1.0,0.0
1783460128.032895,174,1,1740.0,1933.777301,1359.911731,2778.415663,937.870159,2741.665648,914.730759,3000.0,-258.334352,-3.100012,-3.272248,0.227548,0.820302,48.311175,0.232199,0.000125,21.632049,0.0,0.0,0.0,0.0,-0.007968,0.002589,-0.028576,48.022042,0.0208,8e-06,1.455019,1.0,0.0
1783460128.042895,175,1,1750.0,1911.346991,1369.60785,2730.495701,939.159668,2740.325255,917.17365,3000.0,-259.674745,-3.116097,-2.98354,0.225161,0.664793,48.273931,0.467885,0.000126,21.857916,0.0,0.0,0.0,0.0,-0.128164,0.00246,0.062584,48.011002,0.0,8e-06,1.455019,1.0,0.0
1783460128.052895,176,1,1760.0,1920.114197,1310.993034,2727.434939,893.858887,2738.778417,914.842174,3000.0,-261.221583,-3.134659,-2.822079,0.222903,0.627107,48.224858,0.415681,0.000127,22.058377,0.0,0.0,0.0,0.0,0.105619,0.002566,0.212245,47.987829,0.03157,9e-06,1.470169,1.0,0.0
1783460128.062895,177,1,1770.0,1970.008492,1390.280513,2782.49787,942.56306,2744.024751,917.614262,3000.0,-255.975249,-3.071703,-2.708154,0.220737,0.802563,48.305614,0.249505,0.000128,22.178902,0.0,0.0,0.0,0.0,-0.018718,0.002547,0.040345,47.978261,0.0,9e-06,1.470169,1.0,0.0
1783460128.072895,178,1,1780.0,2021.584603,1351.449902,2839.304218,911.089821,2755.458287,916.961818,3000.0,-244.541713,-2.934501,-1.539244,0.219506,0.569326,48.214497,0.357221,0.000129,22.351135,0.0,0.0,0.0,0.0,-0.051505,0.002496,-0.071909,47.964004,0.010907,9e-06,1.475401,1.0,0.0
1783460128.082895,179,1,1790.0,1975.376257,1367.04737,2758.905387,916.456338,2755.871939,916.91127,3000.0,-244.128061,-2.929537,-3.530863,0.216681,0.56078,48.216518,0.251942,0.00013,22.472613,0.0,0.0,0.0,0.0,-0.248397,0.002247,-0.07068,48.003526,0.059482,9e-06,1.503954,1.0,0.0
1783460128.092895,180,1,1800.0,1972.865523,1364.109257,2740.091005,909.406171,2753.978227,916.16076,3000.0,-246.021773,-2.952261,-1.932329,0.215135,0.699666,48.221519,0.259169,0.00013,22.597588,0.0,0.0,0.0,0.0,0.003315,0.002251,-0.008085,47.890677,0.0,9e-06,1.503954,1.0,0.0
1783460128.102895,181,1,1810.0,1974.519387,1413.274944,2727.236722,936.977863,2750.769247,918.242471,3000.0,-249.230753,-2.990769,-2.041106,0.213502,0.539734,48.267115,0.494969,0.000132,22.836495,0.0,0.0,0.0,0.0,-0.155769,0.002095,0.103942,48.018125,0.0,9e-06,1.503954,1.0,0.0
1783460128.112895,182,1,1820.0,2011.239437,1369.455206,2762.691534,902.937499,2752.199921,916.711973,3000.0,-247.800079,-2.973601,-2.635809,0.211393,0.306826,48.25405,0.271622,0.000133,22.967563,0.0,0.0,0.0,0.0,0.114811,0.00221,-0.033538,48.149914,0.0,9e-06,1.503954,1.0,0.0
1783460128.122895,183,1,1830.0,2030.592925,1410.140834,2774.03405,924.682514,2754.820017,917.509028,3000.0,-245.179983,-2.94216,-1.233337,0.210407,0.498412,48.319634,0.220854,0.000133,23.074279,0.0,0.0,0.0,0.0,0.323342,0.002533,0.006032,48.1115,0.071279,9e-06,1.538248,1.0,0.0
1783460128.132895,184,1,1840.0,2052.384457,1477.68951,2788.565838,963.71055,2758.869515,922.12918,3000.0,-241.130485,-2.893566,-2.934803,0.208059,0.589541,48.319205,0.230574,0.000134,23.185691,0.0,0.0,0.0,0.0,-0.160338,0.002373,0.01045,48.022624,0.015487,9e-06,1.545685,1.0,0.0
1783460128.142895,185,1,1850.0,2063.733877,1407.729273,2788.829564,913.121691,2762.464721,921.228431,3000.0,-237.535279,-2.850423,-2.018634,0.206444,0.852692,48.245847,0.184804,0.000134,23.274851,0.0,0.0,0.0,0.0,0.007104,0.00238,-0.049647,48.065952,0.0,9e-06,1.545685,1.0,0.0
1783460128.152894,186,1,1860.0,2110.926678,1377.853831,2837.26704,888.937955,2771.440999,917.999383,3000.0,-228.559001,-2.742708,-1.612992,0.205154,0.71907,48.241025,0.314666,0.000135,23.426649,0.0,0.0,0.0,0.0,-0.08422,0.002296,0.054062,47.997519,0.029248,9e-06,1.559724,1.0,0.0
1783460128.162894,187,1,1870.0,2110.442741,1342.998538,2821.447514,861.817244,2777.441781,912.381169,3000.0,-222.558219,-2.670699,-2.446802,0.203196,0.815178,48.303295,0.275434,0.000136,23.559693,0.0,0.0,0.0,0.0,-0.031508,0.002264,-0.02682,48.031528,0.023162,9e-06,1.570849,1.0,0.0
1783460128.172895,188,1,1880.0,2094.888389,1435.971502,2785.755836,916.577554,2778.439468,912.800808,3000.0,-221.560532,-2.658726,-1.563707,0.201945,0.44169,48.221927,0.302958,0.000137,23.705785,0.0,0.0,0.0,0.0,0.180688,0.002445,-0.033643,47.973566,0.0,9e-06,1.570849,1.0,0.0
1783460128.182895,189,1,1890.0,2141.737282,1433.89146,2832.985823,910.407276,2784.98503,912.561455,3000.0,-215.01497,-2.58018,-2.125456,0.200245,0.363006,48.177362,0.308964,0.000138,23.854635,0.0,0.0,0.0,0.0,-0.305272,0.00214,0.018109,47.98196,0.0,9e-06,1.570849,1.0,0.0
1783460128.192895,190,1,1900.0,2142.233661,1473.609208,2818.728501,930.700552,2789.034247,914.375364,3000.0,-210.965753,-2.531589,-1.931495,0.1987,0.5126,48.158776,0.294138,0.000138,23.996289,0.0,0.0,0.0,0.0,0.284176,0.002424,0.04859,48.058298,0.019064,9e-06,1.58001,1.0,0.0
1783460128.202895,191,1,1910.0,2115.714236,1428.347023,2769.259472,897.3908,2786.661274,912.676908,3000.0,-213.338726,-2.560065,-1.836819,0.19723,0.671366,48.208364,0.250937,0.000139,24.117261,0.0,0.0,0.0,0.0,0.091467,0.002515,0.101703,48.050262,0.025853,9e-06,1.592433,1.0,0.0
1783460128.212895,192,1,1920.0,2169.294254,1403.604815,2824.601894,877.25301,2791.214148,909.134518,3000.0,-208.785852,-2.50543,-2.604933,0.195146,0.537416,48.285661,0.282171,0.00014,24.25351,0.0,0.0,0.0,0.0,0.140274,0.002655,-0.120124,47.926917,0.044795,9e-06,1.613902,1.0,0.0
1783460128.222895,193,1,1930.0,2164.818147,1398.300039,2804.168585,869.409351,2792.768681,905.162001,3000.0,-207.231319,-2.486776,-1.598072,0.193868,0.585796,48.381711,0.348678,0.000141,24.422206,0.0,0.0,0.0,0.0,0.086674,0.002742,-0.012089,48.011615,0.0,9e-06,1.613902,1.0,0.0
1783460128.232895,194,1,1940.0,2132.819684,1466.22663,2748.478975,906.944307,2787.453916,905.340232,3000.0,-212.546084,-2.550553,-1.954025,0.192305,0.147916,48.202907,0.188756,0.000141,24.513192,0.0,0.0,0.0,0.0,0.245223,0.002987,-0.003524,48.07437,0.0,9e-06,1.613902,1.0,0.0
1783460128.242895,195,1,1950.0,2147.719777,1473.066351,2753.486894,906.50237,2783.377873,905.456446,3000.0,-216.622127,-2.599466,-2.459172,0.190337,0.413088,48.208887,0.199161,0.000142,24.609205,0.0,0.0,0.0,0.0,0.134832,0.003122,0.089453,47.920654,0.0,9e-06,1.613902,1.0,0.0
1783460128.252895,196,1,1960.0,2181.746121,1446.611565,2782.83944,885.68055,2783.313261,903.478856,3000.0,-216.686739,-2.600241,-1.71557,0.188965,0.59003,48.206757,0.171073,0.000142,24.691673,0.0,0.0,0.0,0.0,-0.456177,0.002666,-0.029689,48.00072,0.036869,9e-06,1.631599,1.0,0.0
1783460128.262895,197,1,1970.0,2174.31736,1514.936193,2759.28599,922.803773,2780.429989,905.411348,3000.0,-219.570011,-2.63484,-2.198809,0.187206,0.507163,48.255296,0.185839,0.000143,24.781351,0.0,0.0,0.0,0.0,0.052227,0.002718,-0.165128,48.033805,0.002667,9e-06,1.63288,1.0,0.0
1783460128.272895,198,1,1980.0,2193.11964,1452.691704,2769.090454,880.419214,2779.069245,902.912134,3000.0,-220.930755,-2.651169,-2.810837,0.184957,0.448464,48.315096,0.304685,0.000144,24.928559,0.0,0.0,0.0,0.0,-0.149316,0.002569,0.033686,48.020386,0.078179,1e-05,1.670422,1.0,0.0
1783460128.282895,199,1,1990.0,2219.991096,1461.952708,2788.933538,881.579523,2780.25296,900.778873,3000.0,-219.74704,-2.636964,-2.386903,0.183048,0.847686,48.232197,0.194055,0.000144,25.022156,0.0,0.0,0.0,0.0,-0.305062,0.002264,-0.068992,47.981796,0.030616,1e-05,1.685112,1.0,0.0
1783460128.292895,200,1,2000.0,2215.700752,1485.575606,2769.625939,891.345363,2778.977717,899.835522,3000.0,-221.022283,-2.652267,-2.098371,0.181369,0.708223,48.35073,0.33805,0.000145,25.185606,0.0,0.0,0.0,0.0,0.400721,0.002665,-0.120851,47.96291,0.0,1e-05,1.685112,1.0,0.0
1783460128.302895,201,1,2010.0,2115.258424,1454.425907,2630.918438,868.313974,2761.210604,896.683368,3000.0,-238.789396,-2.865473,-1.653463,0.180046,0.550106,48.248017,0.218223,0.000146,25.290894,0.0,0.0,0.0,0.0,-0.122932,0.002542,0.022825,47.940211,0.046961,1e-05,1.707626,1.0,0.0
1783460128.312895,202,1,2020.0,2136.262242,1462.945565,2643.888913,869.076573,2747.132001,893.922688,3000.0,-252.867999,-3.034416,-2.733962,0.177859,0.890943,48.276808,0.136709,0.000146,25.356893,0.0,0.0,0.0,0.0,-0.605599,0.001936,-0.080109,47.974889,0.0,1e-05,1.707626,1.0,0.0
1783460128.322895,203,1,2030.0,2190.895315,1474.507589,2698.14694,871.630102,2741.253794,891.693429,3000.0,-258.746206,-3.104954,-3.229058,0.175276,0.413008,48.251801,0.281617,0.000147,25.492778,0.0,0.0,0.0,0.0,-0.025843,0.00191,-0.051346,47.99134,0.05946,1e-05,1.736161,1.0,0.0
1783460128.332895,204,1,2040.0,2142.870127,1417.169729,2626.066332,833.629253,2727.431298,885.887012,3000.0,-272.568702,-3.270824,-2.361275,0.173387,0.954693,48.229348,0.226065,0.000148,25.601808,0.0,0.0,0.0,0.0,-0.50028,0.00141,0.020843,47.937532,0.087023,1e-05,1.777878,1.0,0.0
1783460128.342895,205,1,2050.0,2255.427333,1462.187251,2750.521138,855.914489,2730.202079,882.889759,3000.0,-269.797921,-3.237575,-2.412081,0.171457,0.69458,48.297163,0.323512,0.000149,25.758055,0.0,0.0,0.0,0.0,0.015839,0.001426,0.108832,48.031309,0.085239,1.1e-05,1.81882,1.0,0.0
1783460128.352895,206,1,2060.0,2139.925708,1438.52626,2596.997219,837.976462,2714.217496,878.39843,3000.0,-285.782504,-3.42939,-3.264053,0.168846,0.880733,48.215827,0.391126,0.00015,25.946639,0.0,0.0,0.0,0.0,-0.292247,0.001134,-0.007547,48.11485,0.065535,1.1e-05,1.850352,1.0,0.0
1783460128.362895,207,1,2070.0,2131.638405,1467.412731,2574.442518,850.674047,2697.444498,875.625991,3000.0,-302.555502,-3.630666,-2.56397,0.166795,0.724735,48.185812,0.416026,0.000151,26.147105,0.0,0.0,0.0,0.0,0.025206,0.001159,0.044203,47.992097,0.093247,1.1e-05,1.895103,1.0,0.0
1783460128.372895,208,1,2080.0,2158.575388,1440.975395,2594.441572,831.331959,2685.084147,871.196588,3000.0,-314.915853,-3.77899,-2.841329,0.164522,0.941139,48.17241,0.481684,0.000152,26.379144,0.0,0.0,0.0,0.0,-0.36453,0.000794,0.000512,47.984649,0.0,1.1e-05,1.895103,1.0,0.0
1783460128.382895,209,1,2090.0,2217.740006,1383.215417,2652.799051,794.19067,2681.209936,863.495996,3000.0,-318.790064,-3.825481,-3.502286,0.16172,0.706191,48.285495,0.506582,0.000154,26.623749,0.0,0.0,0.0,0.0,0.193867,0.000988,0.111623,47.888772,0.006544,1.1e-05,1.898237,1.0,0.0
1783460128.392895,210,1,2100.0,2143.725048,1445.343417,2552.053629,825.910524,2665.711179,859.737449,3000.0,-334.288821,-4.011466,-3.167066,0.159186,0.896716,48.310933,0.242856,0.000154,26.741075,0.0,0.0,0.0,0.0,-0.208934,0.000779,-0.11845,47.91806,0.040231,1.1e-05,1.917515,1.0,0.0
1783460128.402894,211,1,2110.0,2190.112361,1506.823293,2594.919859,856.961115,2657.21622,859.459816,3000.0,-342.78378,-4.113405,-2.780389,0.156962,0.915172,48.194051,0.490684,0.000156,26.977555,0.0,0.0,0.0,0.0,-0.172901,0.000606,-0.095954,47.942479,0.004874,1.1e-05,1.919851,1.0,0.0
1783460128.412894,212,1,2120.0,2223.27281,1459.701643,2621.783974,826.246213,2652.964351,856.138455,3000.0,-347.035649,-4.164428,-2.802617,0.15472,0.929875,48.221585,0.634137,0.000157,27.283346,0.0,0.0,0.0,0.0,0.455261,0.001062,0.015753,47.95839,0.0,1.1e-05,1.919851,1.0,0.0
1783460128.422895,213,1,2130.0,2199.432677,1450.436198,2581.493752,817.147154,2644.387879,852.239325,3000.0,-355.612121,-4.267345,-3.265723,0.152107,0.987272,48.265088,0.518113,0.000159,27.533414,0.0,0.0,0.0,0.0,0.078555,0.00114,-0.057876,47.961473,0.023325,1.1e-05,1.931038,1.0,0.0
1783460128.432895,214,1,2140.0,2157.975884,1482.356845,2520.999864,831.228137,2629.581317,850.138206,3000.0,-370.418683,-4.445024,-3.287823,0.149477,0.971323,48.204561,0.302395,0.00016,27.679182,0.0,0.0,0.0,0.0,-0.280991,0.000859,-0.130074,48.001334,0.0,1.1e-05,1.931038,1.0,0.0
1783460128.442895,215,1,2150.0,2165.970506,1488.293018,2518.570356,830.675173,2616.260002,848.191903,3000.0,-383.739998,-4.60488,-3.711338,0.146508,1.020212,48.271885,0.543404,0.000161,27.941494,0.0,0.0,0.0,0.0,-0.400706,0.000458,0.056534,47.909553,0.0,1.1e-05,1.931038,1.0,0.0
1783460128.452895,216,1,2160.0,2228.946191,1483.583327,2579.798833,824.212959,2611.884662,845.794009,3000.0,-388.115338,-4.657384,-3.486684,0.143718,1.051937,48.314966,0.342474,0.000162,28.10696,0.0,0.0,0.0,0.0,-0.076289,0.000382,0.003788,48.101764,0.041062,1.1e-05,1.95079,1.0,0.0
1783460128.462895,217,1,2170.0,2235.685793,1437.652024,2575.674877,795.014944,2607.539487,840.716102,3000.0,-392.460513,-4.709526,-2.736981,0.141529,1.106867,48.194349,0.658581,0.000164,28.424359,0.0,0.0,0.0,0.0,-0.356727,2.5e-05,-0.069496,47.9883,0.0,1.1e-05,1.95079,1.0,0.0
1783460128.472895,218,1,2180.0,2227.241469,1472.966314,2554.175996,810.807145,2601.135869,837.725207,3000.0,-398.864131,-4.78637,-3.868069,0.138434,1.337072,48.163265,0.587948,0.000166,28.707534,0.0,0.0,0.0,0.0,-0.206163,0.0,0.116973,48.095261,0.092062,1.2e-05,1.995068,1.0,0.0
1783460128.482895,219,1,2190.0,2213.594065,1427.447223,2526.933864,782.162862,2592.231628,832.168972,3000.0,-407.768372,-4.89322,-3.848478,0.135356,1.068503,48.15713,0.548166,0.000167,28.971515,0.0,0.0,0.0,0.0,-0.230669,0.0,0.115361,48.048258,0.0,1.2e-05,1.995068,1.0,0.0
1783460128.492895,220,1,2200.0,2230.150912,1459.685981,2534.2624,796.192353,2585.275321,828.57131,3000.0,-414.724679,-4.976696,-4.309587,0.131908,1.55962,48.198762,0.502097,0.000169,29.213519,0.0,0.0,0.0,0.0,0.247868,0.000248,-0.030747,47.968573,0.0,1.2e-05,1.995068,1.0,0.0
1783460128.502895,221,1,2210.0,2276.870799,1493.633642,2575.6457,811.022792,2584.119766,826.816458,3000.0,-415.880234,-4.990563,-3.857295,0.128822,0.871604,48.27104,0.521881,0.00017,29.465436,0.0,0.0,0.0,0.0,-0.084516,0.000163,-0.110139,47.997166,0.0,1.2e-05,1.995068,1.0,0.0
1783460128.512895,222,1,2220.0,2254.798411,1474.811717,2539.187399,797.195522,2578.727882,823.854365,3000.0,-421.272118,-5.055265,-4.314397,0.125371,1.244462,48.242839,0.547853,0.000171,29.729736,0.0,0.0,0.0,0.0,0.104601,0.000268,0.080654,47.951797,0.0,1.2e-05,1.995068,1.0,0.0
1783460128.522895,223,1,2230.0,2294.792047,1480.862264,2572.636824,796.876555,2577.996955,821.156584,3000.0,-422.003045,-5.064037,-3.589607,0.122499,1.225874,48.224177,0.576845,0.000173,30.007915,0.0,0.0,0.0,0.0,-0.064371,0.000204,0.076528,48.092688,0.043664,1.2e-05,2.016067,1.0,0.0
1783460128.532895,224,1,2240.0,2352.868417,1426.988977,2625.969216,764.45838,2583.753626,815.486763,3000.0,-416.246374,-4.994956,-4.370052,0.119003,1.058939,48.226657,0.529291,0.000175,30.263174,0.0,0.0,0.0,0.0,-0.092027,0.000112,0.088489,48.049238,0.016539,1.2e-05,2.024013,1.0,0.0
1783460128.542895,225,1,2250.0,2265.590052,1501.380398,2517.32228,800.736212,2575.781865,814.011708,3000.0,-424.218135,-5.090618,-3.837161,0.115933,1.173019,48.248422,0.621089,0.000176,30.56284,0.0,0.0,0.0,0.0,-0.137095,0.0,-0.029336,48.033353,0.021232,1.2e-05,2.034212,1.0,0.0
1783460128.552895,226,1,2260.0,2342.161873,1477.46748,2590.887028,784.496007,2577.594484,811.060138,3000.0,-422.405516,-5.068866,-4.813823,0.112082,0.929513,48.225529,0.570281,0.000178,30.837861,0.0,0.0,0.0,0.0,0.198066,0.000198,-0.145273,48.026695,0.0,1.2e-05,2.034212,1.0,0.0
1783460128.562895,227,1,2270.0,2301.033651,1566.298525,2534.17803,827.99922,2572.38451,812.754046,3000.0,-427.61549,-5.131386,-4.075757,0.108821,1.253017,48.37577,0.466649,0.000179,31.063606,0.0,0.0,0.0,0.0,-0.099198,9.9e-05,0.119121,47.934616,0.002959,1.2e-05,2.03563,1.0,0.0
1783460128.572895,228,1,2280.0,2355.78441,1529.920093,2583.096941,805.221102,2573.670002,812.000752,3000.0,-426.329998,-5.11596,-3.992392,0.105627,0.988534,48.296228,0.579208,0.000181,31.343341,0.0,0.0,0.0,0.0,-0.262751,0.0,-0.055024,47.97371,0.0,1.2e-05,2.03563,1.0,0.0
1783460128.582895,229,1,2290.0,2409.714915,1491.093002,2630.693138,781.358778,2580.512778,808.936555,3000.0,-419.487222,-5.033847,-4.266669,0.102214,0.951783,48.2281,0.622181,0.000183,31.643407,0.0,0.0,0.0,0.0,0.187072,0.000187,-0.129392,47.950515,0.025424,1.2e-05,2.047821,1.0,0.0
1783460128.592895,230,1,2300.0,2381.841583,1489.054811,2588.958242,776.898162,2581.526234,805.732715,3000.0,-418.473766,-5.021685,-4.548028,0.098576,0.90511,48.252793,0.471747,0.000184,31.871038,0.0,0.0,0.0,0.0,0.285094,0.000472,-0.005337,47.951741,0.027752,1.2e-05,2.061129,1.0,0.0
1783460128.602895,231,1,2310.0,2464.642993,1489.025812,2667.362547,773.519902,2591.826591,802.511434,3000.0,-408.173409,-4.898081,-4.867714,0.094682,1.005733,48.180725,0.621138,0.000186,32.170307,0.0,0.0,0.0,0.0,-0.346936,0.000125,-0.026216,48.073676,0.034849,1.2e-05,2.077881,1.0,0.0
1783460128.612895,232,1,2320.0,2428.471767,1494.102193,2616.88768,772.811479,2594.833922,799.541439,3000.0,-405.166078,-4.861993,-4.077582,0.091419,1.033615,48.323223,0.473826,0.000187,32.399275,0.0,0.0,0.0,0.0,-0.337492,0.0,0.078862,48.051827,0.0,1.2e-05,2.077881,1.0,0.0
1783460128.622895,233,1,2330.0,2495.091331,1530.434837,2677.136621,788.206783,2604.710246,798.407973,3000.0,-395.289754,-4.743477,-4.49305,0.087825,1.031404,48.191341,0.423615,0.000188,32.603421,0.0,0.0,0.0,0.0,-0.234724,0.0,0.026628,48.009324,0.0,1.2e-05,2.077881,1.0,0.0
1783460128.632895,234,1,2340.0,2465.097047,1536.296203,2633.650691,787.844207,2608.183099,797.351596,3000.0,-391.816901,-4.701803,-3.623294,0.084926,1.045233,48.138398,0.573133,0.00019,32.879318,0.0,0.0,0.0,0.0,0.443078,0.000443,0.126703,48.027205,0.026879,1.2e-05,2.090791,1.0,0.0
1783460128.642895,235,1,2350.0,2499.482866,1551.23748,2659.024326,792.121266,2614.284046,796.828563,3000.0,-385.715954,-4.628591,-4.36076,0.081438,1.036554,48.177406,0.509675,0.000191,33.124866,0.0,0.0,0.0,0.0,-0.088639,0.000354,0.061366,48.009129,0.0,1.2e-05,2.090791,1.0,0.0
1783460128.652894,236,1,2360.0,2574.956228,1511.697635,2727.707869,768.659814,2627.894905,794.011688,3000.0,-372.105095,-4.465261,-3.79394,0.078403,0.901726,48.286232,0.440485,0.000192,33.33756,0.0,0.0,1.0,0.0,0.067505,0.000422,0.042038,47.882694,0.0,1.2e-05,2.090791,1.0,0.0
1783460128.662894,237,1,2370.0,2577.201232,1598.314442,2718.566701,809.273135,2638.775521,795.537833,3000.0,-361.224479,-4.334694,-3.268155,0.075788,1.150248,48.238085,0.441524,0.000193,33.550542,0.0,0.0,1.0,0.0,-0.12495,0.000297,-0.034854,47.958478,0.0,1.2e-05,2.090791,1.0,0.0
1783460128.672895,238,1,2380.0,2593.306242,1548.573678,2724.061178,780.793451,2649.009799,794.063395,3000.0,-350.990201,-4.211882,-3.440456,0.073036,0.653819,48.270686,0.435385,0.000195,33.760705,0.0,0.0,1.0,0.0,0.111557,0.000409,-0.03708,47.974589,0.039294,1.2e-05,2.109642,1.0,0.0
1783460128.682895,239,1,2390.0,2620.678264,1652.98129,2741.295255,829.948765,2660.084054,797.651932,3000.0,-339.915946,-4.078991,-4.047832,0.069798,0.860273,48.193034,0.34496,0.000196,33.926952,0.0,0.0,1.0,0.0,-0.197498,0.000211,-0.038459,48.039142,0.0,1.2e-05,2.109642,1.0,0.0
1783460128.692895,240,1,2400.0,2672.300235,1540.222514,2783.646078,770.111257,2674.911497,794.897864,3000.0,-325.088503,-3.901062,-3.401634,0.067076,1.056205,48.272609,0.411889,0.000197,34.125781,0.0,0.0,1.0,0.0,0.157526,0.000369,0.046078,48.0314,0.056147,1.2e-05,2.13661,1.0,0.0
1783460128.702895,241,1,2410.0,2642.349552,1600.253386,2741.026507,796.806665,2682.845298,795.088745,3000.0,-317.154702,-3.805856,-2.802168,0.064834,0.949735,48.277503,0.485109,0.000198,34.35998,0.0,0.0,1.0,0.0,-0.125249,0.000243,-0.107978,48.063619,0.0,1.2e-05,2.13661,1.0,0.0
1783460128.712895,242,1,2420.0,2683.879732,1615.191555,2772.603028,800.921432,2693.616226,795.672013,3000.0,-306.383774,-3.676605,-3.230954,0.06225,0.959784,48.294193,0.392599,0.000199,34.549582,0.0,0.0,1.0,0.0,0.135217,0.000379,0.002609,48.051325,0.0,1.2e-05,2.13661,1.0,0.0
1783460128.722895,243,1,2430.0,2687.186888,1623.867364,2764.595564,801.90981,2702.133746,796.295793,3000.0,-297.866254,-3.574395,-3.137743,0.05974,0.64379,48.280757,0.279169,0.0002,34.684367,0.0,0.0,1.0,0.0,0.05434,0.000433,0.009943,48.002885,0.0,1.2e-05,2.13661,1.0,0.0
1783460128.732895,244,1,2440.0,2744.053869,1681.982562,2811.530603,827.204539,2715.261369,799.386668,3000.0,-284.738631,-3.416864,-2.530066,0.057715,0.896136,48.245818,0.205504,0.000201,34.783514,0.0,0.0,1.0,0.0,-0.116617,0.000316,-0.012054,48.065075,0.045438,1.2e-05,2.15845,1.0,0.0
1783460128.742895,245,1,2450.0,2788.107821,1617.654005,2845.007981,792.320329,2730.830963,798.680034,3000.0,-269.169037,-3.230028,-2.5844,0.055648,0.671347,48.237701,0.224321,0.000201,34.891721,0.0,0.0,1.0,0.0,0.115976,0.000432,-0.002387,48.040219,0.0,1.2e-05,2.15845,1.0,0.0
1783460128.752895,246,1,2460.0,2756.67187,1796.00938,2801.495803,876.102136,2739.310743,806.422244,3000.0,-260.689257,-3.128271,-3.005207,0.053244,0.731357,48.271809,0.234252,0.000202,35.004799,0.0,0.0,1.0,0.0,0.431902,0.000864,-0.00525,48.007474,0.072735,1.3e-05,2.193369,1.0,0.0
1783460128.762895,247,1,2470.0,2789.065784,1655.97475,2822.941077,804.522146,2749.346384,806.232234,3000.0,-250.653616,-3.007843,-2.639188,0.051132,0.455829,48.263748,0.338629,0.000203,35.168234,0.0,0.0,1.0,0.0,0.04583,0.00091,0.052466,48.043283,0.013548,1.3e-05,2.199878,1.0,0.0
1783460128.772895,248,1,2480.0,2827.886609,1732.243036,2850.692146,838.182114,2761.507875,809.427222,3000.0,-238.492125,-2.861906,-2.695094,0.048976,0.839073,48.240332,0.347375,0.000204,35.335809,0.0,0.0,1.0,0.0,0.456638,0.001367,-0.181184,47.990387,0.0,1.3e-05,2.199878,1.0,0.0
1783460128.782895,249,1,2490.0,2914.500178,1684.643527,2926.204998,811.876399,2781.27153,809.67214,3000.0,-218.72847,-2.624742,-0.787778,0.048346,0.348258,48.26747,0.23157,0.000204,35.447582,0.0,0.0,1.0,0.0,0.126273,0.001493,-0.045211,47.977448,0.0,1.3e-05,2.199878,1.0,0.0
1783460128.792895,250,1,2500.0,2876.298705,1656.824668,2876.298705,795.275841,2792.674791,808.23251,3000.0,-207.325209,-2.487903,-2.694915,0.04619,0.560369,48.243933,0.330957,0.000205,35.607249,0.0,0.0,1.0,0.0,-0.338282,0.001155,0.033681,48.016125,0.0,1.3e-05,2.199878,1.0,0.0
1783460128.802895,251,1,2510.0,2860.600228,1723.310679,2849.203415,823.893552,2799.458226,809.798614,3000.0,-200.541774,-2.406501,-1.531338,0.044965,0.473367,48.29236,0.218745,0.000206,35.712886,0.0,0.0,1.0,0.0,0.431199,0.001586,0.002144,47.991223,0.0,1.3e-05,2.199878,1.0,0.0
1783460128.812895,252,1,2520.0,2853.603022,1754.095649,2830.955379,835.283642,2803.237884,812.347117,3000.0,-196.762116,-2.361145,-2.049864,0.043325,0.561643,48.215748,0.224079,0.000207,35.820928,0.0,0.0,1.0,0.0,-0.155924,0.00143,0.023616,47.989092,0.074586,1.3e-05,2.235671,1.0,0.0
1783460128.822895,253,1,2530.0,2893.485722,1795.607573,2859.175615,851.671576,2809.950412,816.279563,3000.0,-190.049588,-2.280595,-2.397334,0.041407,0.431931,48.207878,0.32883,0.000207,35.97945,0.0,0.0,1.0,0.0,0.109247,0.001539,0.010974,48.011723,0.0,1.3e-05,2.235671,1.0,0.0
1783460128.832895,254,1,2540.0,2980.462663,1819.595879,2933.526243,859.651596,2824.779512,820.616766,3000.0,-175.220488,-2.102646,-1.741319,0.040014,0.464571,48.282378,0.196244,0.000208,36.074201,0.0,0.0,1.0,0.0,-0.050044,0.001489,-0.039424,47.982705,0.0,1.3e-05,2.235671,1.0,0.0
1783460128.842895,255,1,2550.0,2968.198947,1767.612523,2909.998967,831.817658,2835.005846,821.736855,3000.0,-164.994154,-1.97993,-1.837725,0.038544,0.341561,48.174902,0.322808,0.000209,36.229713,0.0,0.0,1.0,0.0,0.127149,0.001616,0.06932,47.973505,0.058288,1.3e-05,2.263634,1.0,0.0
1783460128.852895,256,1,2560.0,2957.818401,1849.444063,2888.494532,866.926905,2841.424489,826.25586,3000.0,-158.575511,-1.902906,-1.56707,0.03729,0.41194,48.223425,0.19649,0.000209,36.324467,0.0,0.0,1.0,0.0,0.056246,0.001672,0.119416,48.076986,0.003598,1.3e-05,2.265363,1.0,0.0
1783460128.862895,257,1,2570.0,3005.916825,1702.337543,2924.043604,794.865779,2851.338782,823.116852,3000.0,-148.661218,-1.783935,-1.697973,0.035932,0.429922,48.294114,0.212242,0.00021,36.426968,0.0,0.0,1.0,0.0,-0.014013,0.001658,-0.03692,47.960012,0.076078,1.3e-05,2.30185,1.0,0.0
1783460128.872895,258,1,2580.0,3011.083891,1871.071293,2917.716949,870.265718,2859.304162,827.831739,3000.0,-140.695838,-1.68835,-1.379144,0.034829,0.291267,48.277419,0.166865,0.000211,36.507526,0.0,0.0,1.0,0.0,-0.032019,0.001626,-0.001989,47.968352,0.0,1.3e-05,2.30185,1.0,0.0
1783460128.882895,259,1,2590.0,2969.399235,1779.881792,2866.215478,824.655656,2860.13352,827.51413,3000.0,-139.86648,-1.678398,-1.077161,0.033967,0.49503,48.211123,0.021645,0.000211,36.517961,0.0,0.0,1.0,0.0,0.098395,0.001725,0.019075,48.001025,0.0,1.3e-05,2.30185,1.0,0.0
1783460128.892895,260,1,2600.0,2915.276152,1913.56073,2803.150146,883.181875,2853.295515,833.080905,3000.0,-146.704485,-1.760454,-1.551776,0.032726,0.46296,48.245969,0.209129,0.000211,36.618857,0.0,0.0,1.0,0.0,-0.319566,0.001405,-0.035657,47.932232,0.0,1.3e-05,2.30185,1.0,0.0
1783460128.902894,261,1,2610.0,2965.43871,1789.020077,2840.458535,822.537967,2851.755078,832.026611,3000.0,-148.244922,-1.778939,-1.68933,0.031374,0.284733,48.190092,0.167267,0.000212,36.699463,0.0,0.0,1.0,0.0,-0.002835,0.001402,-0.066958,48.100599,0.028728,1.3e-05,2.315669,1.0,0.0
1783460128.912894,262,1,2620.0,3038.252089,1859.583663,2899.095505,851.717708,2857.435929,833.995721,3000.0,-142.564071,-1.710769,-0.956031,0.030609,0.491205,48.198364,0.1165,0.000212,36.755615,0.0,0.0,1.0,0.0,0.728806,0.002131,-0.032897,48.024343,0.0,1.3e-05,2.315669,1.0,0.0
1783460128.922895,263,1,2630.0,3033.120285,1845.776859,2883.194187,842.179555,2860.52692,834.814104,3000.0,-139.47308,-1.673677,-1.875061,0.029109,0.53836,48.259093,0.0,0.000212,36.755615,0.0,0.0,1.0,0.0,0.005854,0.002137,-0.014557,48.035533,0.012842,1.3e-05,2.321838,1.0,0.0
1783460128.932895,264,1,2640.0,3020.332287,1900.759467,2860.163151,863.981576,2860.483268,837.730851,3000.0,-139.516732,-1.674201,-1.22761,0.028127,0.195431,48.208288,0.099235,0.000212,36.803454,0.0,0.0,1.0,0.0,-0.33529,0.001802,0.06306,48.053879,0.02456,1.4e-05,2.33364,1.0,0.0
1783460128.942895,265,1,2650.0,2990.481416,1887.964918,2821.208883,854.92751,2855.770341,839.450517,3000.0,-144.229659,-1.730756,-1.639157,0.026816,0.547701,48.275222,0.312188,0.000213,36.954164,0.0,0.0,1.0,0.0,-0.242394,0.001559,-0.018051,47.936966,0.0,1.4e-05,2.33364,1.0,0.0
1783460128.952895,266,1,2660.0,3012.185134,1907.658887,2831.001066,860.597994,2852.798028,841.565265,3000.0,-147.201972,-1.766424,-1.704876,0.025452,0.158405,48.258576,0.153933,0.000214,37.02845,0.0,0.0,1.0,0.0,0.228716,0.001788,0.04404,47.934413,0.015828,1.4e-05,2.341227,1.0,0.0
1783460128.962895,267,1,2670.0,3000.991897,1993.868769,2809.917506,896.120795,2847.652366,847.020818,3000.0,-152.347634,-1.828172,-1.513895,0.024241,0.326671,48.228248,0.062745,0.000214,37.058711,0.0,0.0,1.0,0.0,0.318614,0.002107,0.169548,47.91351,0.0,1.4e-05,2.341227,1.0,0.0
1783460128.972895,268,1,2680.0,3025.029635,1919.725688,2821.856002,859.578666,2844.556802,848.276603,3000.0,-155.443198,-1.865318,-0.920793,0.023504,0.597486,48.236136,0.352234,0.000215,37.228615,0.0,0.0,1.0,0.0,0.008193,0.002115,-0.019352,48.01399,0.0,1.4e-05,2.341227,1.0,0.0
1783460128.982895,269,1,2690.0,3090.226568,1979.292964,2871.957777,882.955969,2847.844919,851.744539,3000.0,-152.155081,-1.825861,-1.674679,0.022164,0.373862,48.202832,0.203587,0.000215,37.326749,0.0,0.0,1.0,0.0,-0.323409,0.001792,0.000254,47.97414,0.022682,1.4e-05,2.352108,1.0,0.0
1783460128.992895,270,1,2700.0,3081.922995,1996.740454,2853.632403,887.440202,2848.539417,855.314106,3000.0,-151.460583,-1.817527,-1.551657,0.020923,0.293412,48.233046,0.180422,0.000216,37.413773,0.0,0.0,1.0,0.0,0.12198,0.001914,-0.045454,47.951636,0.006937,1.4e-05,2.355435,1.0,0.0
1783460129.002895,271,1,2710.0,3101.90418,2051.090672,2861.535222,908.232032,2850.098914,860.605898,3000.0,-149.901086,-1.798813,-1.078427,0.02006,0.247199,48.318257,0.112228,0.000216,37.467999,0.0,0.0,1.0,0.0,-0.192643,0.001721,0.034209,47.930984,0.032067,1.4e-05,2.370805,1.0,0.0
1783460129.012895,272,1,2720.0,3057.106385,2001.023764,2809.840427,882.804602,2845.267895,862.825769,3000.0,-154.732105,-1.856785,-1.934278,0.018513,0.535457,48.273272,0.156612,0.000216,37.543601,1.0,0.0,1.0,0.0,0.23632,0.001957,-0.212823,48.018116,0.0,1.4e-05,2.370805,1.0,0.0
1783460129.022895,273,1,2730.0,3038.647426,2001.399547,2782.644163,879.736065,2837.753047,864.516798,3000.0,-162.246953,-1.946963,-1.34661,0.017436,0.317788,48.241418,0.191383,0.000217,37.635927,1.0,0.0,1.0,0.0,0.098223,0.002055,0.098142,47.976803,0.052677,1.4e-05,2.396077,1.0,0.0
1783460129.032895,274,1,2740.0,3030.088308,2015.551719,2764.679113,882.723381,2828.984175,866.337456,3000.0,-171.015825,-2.05219,-2.5426,0.015402,0.462248,48.283276,0.367057,0.000218,37.813154,1.0,0.0,1.0,0.0,0.012339,0.002068,-0.059865,48.051325,0.001646,1.4e-05,2.396868,1.0,0.0
1783460129.042895,275,1,2750.0,3096.296681,2049.70929,2814.815165,894.418599,2827.283894,869.145571,3000.0,-172.716106,-2.072593,-1.153151,0.014479,0.196151,48.2495,0.205948,0.000219,37.912523,1.0,0.0,1.0,0.0,-0.267392,0.0018,-0.129912,47.996658,0.0,1.4e-05,2.396868,1.0,0.0
1783460129.052895,276,1,2760.0,3078.29822,2014.537814,2788.313605,875.886006,2822.607459,869.819614,3000.0,-177.392541,-2.12871,-1.921055,0.012942,0.470956,48.325511,0.210461,0.000219,38.014229,1.0,0.0,1.0,0.0,0.470093,0.00227,0.099528,48.048379,0.0,1.4e-05,2.396868,1.0,0.0
1783460129.062895,277,1,2770.0,3110.185224,1990.009933,2807.026376,862.098166,2820.737729,869.047469,3000.0,-179.262271,-2.151147,-1.556003,0.011697,0.463193,48.268496,0.239317,0.00022,38.129743,1.0,0.0,1.0,0.0,0.041962,0.002312,-0.028553,47.95135,0.0,1.4e-05,2.396868,1.0,0.0
1783460129.072895,278,1,2780.0,3166.255037,2029.056901,2847.351652,875.8519,2823.9314,869.727913,3000.0,-176.0686,-2.112823,-1.762527,0.010287,0.594993,48.27052,0.093298,0.00022,38.174779,1.0,0.0,1.0,0.0,-0.020103,0.002292,-0.069704,47.997291,0.015611,1.4e-05,2.404361,1.0,0.0
1783460129.082895,279,1,2790.0,3176.642606,2112.86529,2846.453948,908.759264,2826.634106,873.631048,3000.0,-173.365894,-2.080391,-1.956329,0.008722,0.413444,48.274563,0.284998,0.000221,38.31236,1.0,0.0,1.0,0.0,-0.257856,0.002034,0.054937,48.033274,0.0,1.4e-05,2.404361,1.0,0.0
1783460129.092895,280,1,2800.0,3165.715387,2081.045599,2826.531595,891.876685,2826.621805,875.455611,3000.0,-173.378195,-2.080538,-1.492456,0.007528,0.517824,48.208982,0.07027,0.000221,38.346236,1.0,0.0,1.0,0.0,-0.023501,0.002011,-0.021688,48.022907,0.0,1.4e-05,2.404361,1.0,0.0
1783460129.102895,281,1,2810.0,3223.313473,2074.28826,2867.716613,885.81705,2831.553182,876.491755,3000.0,-168.446818,-2.021362,-2.027581,0.005906,0.586454,48.228127,0.146419,0.000222,38.416851,1.0,0.0,1.0,0.0,0.062717,0.002074,-0.001177,47.954747,0.024806,1.4e-05,2.416257,1.0,0.0
1783460129.112895,282,1,2820.0,3221.206533,2031.429317,2855.67955,864.438007,2834.448346,875.286381,3000.0,-165.551654,-1.98662,-2.506011,0.003902,0.501019,48.249915,0.208213,0.000222,38.517314,1.0,0.0,1.0,0.0,0.344206,0.002418,-0.199249,48.06346,0.054552,1.4e-05,2.442476,1.0,0.0
1783460129.122895,283,1,2830.0,3207.550003,2112.804347,2833.524738,895.888769,2834.337513,877.346619,3000.0,-165.662487,-1.98795,-2.036099,0.002273,0.280973,48.239575,0.345007,0.000223,38.683744,1.0,0.0,1.0,0.0,0.090417,0.002508,0.003988,48.044284,0.0,1.4e-05,2.442476,1.0,0.0
1783460129.132895,284,1,2840.0,3332.281623,2142.644282,2933.346499,905.342654,2846.218591,880.146223,3000.0,-153.781409,-1.845377,-1.298604,0.001234,0.287743,48.297918,0.208113,0.000224,38.784258,1.0,0.0,1.0,0.0,0.160916,0.002669,0.090925,48.021822,0.0,1.4e-05,2.442476,1.0,0.0
1783460129.142895,285,1,2850.0,3360.051976,2093.479566,2947.414014,881.465081,2858.362042,880.278109,3000.0,-141.637958,-1.699655,-1.231639,0.000248,0.466188,48.259566,0.229801,0.000224,38.895159,1.0,0.0,1.0,0.0,0.049365,0.002719,-0.014207,47.972491,0.0,1.4e-05,2.442476,1.0,0.0
1783460129.152894,286,1,2860.0,3318.309428,2129.620188,2900.62013,893.546932,2863.433012,881.604991,3000.0,-136.566988,-1.638804,-1.512266,-0.000961,0.343875,48.238579,0.20659,0.000225,38.994815,1.0,0.0,0.0,0.0,0.162245,0.002881,0.157956,47.930347,0.0,1.4e-05,2.442476,1.0,0.0
1783460129.162894,287,1,2870.0,3383.450849,2020.118284,2947.256837,844.64876,2873.491871,877.909368,3000.0,-126.508129,-1.518098,-0.37417,-0.001261,0.316565,48.203575,0.22947,0.000225,39.105428,1.0,0.0,0.0,0.0,-0.549502,0.002331,0.016979,47.950425,0.0,1.4e-05,2.442476,1.0,0.0
1783460129.172895,288,1,2880.0,3407.300236,2132.277286,2957.725899,888.448869,2883.599955,878.963318,3000.0,-116.400045,-1.396801,-0.939713,-0.002012,0.620254,48.246007,0.112326,0.000226,39.159621,1.0,0.0,0.0,0.0,0.30653,0.002638,-0.005224,48.020911,0.0,1.4e-05,2.442476,1.0,0.0
1783460129.182895,289,1,2890.0,3443.438757,2100.095434,2978.75325,872.011945,2895.01835,878.268181,3000.0,-104.98165,-1.25978,-1.25047,-0.003013,0.1787,48.287689,0.0,0.000226,39.159621,1.0,0.0,0.0,0.0,0.787291,0.003425,0.09233,48.01849,0.076015,1.4e-05,2.478977,1.0,0.0
1783460129.192895,290,1,2900.0,3470.090512,2069.655018,2991.457338,856.408973,2906.591029,876.08226,3000.0,-93.408971,-1.120908,-0.405604,-0.003337,0.001194,48.272149,0.207939,0.000226,39.259997,1.0,0.0,0.0,0.0,0.133741,0.003559,-0.116096,48.010256,0.0,1.4e-05,2.478977,1.0,0.0
1783460129.202895,291,1,2910.0,3463.351771,2012.904815,2975.388119,830.063841,2914.84668,871.480418,3000.0,-85.15332,-1.02184,-1.430658,-0.004482,0.149695,48.298028,0.322436,0.000227,39.415728,1.0,0.0,0.0,0.0,0.214197,0.003773,-0.063061,47.978948,0.043287,1.4e-05,2.499746,1.0,0.0
1783460129.212895,292,1,2920.0,3553.98664,2136.20341,3042.796781,877.891813,2930.200692,872.121558,3000.0,-69.799308,-0.837592,-0.567779,-0.004936,0.364164,48.353143,0.084527,0.000227,39.456599,1.0,0.0,0.0,0.0,0.039695,0.003813,0.040354,47.976892,0.0,1.4e-05,2.499746,1.0,0.0
1783460129.222895,293,1,2930.0,3584.944922,2092.156605,3058.826725,856.855947,2945.635816,870.594997,3000.0,-54.364184,-0.65237,0.123358,-0.004837,0.170886,48.315802,0.0,0.000227,39.456599,1.0,0.0,0.0,0.0,0.282798,0.004096,-0.13053,48.046883,0.0,1.4e-05,2.499746,1.0,0.0
1783460129.232895,294,1,2940.0,3639.395658,2114.014365,3094.724199,862.863006,2963.526422,869.821797,3000.0,-36.473578,-0.437683,-0.017668,-0.004852,0.171685,48.259665,0.079183,0.000228,39.494813,1.0,0.0,0.0,0.0,0.420109,0.004516,-0.044904,48.070171,0.0,1.4e-05,2.499746,1.0,0.0
1783460129.242895,295,1,2950.0,3686.9239,2238.879344,3124.51178,910.730581,2982.844665,873.912676,3000.0,-17.155335,-0.205864,-0.567969,-0.005306,-0.278115,48.24826,0.0,0.000228,39.494813,1.0,0.0,0.0,0.0,-0.13162,0.004384,-0.026341,47.973311,0.05724,1.5e-05,2.527206,1.0,0.0
1783460129.252895,296,1,2960.0,3719.948839,2192.516362,3141.848681,888.857984,3001.925147,875.407207,3000.0,1.925147,0.023102,1.175011,-0.004366,-0.110533,48.114791,0.164194,0.000228,39.573814,1.0,0.0,0.0,0.0,0.062618,0.004447,-0.004455,47.909854,0.0,1.5e-05,2.527206,1.0,0.0
1783460129.262895,297,1,2970.0,3738.109546,2140.582516,3146.556857,864.881825,3019.280952,874.354668,3000.0,19.280952,0.231371,-0.886711,-0.005075,-0.09017,48.291635,0.125431,0.000229,39.634387,1.0,0.0,0.0,0.0,0.053539,0.0045,0.22672,48.051336,0.072411,1.5e-05,2.562001,1.0,0.0
1783460129.272895,298,1,2980.0,3800.608258,2190.260455,3188.429746,881.984076,3039.578807,875.117609,3000.0,39.578807,0.474946,-0.280145,-0.005299,-0.135566,48.201649,0.068163,0.000229,39.667243,1.0,0.0,0.0,0.0,0.00027,0.0045,0.029976,47.999,0.01911,1.5e-05,2.571173,1.0,0.0
1783460129.282895,299,1,2990.0,3821.407315,2159.877279,3195.156618,866.84038,3058.248145,874.289886,3000.0,58.248145,0.698978,0.429169,-0.004956,-0.239419,48.281856,0.008031,0.000229,39.67112,1.0,0.0,0.0,0.0,-0.227286,0.004273,0.069415,48.045922,0.027199,1.5e-05,2.584241,1.0,0.0
1783460129.292895,300,1,3000.0,3854.454526,2117.010567,3212.045438,846.804227,3076.70382,871.54132,3000.0,76.70382,0.920446,0.640167,-0.004444,0.119997,48.324256,0.161149,0.000229,39.748994,1.0,0.0,0.0,10.0,9.939015,0.014212,1.267316,48.018735,0.595303,1.7e-05,2.870098,1.0,0.0
1783460129.302895,301,1,3010.0,3867.576097,2211.708531,3212.272506,881.744265,3092.972062,872.561615,3000.0,92.972062,1.115665,0.843769,-0.003769,0.057873,48.255003,0.090442,0.000229,39.792637,1.0,0.0,0.0,10.0,9.713662,0.023926,1.138542,47.987527,0.601087,1.8e-05,3.158545,1.0,0.0
1783460129.312895,302,1,3020.0,3904.085723,2171.110952,3231.859042,862.693094,3109.6385,871.574763,3000.0,109.6385,1.315662,1.303796,-0.002726,0.23344,48.264058,0.163812,0.00023,39.871699,1.0,0.0,0.0,10.0,10.142293,0.034068,1.314972,47.985858,0.53627,2e-05,3.415878,0.0,0.0
1783460129.322895,303,1,3030.0,3908.291625,2225.356654,3224.663057,881.329368,3123.441447,872.550223,3000.0,123.441447,1.481297,1.227133,-0.001744,0.373603,48.150133,0.081398,0.00023,39.910892,1.0,0.0,0.0,10.0,10.134679,0.044203,1.262223,47.962479,0.61468,2.1e-05,3.710694,0.0,0.0
1783460129.332895,304,1,3040.0,3911.285406,2144.276944,3216.517603,846.425109,3134.610585,869.937712,3000.0,134.610585,1.615327,1.360073,-0.000656,0.387927,48.255567,0.219936,0.000231,40.017024,1.0,0.0,0.0,10.0,10.419279,0.054622,1.2759,47.981958,0.637588,2.3e-05,4.016621,0.0,0.0
1783460129.342895,305,1,3050.0,3907.41291,2210.150628,3202.797467,869.56746,3142.793011,869.900687,3000.0,142.793011,1.713516,1.931822,0.000889,0.478848,48.276632,0.324155,0.000232,40.173515,1.0,0.0,1.0,10.0,9.814814,0.064437,1.263582,47.995333,0.644587,2.5e-05,4.325993,0.0,0.0
1783460129.352895,306,1,3060.0,4002.125092,2250.636548,3269.710043,882.602568,3158.023055,871.170875,3000.0,158.023055,1.896277,2.328332,0.002752,0.511818,48.224193,0.160214,0.000232,40.250777,1.0,0.0,1.0,10.0,9.826491,0.074263,1.283049,48.065616,0.590227,2.7e-05,4.609689,0.0,0.0
1783460129.362895,307,1,3070.0,3944.727934,2195.26255,3212.319165,858.083081,3164.538588,869.862095,3000.0,164.538588,1.974463,1.836054,0.004221,0.292364,48.136213,0.161892,0.000233,40.328705,1.0,0.0,1.0,10.0,9.489953,0.083753,1.226035,47.979946,0.602411,2.8e-05,4.898725,0.0,0.0
1783460129.372895,308,1,3080.0,4102.147763,2192.707827,3329.665392,854.301751,3184.353805,868.306061,3000.0,184.353805,2.212246,0.74009,0.004813,0.48244,48.25703,0.106861,0.000233,40.380273,1.0,0.0,1.0,10.0,9.907885,0.093661,1.172224,48.001391,0.57538,3e-05,5.174916,0.0,0.0
1783460129.382895,309,1,3090.0,4183.485233,2233.247797,3384.69679,867.280698,3208.394963,868.203525,3000.0,208.394963,2.50074,2.143868,0.006528,0.47745,48.100862,0.360546,0.000234,40.553699,1.0,0.0,1.0,10.0,9.2108,0.102872,1.308545,47.933929,0.545643,3.1e-05,5.436464,0.0,0.0
1783460129.392895,310,1,3100.0,4083.82441,2358.833423,3293.406783,913.096809,3218.596381,872.692853,3000.0,218.596381,2.623157,2.31079,0.008377,0.548406,48.194057,0.314374,0.000235,40.705208,1.0,0.0,1.0,10.0,9.907477,0.11278,1.257104,47.901826,0.621138,3.3e-05,5.734,0.0,0.0
1783460129.402894,311,1,3110.0,4120.933436,2205.147346,3312.647457,850.860712,3229.88251,870.509639,3000.0,229.88251,2.75859,1.745727,0.009773,0.584783,48.207536,0.299061,0.000236,40.849378,1.0,0.0,1.0,10.0,9.64133,0.122421,1.129235,48.1057,0.566305,3.5e-05,6.006425,0.0,0.0
1783460129.412894,312,1,3120.0,4105.274953,2272.767921,3289.483135,874.141508,3237.034585,870.872826,3000.0,237.034585,2.844415,2.193176,0.011528,0.806806,48.202661,0.352836,0.000236,41.019455,1.0,0.0,1.0,10.0,9.786137,0.132207,1.261846,47.989296,0.59301,3.6e-05,6.291006,0.0,0.0
1783460129.422895,313,1,3130.0,4135.095638,2319.924358,3302.792043,889.427869,3244.92548,872.72833,3000.0,244.92548,2.939106,1.813335,0.012978,0.501036,48.332529,0.33443,0.000237,41.181093,1.0,0.0,1.0,10.0,9.90978,0.142117,1.251367,47.996993,0.509944,3.8e-05,6.535764,0.0,0.0
1783460129.432895,314,1,3140.0,4159.50469,2301.970464,3311.707555,879.733935,3252.939329,873.428891,3000.0,252.939329,3.035272,2.66349,0.015109,0.551551,48.219035,0.394897,0.000239,41.371509,1.0,0.0,1.0,10.0,9.962289,0.152079,1.165683,48.018253,0.584233,3.9e-05,6.816303,0.0,0.0
1783460129.442895,315,1,3150.0,4211.349387,2313.671726,3342.340784,881.398753,3263.667504,874.225877,3000.0,263.667504,3.16401,2.776174,0.01733,0.590463,48.167049,0.373946,0.00024,41.551627,1.0,0.0,1.0,10.0,10.065498,0.162145,1.250995,48.036834,0.54123,4.1e-05,7.076292,0.0,0.0
1783460129.452895,316,1,3160.0,4179.896873,2241.630963,3306.880437,851.252264,3268.853056,871.928516,3000.0,268.853056,3.226237,2.905194,0.019654,0.546928,48.252176,0.3807,0.000241,41.735323,1.0,0.0,1.0,10.0,9.865134,0.17201,1.198156,48.061116,0.533844,4.2e-05,7.332864,0.0,0.0
1783460129.462895,317,1,3170.0,4212.102709,2357.702939,3321.847563,892.505844,3275.212397,873.986249,3000.0,275.212397,3.302549,3.182163,0.0222,0.478777,48.22835,0.418591,0.000242,41.937203,0.0,0.0,1.0,10.0,10.339791,0.18235,1.13846,47.986023,0.673656,4.4e-05,7.656125,0.0,0.0
1783460129.472895,318,1,3180.0,4127.987781,2365.828441,3245.273413,892.765449,3271.619719,875.864169,3000.0,271.619719,3.259437,2.761451,0.024409,0.743315,48.180814,0.403101,0.000243,42.13142,0.0,0.0,1.0,10.0,10.222133,0.192572,1.345291,47.960352,0.580732,4.6e-05,7.934646,0.0,0.0
1783460129.482895,319,1,3190.0,4246.683813,2471.368075,3328.12211,929.668241,3278.400006,881.244576,3000.0,278.400006,3.3408,2.734469,0.026597,0.505772,48.216067,0.411257,0.000244,42.329712,0.0,0.0,1.0,10.0,10.169525,0.202741,1.289036,48.096246,0.582747,4.8e-05,8.214926,0.0,0.0
1783460129.492895,320,1,3200.0,4162.702181,2343.811503,3252.111079,878.929314,3275.245334,881.01305,3000.0,275.245334,3.302944,2.647023,0.028714,0.879509,48.312566,0.347796,0.000245,42.497741,0.0,0.0,1.0,10.0,10.003683,0.212745,1.189369,48.061319,0.56952,4.9e-05,8.488644,0.0,0.0
1783460129.502895,321,1,3210.0,4203.173531,2415.377348,3273.499635,902.944803,3275.03585,883.206225,3000.0,275.03585,3.30043,2.692772,0.030869,0.997327,48.180935,0.526465,0.000246,42.751397,0.0,0.0,1.0,10.0,9.836174,0.222581,1.134361,47.966957,0.625949,5.1e-05,8.788893,0.0,0.0
1783460129.512895,322,1,3220.0,4211.246581,2491.326044,3269.601382,928.444488,3274.383714,887.730051,3000.0,274.383714,3.292605,2.288103,0.032699,0.473391,48.206305,0.351642,0.000247,42.920911,0.0,0.0,1.0,10.0,9.632561,0.232214,1.191479,48.026779,0.567734,5.2e-05,9.061557,0.0,0.0
1783460129.522895,323,1,3230.0,4178.112704,2402.659117,3233.833362,892.628774,3269.517672,888.219924,3000.0,269.517672,3.234212,2.580327,0.034763,0.779976,48.361538,0.416638,0.000249,43.122404,0.0,0.0,1.0,10.0,9.684573,0.241898,1.077056,47.994486,0.66288,5.4e-05,9.379703,0.0,0.0
1783460129.532895,324,1,3240.0,4248.352668,2449.097931,3278.049899,907.073308,3270.541539,890.105262,3000.0,270.541539,3.246498,3.162949,0.037294,0.920832,48.296547,0.239337,0.000249,43.237995,0.0,0.0,1.0,10.0,10.109355,0.252008,1.097506,47.959727,0.548856,5.6e-05,9.642933,0.0,0.0
1783460129.542895,325,1,3250.0,4209.662096,2424.153721,3238.201612,895.072143,3266.660748,890.60195,3000.0,266.660748,3.199929,3.011404,0.039703,0.702136,48.179529,0.358828,0.00025,43.410877,0.0,0.0,1.0,10.0,10.382687,0.26239,1.227631,47.970817,0.588646,5.7e-05,9.925311,0.0,0.0
1783460129.552895,326,1,3260.0,4219.914696,2479.684934,3236.130902,912.767461,3262.997166,892.818501,3000.0,262.997166,3.155966,1.732028,0.041089,0.637538,48.28417,0.249417,0.000251,43.531306,0.0,0.0,1.0,10.0,9.517416,0.271908,1.192897,48.05514,0.531103,5.9e-05,10.180533,0.0,0.0
1783460129.562895,327,1,3270.0,4236.686836,2554.366551,3239.057214,937.382221,3260.124372,897.274873,3000.0,260.124372,3.121492,2.828052,0.043351,0.770293,48.251715,0.185434,0.000251,43.620781,0.0,0.0,1.0,10.0,10.154015,0.282062,1.310201,47.988917,0.614857,6.1e-05,10.475596,0.0,0.0
1783460129.572895,328,1,3280.0,4185.141322,2618.816436,3189.8943,958.103574,3251.696764,903.357743,3000.0,251.696764,3.020361,2.167506,0.045085,0.911902,48.201576,0.356257,0.000252,43.792502,0.0,0.0,1.0,10.0,9.866645,0.291928,1.35022,47.901393,0.614773,6.2e-05,10.770081,0.0,0.0
1783460129.582895,329,1,3290.0,4140.273005,2516.071495,3146.104107,917.716047,3239.025645,904.793574,3000.0,239.025645,2.868308,3.298009,0.047723,0.767231,48.119302,0.286348,0.000253,43.930291,0.0,0.0,1.0,10.0,9.845083,0.301773,1.245584,48.09252,0.626156,6.4e-05,11.071215,0.0,0.0
1783460129.592895,330,1,3300.0,4261.224214,2621.746816,3228.200162,953.362479,3237.726587,909.650464,3000.0,237.726587,2.852719,1.792975,0.049158,0.732768,48.265131,0.236283,0.000254,44.044334,0.0,0.0,1.0,10.0,9.839379,0.311613,1.315998,48.010456,0.554507,6.6e-05,11.337436,0.0,0.0
1783460129.602895,331,1,3310.0,4227.503935,2595.168754,3192.978803,940.846678,3232.356853,912.770086,3000.0,232.356853,2.788282,2.254135,0.050961,0.602515,48.205852,0.412743,0.000255,44.2433,0.0,0.0,1.0,10.0,10.20807,0.321821,1.318639,47.915267,0.604446,6.7e-05,11.627058,0.0,0.0
1783460129.612895,332,1,3320.0,4308.842935,2675.468731,3244.610644,967.036891,3233.827308,918.196766,3000.0,233.827308,2.805928,1.961187,0.05253,0.50391,48.265547,0.263592,0.000256,44.370524,0.0,0.0,1.0,10.0,10.162075,0.331983,1.212529,47.994118,0.604819,6.9e-05,11.917336,0.0,0.0
1783460129.622895,333,1,3330.0,4223.852606,2745.906556,3171.060515,989.515876,3226.295293,925.328677,3000.0,226.295293,2.715544,2.500836,0.054531,0.80732,48.190308,0.228311,0.000256,44.480548,0.0,0.0,1.0,10.0,9.920189,0.341903,1.131073,48.033908,0.6285,7.1e-05,12.219229,0.0,0.0
1783460129.632895,334,1,3340.0,4248.15073,2666.593944,3179.75354,958.057704,3220.710282,928.60158,3000.0,220.710282,2.648523,2.36009,0.056419,0.469787,48.195514,0.389691,0.000258,44.668362,0.0,0.0,1.0,10.0,9.813356,0.351716,1.158654,48.125237,0.514945,7.2e-05,12.467048,0.0,0.0
1783460129.642895,335,1,3350.0,4227.645285,2794.643874,3154.959168,1001.066462,3212.820149,935.848068,3000.0,212.820149,2.553842,1.889376,0.05793,0.63682,48.321168,0.198021,0.000258,44.764048,0.0,0.0,1.0,10.0,9.852123,0.361569,1.232863,47.996209,0.579003,7.4e-05,12.744947,0.0,0.0
1783460129.652894,336,1,3360.0,4289.486692,2659.111609,3191.58236,949.682718,3210.271614,937.231533,3000.0,210.271614,2.523259,2.301935,0.059772,0.680291,48.206309,0.234421,0.000259,44.877054,0.0,0.0,1.0,10.0,10.137196,0.371706,1.156941,47.984593,0.597267,7.5e-05,13.031543,0.0,0.0
1783460129.662894,337,1,3370.0,4379.35979,2745.236234,3248.783227,977.53219,3214.893008,941.261599,3000.0,214.893008,2.578716,2.057683,0.061418,0.542695,48.19438,0.180678,0.000259,44.96413,0.0,0.0,1.0,10.0,9.770222,0.381476,1.268828,47.971545,0.603694,7.7e-05,13.321144,0.0,0.0
1783460129.672895,338,1,3380.0,4303.159829,2701.985308,3182.810525,959.284725,3211.04311,943.063911,3000.0,211.04311,2.532517,1.844288,0.062893,0.766695,48.19202,0.199142,0.00026,45.060101,0.0,0.0,1.0,10.0,9.893031,0.391369,1.173229,48.011425,0.583534,7.9e-05,13.601307,0.0,0.0
1783460129.682895,339,1,3390.0,4338.513963,2765.80103,3199.494073,979.044612,3209.657225,946.661981,3000.0,209.657225,2.515887,2.241778,0.064687,0.600184,48.222504,0.302239,0.000261,45.205848,0.0,0.0,1.0,10.0,9.975188,0.401344,1.297036,48.02331,0.659513,8.1e-05,13.918027,0.0,0.0
1783460129.692895,340,1,3400.0,4358.470066,2825.920403,3204.757401,997.383672,3209.069246,951.73415,3000.0,209.069246,2.508831,1.716151,0.06606,0.554287,48.251983,0.221643,0.000261,45.312795,0.0,0.0,1.0,10.0,10.373044,0.411717,1.202054,48.079159,0.558048,8.2e-05,14.186332,0.0,0.0
1783460129.702895,341,1,3410.0,4369.820418,2807.712962,3203.680658,988.051482,3208.422616,955.365884,3000.0,208.422616,2.501071,2.556194,0.068105,0.646551,48.206415,0.213643,0.000262,45.415785,0.0,0.0,1.0,10.0,9.993291,0.421711,1.257967,48.041787,0.597615,8.4e-05,14.473437,0.0,0.0
1783460129.712895,342,1,3420.0,4384.024848,2859.138356,3204.696526,1003.206441,3207.975485,960.149939,3000.0,207.975485,2.495706,2.111115,0.069794,0.586936,48.186707,0.388808,0.000263,45.603139,0.0,0.0,1.0,10.0,9.842802,0.431553,1.320998,48.069683,0.637885,8.6e-05,14.780066,0.0,0.0
1783460129.722895,343,1,3430.0,4519.379863,2903.001492,3294.008647,1015.627344,3218.299464,965.69768,3000.0,218.299464,2.619594,1.989724,0.071385,0.49785,48.174966,0.328947,0.000264,45.761609,0.0,0.0,1.0,10.0,9.629849,0.441183,1.086212,48.076624,0.640515,8.7e-05,15.088004,0.0,0.0
1783460129.732895,344,1,3440.0,4474.784332,2942.212402,3252.023497,1026.353163,3222.346348,971.763228,3000.0,222.346348,2.668156,2.575035,0.073445,0.558964,48.134217,0.369463,0.000265,45.939447,0.0,0.0,1.0,10.0,10.111549,0.451295,1.089903,48.007115,0.581251,8.9e-05,15.367046,0.0,0.0
1783460129.742895,345,1,3450.0,4476.090921,2897.384901,3243.544146,1007.786053,3224.890084,975.365511,3000.0,224.890084,2.698681,2.488523,0.075436,0.562448,48.149022,0.323709,0.000266,46.09531,0.0,0.0,1.0,10.0,10.12145,0.461416,1.085938,48.020456,0.635505,9.1e-05,15.672219,0.0,0.0
1783460129.752895,346,1,3460.0,4502.383021,2943.47908,3253.166923,1020.859797,3228.283305,979.914939,3000.0,228.283305,2.7394,1.864143,0.076927,0.340157,48.231975,0.266909,0.000266,46.224045,0.0,0.0,1.0,10.0,10.107401,0.471524,1.181218,47.986982,0.606492,9.2e-05,15.963256,0.0,0.0
1783460129.762895,347,1,3470.0,4535.942723,2997.768457,3267.970261,1036.692262,3233.045739,985.592671,3000.0,233.045739,2.796549,2.081225,0.078592,0.398581,48.212194,0.175399,0.000267,46.308609,0.0,0.0,1.0,10.0,9.366506,0.48089,1.112258,47.978071,0.568162,9.4e-05,16.235849,0.0,0.0
1783460129.772895,348,1,3480.0,4494.393647,2959.421062,3228.731068,1020.490021,3232.527979,989.082406,3000.0,232.527979,2.790336,2.896308,0.08091,0.738287,48.204497,0.352723,0.000268,46.478637,0.0,0.0,0.0,10.0,9.889902,0.49078,1.12944,48.033923,0.556657,9.5e-05,16.503233,0.0,0.0
1783460129.782895,349,1,3490.0,4616.650007,2987.773877,3307.055879,1027.3148,3241.471327,992.905646,3000.0,241.471327,2.897656,2.194704,0.082665,0.568775,48.260034,0.162616,0.000268,46.557116,0.0,0.0,0.0,10.0,10.067249,0.500847,1.176914,47.962929,0.601558,9.7e-05,16.791758,0.0,0.0
1783460129.792895,350,1,3500.0,4647.526794,3003.417404,3319.661996,1029.74311,3250.854207,996.589392,3000.0,250.854207,3.01025,2.590924,0.084738,0.874481,48.172209,0.334461,0.000269,46.718233,0.0,0.0,0.0,10.0,9.565351,0.510413,1.236556,47.906653,0.625254,9.9e-05,17.091297,0.0,0.0
1783460129.802895,351,1,3510.0,4640.889239,3032.107148,3305.476666,1036.617828,3257.408902,1000.592236,3000.0,257.408902,3.088907,1.805161,0.086182,0.683163,48.242528,0.358478,0.00027,46.891172,0.0,0.0,0.0,10.0,9.995687,0.520408,1.199482,48.057272,0.62944,0.000101,17.393788,0.0,0.0
1783460129.812895,352,1,3520.0,4665.906266,3009.187289,3313.853882,1025.859303,3264.1823,1003.118943,3000.0,264.1823,3.170188,2.259621,0.08799,0.692094,48.142358,0.144349,0.000271,46.960665,0.0,0.0,0.0,10.0,9.945423,0.530354,1.220231,48.009321,0.6434,0.000102,17.70268,0.0,0.0
1783460129.822895,353,1,3530.0,4665.339493,3028.386843,3304.064796,1029.479947,3268.968199,1005.755043,3000.0,268.968199,3.227618,1.925434,0.08953,0.746951,48.194219,0.284296,0.000272,47.09768,0.0,0.0,0.0,10.0,10.01036,0.540364,1.143449,47.948899,0.66322,0.000104,18.020687,0.0,0.0
1783460129.832895,354,1,3540.0,4801.754035,3060.942265,3391.069233,1037.607547,3283.620323,1008.940293,3000.0,283.620323,3.403444,2.020103,0.091146,0.716614,48.22721,0.353935,0.000272,47.268373,0.0,0.0,0.0,10.0,10.252286,0.550616,1.29815,47.995773,0.581277,0.000106,18.299675,0.0,0.0
1783460129.842895,355,1,3550.0,4769.048533,3063.264009,3358.484883,1035.469524,3292.604071,1011.593217,3000.0,292.604071,3.511249,3.331499,0.093811,0.708852,48.1135,0.388322,0.000274,47.455208,0.0,0.0,0.0,10.0,9.975267,0.560592,1.162625,47.901825,0.646802,0.000108,18.609505,0.0,0.0
1783460129.852895,356,1,3560.0,4859.791557,3038.523245,3412.77497,1024.221319,3307.024578,1012.856027,3000.0,307.024578,3.684295,3.097009,0.096289,0.647985,48.128542,0.200533,0.000274,47.551722,0.0,0.0,0.0,10.0,10.194834,0.570786,1.270393,47.984508,0.597606,0.000109,18.896263,0.0,0.0
1783460129.862895,357,1,3570.0,4943.495066,3072.120831,3461.831279,1032.645658,3325.601383,1014.83499,3000.0,325.601383,3.907217,2.611541,0.098378,0.878719,48.223073,0.366971,0.000275,47.728686,0.0,0.0,0.0,10.0,9.643479,0.58043,1.138623,48.03425,0.62859,0.000111,19.198202,0.0,0.0
1783460129.872895,358,1,3580.0,4801.777283,3059.646669,3353.196427,1025.579889,3328.912788,1015.90948,3000.0,328.912788,3.946953,2.743927,0.100573,0.864513,48.304956,0.37183,0.000276,47.908298,0.0,0.0,0.0,10.0,10.015526,0.590445,1.136228,48.129266,0.575923,0.000113,19.475389,0.0,0.0
1783460129.882895,359,1,3590.0,4888.357247,3145.834163,3404.1485,1051.532311,3337.941073,1019.471763,3000.0,337.941073,4.055293,2.663158,0.102704,1.013479,48.193209,0.338112,0.000277,48.071245,0.0,0.0,0.0,10.0,9.851048,0.600296,1.048477,47.972222,0.509015,0.000114,19.719575,0.0,0.0
1783460129.892895,360,1,3600.0,4918.591839,3122.182131,3415.688777,1040.727377,3347.270798,1021.597324,3000.0,347.270798,4.16725,3.122654,0.105202,0.829367,48.150529,0.515448,0.000279,48.319436,0.0,0.0,0.0,10.0,10.359808,0.610656,1.186435,48.057184,0.58774,0.000116,20.002027,0.0,0.0
1783460129.902894,361,1,3610.0,4951.706937,3114.996829,3429.159929,1035.45601,3357.097494,1022.983193,3000.0,357.097494,4.28517,3.862573,0.108292,1.035447,48.1271,0.441315,0.00028,48.531828,0.0,0.0,0.0,10.0,9.870744,0.620527,1.127846,47.998715,0.523246,0.000117,20.253178,0.0,0.0
1783460129.912894,362,1,3620.0,4969.0166,3272.832867,3431.641299,1084.916972,3366.04275,1029.176571,3000.0,366.04275,4.392513,3.819697,0.111348,0.796016,48.218279,0.446341,0.000281,48.747046,0.0,0.0,0.0,10.0,9.919797,0.630447,1.153139,48.000034,0.576304,0.000119,20.529804,0.0,0.0
1783460129.922895,363,1,3630.0,5004.400251,3220.29684,3446.556646,1064.560939,3375.704418,1032.715008,3000.0,375.704418,4.508453,4.104789,0.114632,0.79739,48.166171,0.579398,0.000283,49.02612,0.0,0.0,0.0,10.0,10.449136,0.640896,1.229581,48.080479,0.648327,0.000121,20.841523,0.0,0.0
1783460129.932895,364,1,3640.0,5026.72028,3080.294253,3452.417775,1015.481622,3384.910021,1030.991669,3000.0,384.910021,4.61892,3.756929,0.117637,0.823834,48.195382,0.601588,0.000284,49.316057,0.0,0.0,0.0,10.0,10.062176,0.650958,1.137187,47.941533,0.521482,0.000122,21.09153,0.0,0.0
1783460129.942895,365,1,3650.0,4954.236503,3287.103857,3393.312673,1080.691679,3385.918339,1035.96167,3000.0,385.918339,4.63102,4.225415,0.121018,0.999169,48.179879,0.458944,0.000286,49.537176,0.0,0.0,0.0,10.0,9.997067,0.660955,1.311369,48.019506,0.520702,0.000123,21.341568,0.0,0.0
1783460129.952895,366,1,3660.0,5122.027485,3100.349513,3498.652654,1016.508037,3399.446457,1034.016307,3000.0,399.446457,4.793357,3.727456,0.124,0.846629,48.188503,0.378765,0.000287,49.719697,0.0,0.0,0.0,10.0,9.655553,0.670611,1.116278,48.040691,0.592571,0.000125,21.626244,0.0,0.0
1783460129.962895,367,1,3670.0,5115.795278,3288.979311,3484.874168,1075.415579,3409.697782,1038.156234,3000.0,409.697782,4.916373,4.150598,0.12732,1.167118,48.136961,0.484872,0.000288,49.9531,0.0,0.0,0.0,10.0,9.712789,0.680324,1.244306,48.045311,0.638633,0.000127,21.933077,0.0,0.0
1783460129.972895,368,1,3680.0,5091.644662,3270.894193,3458.997732,1066.595932,3415.613776,1041.000204,3000.0,415.613776,4.987365,4.016974,0.130534,1.012999,48.209481,0.556813,0.00029,50.221537,0.0,0.0,0.0,10.0,10.550915,0.690874,1.25833,47.944953,0.560875,0.000128,22.201988,0.0,0.0
1783460129.982895,369,1,3690.0,5035.164516,3232.723621,3411.358073,1051.292234,3415.103092,1042.029407,3000.0,415.103092,4.981237,3.534772,0.133361,1.300221,48.168738,0.549464,0.000291,50.486207,0.0,0.0,0.0,10.0,10.037924,0.700912,1.227506,47.948175,0.59866,0.00013,22.489035,0.0,0.0
1783460129.992895,370,1,3700.0,5087.314847,3229.437156,3437.374896,1047.385024,3417.775708,1042.564968,3000.0,417.775708,5.013308,4.173257,0.1367,1.205149,48.158964,0.567219,0.000293,50.759374,0.0,0.0,0.0,10.0,10.082308,0.710995,1.331101,47.83437,0.574293,0.000132,22.763745,0.0,0.0
1783460130.002895,371,1,3710.0,5179.620776,3101.048069,3490.310496,1003.034416,3426.479883,1038.611913,3000.0,426.479883,5.117759,4.93888,0.140651,1.138238,48.079052,0.569823,0.000294,51.033339,0.0,0.0,0.0,10.0,9.736857,0.720732,1.126975,48.073232,0.584524,0.000133,23.044744,0.0,0.0
1783460130.012895,372,1,3720.0,5066.889943,3359.415945,3405.167972,1083.682563,3423.922453,1043.118978,3000.0,423.922453,5.087069,4.635934,0.14436,1.06897,48.140603,0.49239,0.000296,51.270379,0.0,0.0,0.0,10.0,10.394323,0.731126,1.121399,47.936306,0.650982,0.000135,23.356801,0.0,0.0
1783460130.022895,373,1,3730.0,5102.6001,3258.768941,3419.973257,1048.397514,3423.44855,1043.646832,3000.0,423.44855,5.081383,4.429173,0.147903,1.059393,48.05778,0.491165,0.000297,51.506422,0.0,0.0,0.0,10.0,10.310262,0.741436,1.373796,47.994107,0.598853,0.000137,23.644215,0.0,0.0
1783460130.032895,374,1,3740.0,5187.27777,3292.146918,3467.431664,1056.303824,3428.726524,1044.912531,3000.0,428.726524,5.144718,4.366377,0.151396,0.834968,48.157066,0.531652,0.000298,51.76245,0.0,0.0,0.0,10.0,9.621489,0.751058,1.170716,48.085426,0.589714,0.000138,23.927782,0.0,0.0
1783460130.042895,375,1,3750.0,5037.012039,3158.004708,3358.008026,1010.561507,3420.240304,1041.477429,3000.0,420.240304,5.042884,4.129521,0.1547,1.022776,48.133351,0.522489,0.0003,52.013941,0.0,0.0,0.0,10.0,10.071201,0.761129,1.213966,48.017525,0.55084,0.00014,24.192281,0.0,0.0
1783460130.052895,376,1,3760.0,5073.35267,3251.07561,3373.239807,1037.577322,3414.600244,1041.087418,3000.0,414.600244,4.975203,4.052755,0.157942,1.242981,48.139253,0.435315,0.000301,52.223498,0.0,0.0,0.0,10.0,10.371846,0.771501,1.212676,47.930098,0.587561,0.000142,24.4739,0.0,0.0
1783460130.062895,377,1,3770.0,5034.946591,3210.428308,3338.823999,1021.886994,3405.507095,1039.167376,3000.0,405.507095,4.866085,3.323059,0.160601,0.951142,48.277527,0.567447,0.000303,52.497448,0.0,0.0,0.0,10.0,10.345418,0.781846,1.287009,47.993256,0.616138,0.000143,24.769605,0.0,0.0
1783460130.072895,378,1,3780.0,5097.298317,3219.397033,3371.229045,1022.030804,3401.393729,1037.453718,3000.0,401.393729,4.816725,3.368498,0.163295,1.194732,48.112494,0.497747,0.000304,52.736926,0.0,0.0,0.0,10.0,10.163026,0.792009,1.260219,48.018463,0.551971,0.000145,25.034653,0.0,0.0
1783460130.082895,379,1,3790.0,5110.919471,3277.355449,3371.318912,1037.685103,3397.784751,1037.476857,3000.0,397.784751,4.773417,3.425426,0.166036,0.751839,48.194839,0.353146,0.000305,52.907124,0.0,0.0,0.0,10.0,9.573168,0.801582,1.339833,47.939931,0.583201,0.000146,25.314239,0.0,0.0
1783460130.092895,380,1,3800.0,5075.375621,3294.547683,3339.062908,1040.383479,3390.73813,1037.767519,3000.0,390.73813,4.688858,3.335209,0.168704,0.9253,48.211419,0.446583,0.000306,53.122428,0.0,0.0,0.0,10.0,9.994213,0.811577,1.026992,47.971315,0.634296,0.000148,25.618519,0.0,0.0
1783460130.102895,381,1,3810.0,5021.09943,3241.609298,3294.684665,1020.979307,3379.211714,1036.088698,3000.0,379.211714,4.550541,3.918895,0.171839,1.090918,48.186675,0.409745,0.000307,53.319871,0.0,0.0,0.0,10.0,10.187406,0.821764,1.330318,48.058498,0.537467,0.00015,25.876817,0.0,0.0
1783460130.112895,382,1,3820.0,5204.447833,3225.634249,3406.052247,1013.288246,3382.432578,1033.808653,3000.0,382.432578,4.589191,3.150179,0.174359,1.055281,48.164115,0.487827,0.000309,53.554828,0.0,0.0,0.0,10.0,10.327911,0.832092,1.274441,47.955326,0.602883,0.000151,26.165932,0.0,0.0
1783460130.122895,383,1,3830.0,5089.348778,3367.883289,3322.029228,1055.211474,3375.184176,1035.948935,3000.0,375.184176,4.50221,4.254039,0.177762,1.113104,48.203066,0.40914,0.00031,53.752046,0.0,0.0,0.0,10.0,9.670456,0.841762,1.233792,47.977299,0.649781,0.000153,26.477679,0.0,0.0
1783460130.132895,384,1,3840.0,4975.359286,3291.480337,3239.166202,1028.587605,3358.862019,1035.212802,3000.0,358.862019,4.306344,3.317153,0.180416,1.092442,48.204075,0.43246,0.000311,53.96051,0.0,0.0,0.0,10.0,10.073005,0.851835,1.329181,47.911867,0.629921,0.000155,26.779486,0.0,0.0
1783460130.142895,385,1,3850.0,5067.635833,3389.884811,3290.672619,1056.587474,3350.679291,1037.350269,3000.0,350.679291,4.208151,3.851935,0.183498,0.809706,48.138376,0.473789,0.000312,54.188584,0.0,0.0,0.0,10.0,9.852675,0.861688,1.184133,47.924738,0.552302,0.000157,27.044175,0.0,0.0
1783460130.152894,386,1,3860.0,5015.556329,3301.736357,3248.417311,1026.446536,3338.407854,1036.259896,3000.0,338.407854,4.060894,2.950559,0.185858,0.865226,48.179216,0.38519,0.000313,54.374165,0.0,0.0,0.0,10.0,10.043145,0.871731,1.207078,47.987425,0.599546,0.000158,27.331882,0.0,0.0
1783460130.162894,387,1,3870.0,4936.608975,3304.278736,3189.023886,1024.582554,3320.481777,1035.092162,3000.0,320.481777,3.845781,2.235005,0.187646,0.671107,48.103606,0.352667,0.000314,54.543811,0.0,0.0,0.0,10.0,10.282581,0.882014,1.199277,48.007523,0.562302,0.00016,27.601829,0.0,0.0
1783460130.172895,388,1,3880.0,4988.808453,3439.470919,3214.438436,1063.753892,3307.756576,1037.958335,3000.0,307.756576,3.693079,2.984704,0.190034,0.688767,48.10347,0.39034,0.000316,54.731578,0.0,0.0,0.0,10.0,9.764673,0.891778,1.257071,47.949384,0.533755,0.000161,27.857762,0.0,0.0
1783460130.182895,389,1,3890.0,4988.759027,3273.086057,3206.143334,1009.692357,3295.562987,1035.131737,3000.0,295.562987,3.546756,3.211407,0.192603,0.9359,48.130923,0.37134,0.000317,54.910308,0.0,0.0,0.0,10.0,10.34804,0.902126,1.162814,48.079923,0.586858,0.000163,28.139923,0.0,0.0
1783460130.192895,390,1,3900.0,4901.898783,3362.521016,3142.24281,1034.621851,3277.164566,1035.080748,3000.0,277.164566,3.325975,2.839863,0.194875,0.901869,48.203677,0.362159,0.000318,55.084882,0.0,0.0,0.0,10.0,10.164046,0.91229,1.21447,48.039605,0.579252,0.000164,28.418193,0.0,0.0
1783460130.202895,391,1,3910.0,4885.632786,3377.756552,3123.806129,1036.651627,3258.761554,1035.237836,3000.0,258.761554,3.105139,3.890792,0.197988,0.804283,48.123142,0.422027,0.000319,55.287974,0.0,0.0,0.0,10.0,9.533878,0.921824,1.179848,48.019871,0.573071,0.000166,28.693381,0.0,0.0
1783460130.212895,392,1,3920.0,4905.344415,3364.729388,3128.408428,1030.0192,3243.119179,1034.715973,3000.0,243.119179,2.91743,2.121042,0.199684,0.524212,48.102712,0.166938,0.000319,55.368276,0.0,0.0,0.0,10.0,9.758397,0.931583,1.191876,48.050319,0.573464,0.000168,28.968932,0.0,0.0
1783460130.222895,393,1,3930.0,4865.970762,3479.076178,3095.401248,1062.313337,3225.393027,1037.475709,3000.0,225.393027,2.704716,1.646239,0.201001,0.609226,48.108878,0.212958,0.00032,55.470728,0.0,0.0,0.0,10.0,10.096641,0.941679,1.236893,48.063551,0.62675,0.000169,29.27017,0.0,0.0
1783460130.232895,394,1,3940.0,4937.496357,3431.58129,3132.929161,1045.151662,3214.297363,1038.243304,3000.0,214.297363,2.571568,1.593565,0.202276,0.747323,48.181098,0.29634,0.000321,55.613508,0.0,0.0,0.0,10.0,10.149627,0.951829,1.081623,47.943303,0.605291,0.000171,29.560367,0.0,0.0
1783460130.242895,395,1,3950.0,4935.157108,3439.509924,3123.517157,1044.914407,3203.403738,1038.910415,3000.0,203.403738,2.440845,2.054781,0.20392,0.509309,48.216116,0.27205,0.000321,55.74468,0.0,0.0,0.0,10.0,10.186665,0.962016,1.295617,48.063198,0.612708,0.000173,29.854854,0.0,0.0
1783460130.252895,396,1,3960.0,4967.382646,3432.553174,3135.973893,1040.167628,3195.312157,1039.036136,3000.0,195.312157,2.343746,2.458133,0.205887,0.857718,48.099738,0.174156,0.000322,55.828448,0.0,0.0,0.0,10.0,10.395921,0.972412,1.21489,47.978505,0.572235,0.000174,30.129404,0.0,0.0
1783460130.262895,397,1,3970.0,4981.169989,3461.98397,3136.75692,1046.443517,3188.285528,1039.776874,3000.0,188.285528,2.259426,2.856603,0.208172,0.483394,48.195811,0.358254,0.000323,56.001112,0.0,0.0,0.0,10.0,9.641521,0.982053,1.115729,48.013571,0.577097,0.000176,30.406489,0.0,0.0
1783460130.272895,398,1,3980.0,4909.456884,3401.568203,3083.829701,1025.598453,3175.750829,1038.359032,3000.0,175.750829,2.10901,1.655427,0.209496,0.328378,48.085489,0.241715,0.000324,56.117342,0.0,0.0,0.0,10.0,10.031206,0.992084,1.27831,48.026097,0.616958,0.000178,30.70279,0.0,0.0
1783460130.282895,399,1,3990.0,4980.833496,3399.227694,3120.822992,1022.324118,3169.159489,1036.755541,3000.0,169.159489,2.029914,1.415303,0.210628,0.487811,48.194958,0.254716,0.000324,56.240102,0.0,0.0,0.0,10.0,9.947006,1.002031,1.185097,48.012493,0.553745,0.000179,30.968656,0.0,0.0
1783460130.292895,400,1,4000.0,4994.076331,3513.815096,3121.297707,1054.144529,3163.416075,1038.494439,3000.0,163.416075,1.960993,2.072535,0.212286,0.580434,48.196841,0.045375,0.000324,56.261971,0.0,0.0,0.0,10.0,10.056319,1.012088,1.085611,47.952365,0.594688,0.000181,31.253823,0.0,0.0
1783460130.302895,401,1,4010.0,5022.657086,3501.420706,3131.332348,1047.806695,3159.566028,1039.425665,3000.0,159.566028,1.914792,1.685847,0.213635,0.689098,48.157724,0.115501,0.000325,56.317594,0.0,0.0,0.0,10.0,9.651531,1.021739,1.130166,48.005595,0.538374,0.000182,31.512273,0.0,0.0
1783460130.312895,402,1,4020.0,4992.42784,3514.666532,3104.743682,1049.154189,3152.987346,1040.398517,3000.0,152.987346,1.835848,1.145387,0.214551,0.419506,48.170217,0.13303,0.000325,56.381675,0.0,0.0,0.0,10.0,10.183201,1.031922,1.142663,48.029376,0.658306,0.000184,31.828453,0.0,0.0
1783460130.322895,403,1,4030.0,4999.206741,3434.093777,3101.244877,1022.558941,3146.77825,1038.61456,3000.0,146.77825,1.761339,1.488654,0.215742,0.399653,48.100047,0.075374,0.000325,56.41793,0.0,0.0,0.0,10.0,9.904593,1.041827,1.269468,48.040894,0.647996,0.000186,32.139756,0.0,0.0
1783460130.332895,404,1,4040.0,4993.411723,3645.640248,3089.982502,1082.86344,3139.96276,1043.039448,3000.0,139.96276,1.679553,0.954158,0.216506,0.435624,48.129737,0.287268,0.000326,56.556191,0.0,0.0,0.0,10.0,10.008063,1.051835,1.117433,48.012092,0.55512,0.000188,32.40628,0.0,0.0
1783460130.342895,405,1,4050.0,4962.909585,3598.820567,3063.524435,1066.317205,3130.790161,1045.367224,3000.0,130.790161,1.569482,1.276819,0.217527,0.473625,48.096838,0.260691,0.000327,56.681575,0.0,0.0,0.0,10.0,9.95617,1.061791,1.043411,47.955214,0.544102,0.000189,32.667206,0.0,0.0
1783460130.352895,406,1,4060.0,4946.933161,3590.014258,3046.141109,1061.087958,3120.632275,1046.939297,3000.0,120.632275,1.447587,1.369851,0.218623,0.407091,48.102355,0.187295,0.000327,56.771669,0.0,0.0,0.0,10.0,9.632981,1.071424,1.161369,47.992062,0.577187,0.000191,32.94421,0.0,0.0
1783460130.362895,407,1,4070.0,5054.812511,3574.307921,3104.92169,1053.850001,3118.747005,1047.630367,3000.0,118.747005,1.424964,1.404029,0.219746,0.35902,48.185676,0.104077,0.000328,56.821819,0.0,0.0,0.0,10.0,10.162879,1.081587,1.222198,48.012154,0.605349,0.000192,33.234851,0.0,0.0
1783460130.372895,408,1,4080.0,4945.855816,3710.172759,3030.548907,1091.227282,3108.163233,1051.990059,3000.0,108.163233,1.297959,0.606668,0.220232,0.166084,48.120484,0.024996,0.000328,56.833847,0.0,0.0,0.0,10.0,10.436471,1.092024,1.150424,47.965809,0.566813,0.000194,33.506727,0.0,0.0
1783460130.382895,409,1,4090.0,5114.796096,3695.902106,3126.403482,1084.372256,3110.352063,1055.228279,3000.0,110.352063,1.324225,1.222239,0.221209,0.175201,48.201419,0.155108,0.000328,56.908611,0.0,0.0,0.0,10.0,9.819395,1.101843,1.194239,48.006567,0.609483,0.000196,33.799319,0.0,0.0
1783460130.392895,410,1,4100.0,5111.179057,3629.460424,3116.572596,1062.2811,3111.098527,1055.933561,3000.0,111.098527,1.333182,2.024613,0.222829,0.718356,48.142607,0.059941,0.000328,56.937468,0.0,0.0,0.0,10.0,9.737442,1.11158,1.26505,47.918797,0.592728,0.000197,34.083347,0.0,0.0
1783460130.402894,411,1,4110.0,5155.480484,3657.147009,3135.937034,1067.780149,3114.079148,1057.118219,3000.0,114.079148,1.36895,0.92021,0.223565,0.576835,48.172441,0.099228,0.000329,56.985268,0.0,0.0,0.0,10.0,10.195815,1.121776,1.185284,47.974187,0.583697,0.000199,34.363371,0.0,0.0
1783460130.412894,412,1,4120.0,5222.755891,3629.545085,3169.147992,1057.149054,3120.687409,1057.121303,3000.0,120.687409,1.448249,1.151911,0.224487,0.471621,48.146499,0.164058,0.000329,57.064256,0.0,0.0,0.0,10.0,9.833673,1.13161,1.386468,48.040915,0.505258,0.0002,34.606101,0.0,0.0
1783460130.422895,413,1,4130.0,5251.637469,3602.713234,3178.957306,1046.793191,3127.679797,1056.088492,3000.0,127.679797,1.532158,0.570351,0.224943,0.232384,48.192847,0.131422,0.000329,57.127593,0.0,0.0,0.0,10.0,10.052655,1.141662,1.066399,48.053775,0.589311,0.000202,34.889287,0.0,0.0
1783460130.432895,414,1,4140.0,5122.836042,3720.94178,3093.500025,1078.533849,3123.578224,1058.333028,3000.0,123.578224,1.482939,1.460946,0.226112,0.339,48.193181,0.194984,0.00033,57.221562,0.0,0.0,0.0,10.0,10.375555,1.152038,1.195617,48.005478,0.634567,0.000204,35.193914,0.0,0.0
1783460130.442895,415,1,4150.0,5285.631535,3698.464396,3184.115383,1069.435488,3130.842683,1059.443274,3000.0,130.842683,1.570112,2.230411,0.227896,0.362728,48.127502,0.192358,0.00033,57.314139,0.0,0.0,0.0,10.0,9.786071,1.161824,1.06832,48.102788,0.64257,0.000205,35.503009,0.0,0.0
1783460130.452895,416,1,4160.0,5184.439563,3746.177351,3115.648776,1080.628082,3129.019414,1061.561754,3000.0,129.019414,1.548233,1.581314,0.229161,0.267417,48.197562,0.115262,0.000331,57.369693,0.0,0.0,0.0,10.0,10.2481,1.172072,1.149566,48.025359,0.661994,0.000207,35.820934,0.0,0.0
1783460130.462895,417,1,4170.0,5284.845117,3725.4559,3168.372373,1072.07364,3133.741769,1062.612943,3000.0,133.741769,1.604901,1.426852,0.230303,0.461807,48.103144,0.128896,0.000331,57.431696,0.0,0.0,0.0,10.0,10.440502,1.182513,1.311757,47.966837,0.547268,0.000209,36.083441,0.0,0.0
1783460130.472895,418,1,4180.0,5199.685404,3704.338725,3109.859691,1063.446524,3130.87592,1062.696301,3000.0,130.87592,1.570511,1.145841,0.231219,0.334155,48.053994,0.169419,0.000332,57.513108,0.0,0.0,0.0,10.0,9.274198,1.191787,1.211186,48.080391,0.551396,0.00021,36.348554,0.0,0.0
1783460130.482895,419,1,4190.0,5122.054879,3802.787775,3056.118663,1089.103897,3121.905049,1065.337061,3000.0,121.905049,1.462861,1.549883,0.232459,0.260567,48.133249,0.249572,0.000332,57.633235,0.0,0.0,0.0,10.0,10.422342,1.202209,1.247841,47.9382,0.606777,0.000212,36.639432,0.0,0.0
1783460130.492895,420,1,4200.0,5246.698795,3809.204996,3123.034997,1088.344285,3122.040643,1067.637783,3000.0,122.040643,1.464488,1.080183,0.233323,0.236544,48.196996,0.128235,0.000333,57.695041,0.0,0.0,0.0,10.0,9.629761,1.211839,1.230364,48.034305,0.602042,0.000214,36.928618,0.0,0.0
1783460130.502895,421,1,4210.0,5272.565121,3800.471576,3130.976913,1083.269808,3123.112995,1069.200986,3000.0,123.112995,1.477356,0.917025,0.234057,0.249317,48.08397,0.130052,0.000333,57.757575,0.0,0.0,0.0,10.0,9.66105,1.2215,1.219742,47.960882,0.635084,0.000215,37.23321,0.0,0.0
1783460130.512895,422,1,4220.0,5351.50681,3940.359978,3170.32394,1120.48151,3128.778308,1074.329038,3000.0,128.778308,1.54534,0.585037,0.234525,0.551655,48.111847,0.204046,0.000334,57.855746,0.0,0.0,0.0,10.0,10.222438,1.231723,1.276895,48.003079,0.618183,0.000217,37.529957,0.0,0.0
1783460130.522895,423,1,4230.0,5332.194281,3908.10329,3151.41506,1108.681784,3131.494719,1077.764313,3000.0,131.494719,1.577937,0.848021,0.235203,0.407829,48.193258,0.31831,0.000334,58.009149,0.0,0.0,0.0,10.0,10.267023,1.24199,1.316908,48.02618,0.642153,0.000219,37.838358,0.0,0.0
1783460130.532895,424,1,4240.0,5459.506728,3874.946236,3219.048778,1096.682897,3142.001206,1079.656171,3000.0,142.001206,1.704014,0.60342,0.235686,0.349336,48.124194,0.104487,0.000335,58.059433,0.0,0.0,0.0,10.0,9.700536,1.25169,1.160561,47.9385,0.636507,0.000221,38.14349,0.0,0.0
1783460130.542895,425,1,4250.0,5449.599864,3937.437428,3205.646979,1111.747038,3149.638699,1082.865258,3000.0,149.638699,1.795664,0.77515,0.236306,0.426107,48.070583,0.201946,0.000335,58.156509,0.0,0.0,0.0,10.0,9.794215,1.261484,1.278628,48.035116,0.587176,0.000222,38.425541,0.0,0.0
1783460130.552895,426,1,4260.0,5380.015808,3913.880952,3157.286272,1102.501677,3150.556407,1084.8289,3000.0,150.556407,1.806677,2.34519,0.238182,0.112233,48.13274,0.280108,0.000336,58.291333,0.0,0.0,0.0,10.0,9.908302,1.271393,1.160073,48.008865,0.563211,0.000224,38.695932,0.0,0.0
1783460130.562895,427,1,4270.0,5317.209736,3859.133788,3113.120454,1084.534086,3146.064093,1084.799418,3000.0,146.064093,1.752769,1.348507,0.239261,0.071813,48.080551,0.219954,0.000337,58.397088,0.0,0.0,0.0,10.0,9.905365,1.281298,1.167048,48.044948,0.663112,0.000226,39.014523,0.0,0.0
1783460130.572895,428,1,4280.0,5302.059579,4016.367686,3096.997418,1126.084398,3140.176092,1088.927916,3000.0,140.176092,1.682113,0.504088,0.239665,0.243191,48.136069,0.188825,0.000337,58.487981,0.0,0.0,0.0,10.0,10.029777,1.291328,1.269189,47.989864,0.6305,0.000228,39.3171,0.0,0.0
1783460130.582895,429,1,4290.0,5311.421385,3912.25431,3095.233907,1094.33687,3134.78303,1089.468812,3000.0,134.78303,1.617396,0.388813,0.239976,0.457281,48.064473,0.242342,0.000338,58.604462,0.0,0.0,0.0,10.0,10.252421,1.30158,1.182225,48.004363,0.607913,0.000229,39.608924,0.0,0.0
1783460130.592895,430,1,4300.0,5320.653016,3871.484509,3093.402916,1080.414282,3129.817416,1088.563359,3000.0,129.817416,1.557809,2.000276,0.241576,0.257545,48.132918,0.17909,0.000338,58.690663,0.0,0.0,0.0,10.0,10.072415,1.311653,1.217515,48.045604,0.565171,0.000231,39.880464,0.0,0.0
1783460130.602895,431,1,4310.0,5382.787783,3988.490895,3122.266695,1110.484704,3128.91133,1090.755493,3000.0,128.91133,1.546936,1.288102,0.242606,0.278062,48.102751,0.201026,0.000339,58.787362,0.0,0.0,0.0,10.0,9.707012,1.32136,1.062354,47.986261,0.628084,0.000233,40.181858,0.0,0.0
1783460130.612895,432,1,4320.0,5292.588529,4078.065431,3062.840584,1132.795953,3120.98284,1094.959539,3000.0,120.98284,1.451794,1.838484,0.244077,0.529771,48.176208,0.166263,0.000339,58.867461,0.0,0.0,0.0,10.0,10.141736,1.331501,1.145432,47.865725,0.616216,0.000234,40.476814,0.0,0.0
1783460130.622895,433,1,4330.0,5249.581063,3986.80424,3030.935949,1104.888011,3110.177213,1095.952386,3000.0,110.177213,1.322127,-0.15856,0.24395,0.425499,48.092075,0.084953,0.00034,58.908317,0.0,0.0,0.0,10.0,9.711269,1.341213,1.134991,47.957655,0.561158,0.000236,40.745932,0.0,0.0
1783460130.632895,434,1,4340.0,5194.282484,3996.057221,2992.098205,1104.900614,3096.007732,1096.847209,3000.0,96.007732,1.152093,0.775647,0.244571,0.382367,48.013151,0.079544,0.00034,58.946508,0.0,0.0,0.0,10.0,9.777162,1.35099,1.227273,47.997381,0.633961,0.000238,41.050217,0.0,0.0
1783460130.642895,435,1,4350.0,5374.111339,4018.797244,3088.569735,1108.633722,3095.115173,1098.02586,3000.0,95.115173,1.141382,1.200931,0.245532,0.13866,48.092945,0.116127,0.00034,59.002357,0.0,0.0,0.0,10.0,10.534715,1.361524,1.108835,47.993297,0.600778,0.000239,41.33855,0.0,0.0
1783460130.652894,436,1,4360.0,5196.590523,4049.938992,2979.696401,1114.662108,3081.26492,1099.689485,3000.0,81.26492,0.975179,0.806734,0.246177,0.232469,48.061735,0.156285,0.000341,59.07747,0.0,0.0,0.0,10.0,9.767387,1.371292,1.170228,48.042368,0.655915,0.000241,41.653667,0.0,0.0
1783460130.662894,437,1,4370.0,5175.851767,4075.01437,2961.013597,1118.997081,3066.834761,1101.620245,3000.0,66.834761,0.802017,0.614987,0.246669,0.333042,48.101969,0.215966,0.000341,59.181354,0.0,0.0,0.0,10.0,10.383153,1.381675,1.122141,47.983661,0.56998,0.000243,41.927165,0.0,0.0
1783460130.672895,438,1,4380.0,5194.781442,3921.217679,2965.057901,1074.306213,3054.621538,1098.888842,3000.0,54.621538,0.655458,-0.299366,0.246429,0.297171,48.111982,0.125825,0.000342,59.241891,0.0,0.0,0.0,10.0,9.77383,1.391449,1.115912,47.990322,0.655314,0.000244,42.241652,0.0,0.0
1783460130.682895,439,1,4390.0,5181.464448,4058.208203,2950.720073,1109.305204,3042.153362,1099.930478,3000.0,42.153362,0.50584,1.003677,0.247232,0.168236,48.102588,0.084776,0.000342,59.28267,0.0,0.0,0.0,10.0,9.952328,1.401401,1.325871,47.994782,0.571179,0.000246,42.515788,0.0,0.0
1783460130.692895,440,1,4400.0,5195.264255,4113.306508,2951.854691,1121.810866,3031.317522,1102.118517,3000.0,31.317522,0.37581,0.072288,0.24729,0.191276,48.145858,0.0,0.000342,59.28267,0.0,0.0,0.0,10.0,9.568831,1.41097,1.232041,47.953472,0.667457,0.000248,42.835857,0.0,0.0
1783460130.702895,441,1,4410.0,5149.343663,4047.89709,2919.129061,1101.468596,3017.854906,1102.053525,3000.0,17.854906,0.214259,0.206575,0.247455,-0.009845,48.058474,0.031173,0.000342,59.297651,0.0,0.0,0.0,10.0,10.25073,1.421221,1.076234,48.012039,0.582015,0.00025,43.115294,0.0,0.0
1783460130.712895,442,1,4420.0,5110.595365,4007.698881,2890.608238,1088.063045,3002.585306,1100.654477,3000.0,2.585306,0.031024,0.09736,0.247533,-0.154,48.088088,0.0,0.000342,59.297651,0.0,0.0,0.0,10.0,9.583686,1.430804,1.233462,47.859407,0.584973,0.000251,43.395259,0.0,0.0
1783460130.722895,443,1,4430.0,4988.89298,4076.688832,2815.402359,1104.294943,2980.123352,1101.018523,3000.0,-19.876648,-0.23852,-0.363611,0.247242,0.175019,48.077528,0.006814,0.000342,59.300928,0.0,0.0,0.0,10.0,10.28015,1.441085,1.162814,47.998515,0.65705,0.000253,43.710633,0.0,0.0
1783460130.732895,444,1,4440.0,5098.957922,4192.898543,2871.034866,1133.215822,2967.032734,1104.238253,3000.0,-32.967266,-0.395607,-0.094867,0.247167,0.007587,48.139863,0.113348,0.000342,59.355493,0.0,0.0,0.0,10.0,9.93172,1.451016,1.243208,47.995879,0.619923,0.000255,44.008171,0.0,0.0
1783460130.742895,445,1,4450.0,5036.986056,4052.574406,2829.767447,1092.829053,2950.5609,1103.097333,3000.0,-49.4391,-0.593269,0.357907,0.247453,0.198953,48.018158,0.076,0.000342,59.391987,0.0,0.0,0.0,10.0,9.925209,1.460941,1.225041,48.011996,0.61465,0.000256,44.303276,0.0,0.0
1783460130.752895,446,1,4460.0,4906.968413,3955.963797,2750.542832,1064.384878,2926.558732,1099.226088,3000.0,-73.441268,-0.881295,-0.022367,0.247435,0.189889,48.15011,0.130338,0.000343,59.454745,0.0,0.0,0.0,10.0,9.866725,1.470808,1.064918,48.025597,0.620692,0.000258,44.601367,0.0,0.0
1783460130.762895,447,1,4470.0,5101.837171,4046.120693,2853.376494,1086.206898,2917.776863,1097.924169,3000.0,-82.223137,-0.986678,-0.77101,0.246818,-0.054141,48.051379,0.118343,0.000343,59.51161,0.0,0.0,0.0,10.0,9.912301,1.480721,1.130084,48.070888,0.664107,0.00026,44.92061,0.0,0.0
1783460130.772895,448,1,4480.0,4905.890138,4064.452737,2737.661908,1088.692697,2896.163068,1097.001022,3000.0,-103.836932,-1.246043,-1.236002,0.245829,0.496852,48.092109,0.172387,0.000344,59.594515,0.0,0.0,0.0,10.0,9.766241,1.490487,1.3062,47.985052,0.674517,0.000262,45.244277,0.0,0.0
1783460130.782895,449,1,4490.0,5023.818105,4011.366499,2797.226116,1072.080133,2884.290634,1094.508933,3000.0,-115.709366,-1.388512,-0.875121,0.245129,0.341986,48.067682,0.198841,0.000344,59.690093,0.0,0.0,0.0,10.0,9.993632,1.50048,1.20225,47.968423,0.570224,0.000263,45.517804,0.0,0.0
1783460130.792895,450,1,4500.0,4944.064709,4064.009425,2746.702616,1083.735847,2867.780072,1093.431624,3000.0,-132.219928,-1.586639,-0.763107,0.244519,0.145875,48.082878,0.286174,0.000345,59.827694,0.0,0.0,0.0,10.0,9.830491,1.510311,1.116524,47.953671,0.631659,0.000265,45.820708,0.0,0.0
1783460130.802895,451,1,4510.0,4845.399878,4049.386078,2685.92011,1077.441972,2845.956877,1091.832659,3000.0,-154.043123,-1.848517,-1.850379,0.243038,0.320353,48.060444,0.154887,0.000345,59.902133,0.0,0.0,0.0,10.0,9.908109,1.520219,1.195683,48.013447,0.58186,0.000267,46.100079,0.0,0.0
1783460130.812895,452,1,4520.0,4943.411379,4011.090672,2734.18771,1064.891329,2832.544577,1089.138526,3000.0,-167.455423,-2.009465,-1.874808,0.241539,0.448361,47.988449,0.135269,0.000346,59.967047,0.0,0.0,0.0,10.0,9.833003,1.530052,1.118176,47.988422,0.57067,0.000268,46.373934,0.0,0.0
1783460130.822895,453,1,4530.0,4846.447859,4107.656542,2674.640099,1088.120938,2813.596039,1089.036767,3000.0,-186.403961,-2.236848,-0.792984,0.240904,0.641197,48.087664,0.313603,0.000347,60.117852,0.0,0.0,0.0,10.0,10.078546,1.540131,1.179145,48.005576,0.586565,0.00027,46.655518,0.0,0.0
1783460130.832895,454,1,4540.0,4757.138917,3975.852111,2619.569888,1050.88602,2790.312901,1085.221692,3000.0,-209.687099,-2.516245,-2.477824,0.238922,0.626113,48.047204,0.107644,0.000347,60.169572,0.0,0.0,0.0,10.0,9.992854,1.550123,1.222935,48.038465,0.614572,0.000272,46.950749,0.0,0.0
1783460130.842895,455,1,4550.0,5045.122363,3968.051795,2772.045255,1046.519155,2788.120784,1081.351439,3000.0,-211.879216,-2.542551,-1.426307,0.237781,0.697515,48.037979,0.244008,0.000348,60.286788,0.0,0.0,0.0,10.0,9.813467,1.559937,1.190087,47.977847,0.582205,0.000273,47.230079,0.0,0.0
1783460130.852895,456,1,4560.0,4890.658053,3950.130541,2681.281828,1039.508037,2775.300109,1077.167099,3000.0,-224.699891,-2.696399,-1.648777,0.236462,0.724925,48.033474,0.338655,0.000349,60.449456,0.0,0.0,0.0,10.0,9.73715,1.569674,1.057279,48.015745,0.621862,0.000275,47.52867,0.0,0.0
1783460130.862895,457,1,4570.0,4844.460937,4050.45855,2650.142745,1063.577737,2760.281225,1075.808162,3000.0,-239.718775,-2.876625,-1.37859,0.235359,1.084714,48.023078,0.313795,0.000349,60.60015,0.0,0.0,0.0,10.0,9.692858,1.579367,1.426519,47.978208,0.6344,0.000277,47.833044,0.0,0.0
1783460130.872895,458,1,4580.0,4901.218286,3934.914143,2675.337492,1030.981871,2750.087977,1071.325533,3000.0,-249.912023,-2.998944,-2.562552,0.233309,0.456723,48.033213,0.278445,0.00035,60.733896,0.0,0.0,0.0,10.0,10.056236,1.589423,1.018262,47.99672,0.70212,0.000279,48.170038,0.0,0.0
1783460130.882895,459,1,4590.0,4840.003335,4022.910635,2636.167394,1051.741343,2736.417507,1069.367114,3000.0,-263.582493,-3.16299,-2.805229,0.231065,0.272525,48.013922,0.26162,0.000351,60.85951,0.0,0.0,0.0,10.0,10.211747,1.599635,1.197194,47.988985,0.626929,0.000281,48.470895,0.0,0.0
1783460130.892895,460,1,4600.0,4918.029615,3981.89004,2672.842182,1038.753924,2728.788468,1066.305795,3000.0,-271.211532,-3.254538,-2.334612,0.229197,0.509562,48.05186,0.42572,0.000352,61.064076,0.0,0.0,0.0,10.0,9.464968,1.6091,1.136748,48.007816,0.609165,0.000282,48.763342,0.0,0.0
1783460130.902894,461,1,4610.0,4899.029909,4015.706891,2656.740732,1045.303312,2720.14274,1064.205547,3000.0,-279.85726,-3.358287,-3.19707,0.226639,0.885741,48.070385,0.481043,0.000353,61.295316,0.0,0.0,0.0,10.0,10.211649,1.619311,1.244127,48.070805,0.567871,0.000284,49.036322,0.0,0.0
1783460130.912894,462,1,4620.0,4915.159327,3857.367893,2659.718251,1001.913739,2712.891801,1057.976366,3000.0,-287.108199,-3.445298,-2.389901,0.224728,1.006091,48.03485,0.247158,0.000354,61.414038,0.0,0.0,0.0,10.0,10.281209,1.629593,1.141016,47.974779,0.66158,0.000286,49.353714,0.0,0.0
1783460130.922895,463,1,4630.0,4926.493927,3958.414835,2660.093913,1025.93905,2706.556055,1054.772634,3000.0,-293.443945,-3.521327,-2.081562,0.223062,0.863324,48.004396,0.472557,0.000355,61.640886,0.0,0.0,0.0,10.0,9.564661,1.639157,1.280599,48.024509,0.579064,0.000287,49.631807,0.0,0.0
1783460130.932895,464,1,4640.0,4916.849043,3886.734764,2649.164355,1005.190025,2699.669051,1049.814374,3000.0,-300.330949,-3.603971,-2.090756,0.22139,0.811539,48.024537,0.40631,0.000357,61.836015,0.0,0.0,0.0,10.0,10.301153,1.649458,1.225508,48.034849,0.63816,0.000289,49.938346,0.0,0.0
1783460130.942895,465,1,4650.0,4990.867459,3979.178375,2683.262075,1026.884742,2697.700213,1047.52141,3000.0,-302.299787,-3.627597,-3.032318,0.218964,0.649219,47.991185,0.398809,0.000358,62.027408,0.0,0.0,0.0,10.0,9.822899,1.659281,1.198315,47.987614,0.638811,0.000291,50.244896,0.0,0.0
1783460130.952895,466,1,4660.0,5026.601965,3971.65578,2696.674874,1022.743978,2697.577173,1045.043667,3000.0,-302.422827,-3.629074,-3.119099,0.216469,0.777695,48.036007,0.382876,0.000359,62.211326,0.0,0.0,0.0,10.0,9.568976,1.66885,1.19842,48.018378,0.61573,0.000292,50.54056,0.0,0.0
1783460130.962895,467,1,4670.0,4960.665029,3914.125149,2655.602264,1005.770916,2692.540184,1041.116392,3000.0,-307.459816,-3.689518,-3.215792,0.213896,0.730698,47.990622,0.282037,0.00036,62.346677,0.0,0.0,0.0,10.0,10.002274,1.678853,1.230839,48.0074,0.565141,0.000294,50.811869,0.0,0.0
1783460130.972895,468,1,4680.0,5080.355861,3923.363413,2713.86531,1005.990619,2695.099199,1037.603815,3000.0,-304.900801,-3.65881,-3.247988,0.211298,0.666145,48.02446,0.423239,0.000361,62.549936,0.0,0.0,0.0,10.0,9.954007,1.688807,1.190149,47.949949,0.711617,0.000296,51.153089,0.0,0.0
1783460130.982895,469,1,4690.0,4931.43458,3788.704215,2628.696471,969.39127,2687.130872,1030.78256,3000.0,-312.869128,-3.75443,-3.341052,0.208625,0.855887,48.137064,0.416545,0.000362,62.750448,0.0,0.0,0.0,10.0,10.075206,1.698882,1.273571,48.004754,0.521796,0.000297,51.403576,0.0,0.0
1783460130.992895,470,1,4700.0,5122.681001,3941.138477,2724.83032,1006.248122,2691.654805,1028.329116,3000.0,-308.345195,-3.700142,-1.949288,0.207065,0.705887,48.109714,0.2612,0.000363,62.876111,0.0,0.0,0.0,10.0,10.383196,1.709265,1.210607,48.041849,0.628152,0.000299,51.705352,0.0,0.0
1783460131.002895,471,1,4710.0,5176.845717,3927.607054,2747.794967,1000.664218,2698.391625,1025.562627,3000.0,-301.608375,-3.619301,-3.295817,0.204429,0.772292,48.00703,0.352914,0.000364,63.045534,0.0,0.0,0.0,10.0,9.597785,1.718863,1.213779,48.048864,0.648076,0.000301,52.016746,0.0,0.0
1783460131.012895,472,1,4720.0,5245.415109,3926.894582,2778.291901,998.363029,2707.979658,1022.842667,3000.0,-292.020342,-3.504244,-2.950557,0.202068,0.732647,48.063374,0.407793,0.000365,63.241534,0.0,0.0,0.0,10.0,10.084535,1.728947,1.092367,48.068903,0.619099,0.000303,52.31434,0.0,0.0
1783460131.022895,473,1,4730.0,5250.587,3915.692328,2775.151691,993.410316,2716.040302,1019.899432,3000.0,-283.959698,-3.407516,-2.92466,0.199728,1.040286,47.988717,0.205701,0.000365,63.340247,0.0,0.0,0.0,10.0,10.498949,1.739446,1.219232,47.978582,0.576599,0.000304,52.590984,0.0,0.0
1783460131.032895,474,1,4740.0,5077.916511,4041.239759,2678.226008,1023.098673,2711.502587,1020.219356,3000.0,-288.497413,-3.461969,-2.485999,0.19774,0.838132,48.081893,0.273024,0.000366,63.471522,0.0,0.0,0.0,10.0,10.114599,1.749561,1.286857,47.889754,0.623839,0.000306,52.889738,0.0,0.0
1783460131.042895,475,1,4750.0,5286.184689,3912.766517,2782.202468,988.488383,2719.986572,1017.046259,3000.0,-280.013428,-3.360161,-3.198116,0.195181,0.714401,48.016199,0.365043,0.000367,63.646802,0.0,0.0,0.0,10.0,9.866977,1.759428,1.261154,47.974083,0.579206,0.000308,53.167607,0.0,0.0
1783460131.052895,476,1,4760.0,5338.992689,3891.735459,2804.092799,981.10978,2730.07932,1013.452611,3000.0,-269.92068,-3.239048,-2.390212,0.193269,0.517979,48.1136,0.207731,0.000368,63.746748,0.0,0.0,0.0,10.0,10.024233,1.769452,1.182036,47.961847,0.589024,0.000309,53.450114,0.0,0.0
1783460131.062895,477,1,4770.0,5367.130698,4025.949914,2812.961582,1012.817589,2740.025191,1013.389108,3000.0,-259.974809,-3.119698,-2.676473,0.191128,0.632714,47.942106,0.449179,0.000369,63.962094,0.0,0.0,0.0,10.0,9.733482,1.779186,1.127207,48.005241,0.629362,0.000311,53.752241,0.0,0.0
1783460131.072895,478,1,4780.0,5408.794583,4056.422982,2828.867459,1018.348866,2750.686263,1013.885084,3000.0,-249.313737,-2.991765,-2.076329,0.189467,0.586164,48.001607,0.284896,0.00037,64.098849,0.0,0.0,0.0,10.0,10.201112,1.789387,1.276391,48.030846,0.524222,0.000313,54.004029,0.0,0.0
1783460131.082895,479,1,4790.0,5289.568499,4004.814777,2760.735125,1003.29389,2751.892127,1012.825965,3000.0,-248.107873,-2.977294,-2.707925,0.1873,0.642954,48.169231,0.291815,0.00037,64.239414,0.0,0.0,0.0,10.0,10.355858,1.799743,1.347097,48.037909,0.582604,0.000314,54.2839,0.0,0.0
1783460131.092895,480,1,4800.0,5193.271568,3838.639571,2704.828942,959.659893,2746.244544,1007.509358,3000.0,-253.755456,-3.045065,-2.175296,0.18556,0.758709,48.089947,0.216038,0.000371,64.343307,0.0,0.0,0.0,10.0,10.049862,1.809792,1.035991,47.95586,0.621172,0.000316,54.581789,0.0,0.0
1783460131.102895,481,1,4810.0,5216.596151,3960.428212,2711.328561,988.048618,2742.054626,1005.563284,3000.0,-257.945374,-3.095344,-1.622861,0.184262,0.465563,48.016831,0.447012,0.000372,64.557948,0.0,0.0,0.0,10.0,10.125159,1.819918,1.231787,48.005375,0.545128,0.000317,54.843479,0.0,0.0
1783460131.112895,482,1,4820.0,5369.332215,3996.238242,2784.923348,994.914085,2747.198873,1004.498364,3000.0,-252.801127,-3.033614,-2.444075,0.182307,0.775649,48.010127,0.233646,0.000373,64.670121,0.0,0.0,0.0,10.0,9.892196,1.82981,1.115757,47.931885,0.599204,0.000319,55.130689,0.0,0.0
1783460131.122895,483,1,4830.0,5375.950538,3837.476096,2782.583094,953.41021,2751.44498,999.389548,3000.0,-248.55502,-2.98266,-2.097747,0.180628,0.516447,48.047932,0.338136,0.000374,64.832589,0.0,0.0,0.0,10.0,10.41649,1.840226,1.227364,48.03948,0.602988,0.000321,55.420361,0.0,0.0
1783460131.132895,484,1,4840.0,5306.666963,3970.806522,2741.046985,984.497485,2750.19722,997.900342,3000.0,-249.80278,-2.997633,-1.618365,0.179334,0.640837,48.129779,0.373672,0.000375,65.012437,0.0,0.0,0.0,10.0,10.500245,1.850727,1.185505,47.955766,0.602239,0.000322,55.70917,0.0,0.0
1783460131.142895,485,1,4850.0,5360.981622,3926.85761,2763.392589,971.593636,2751.780664,995.269671,3000.0,-248.219336,-2.978632,-2.563297,0.177283,0.679976,48.019025,0.219923,0.000376,65.118041,0.0,0.0,0.0,10.0,9.867648,1.860594,1.30153,47.996825,0.546367,0.000324,55.971409,0.0,0.0
1783460131.152894,486,1,4860.0,5278.986849,3893.302652,2715.528215,961.309297,2747.43037,991.873634,3000.0,-252.56963,-3.030836,-2.345885,0.175406,0.489751,47.932597,0.347949,0.000376,65.284822,0.0,0.0,0.0,10.0,10.798528,1.871393,1.26976,47.950169,0.595294,0.000326,56.256853,0.0,0.0
1783460131.162894,487,1,4870.0,5411.659732,3828.919202,2778.059411,943.470851,2751.105855,987.033356,3000.0,-248.894145,-2.98673,-3.151192,0.172885,0.635666,48.059906,0.318903,0.000377,65.438087,0.0,0.0,0.0,10.0,9.829175,1.881222,1.240754,48.026063,0.560693,0.000327,56.526132,0.0,0.0
1783460131.172895,488,1,4880.0,5337.773476,3974.666377,2734.515101,977.376978,2749.114965,986.067718,3000.0,-250.885035,-3.01062,-1.900599,0.171365,0.723148,48.077793,0.418422,0.000379,65.639255,0.0,0.0,0.0,10.0,9.617913,1.89084,1.23829,48.065798,0.645343,0.000329,56.836321,0.0,0.0
1783460131.182895,489,1,4890.0,5517.61007,3890.530189,2820.864044,954.731335,2757.724854,982.93408,3000.0,-242.275146,-2.907302,-2.043123,0.16973,0.756049,47.987356,0.305985,0.000379,65.786089,0.0,0.0,0.0,10.0,9.667071,1.900507,1.132093,48.016378,0.642057,0.000331,57.144613,0.0,0.0
1783460131.192895,490,1,4900.0,5416.574016,4053.114827,2763.558172,992.599549,2758.424852,983.900627,3000.0,-241.575148,-2.898902,-1.632437,0.168424,0.490334,48.010629,0.249614,0.00038,65.90593,0.0,0.0,0.0,10.0,10.205813,1.910713,1.257452,47.960315,0.636963,0.000332,57.450103,0.0,0.0
1783460131.202895,491,1,4910.0,5320.483601,4034.338107,2709.00387,985.988947,2752.494334,984.109459,3000.0,-247.505666,-2.970068,-3.655042,0.1655,0.626547,47.978734,0.351081,0.000381,66.074375,0.0,0.0,0.0,10.0,10.063138,1.920776,1.024678,47.93273,0.576514,0.000334,57.726442,0.0,0.0
1783460131.212895,492,1,4920.0,5485.49467,4075.670003,2787.344852,994.065854,2756.676397,985.105098,3000.0,-243.323603,-2.919883,-2.053301,0.163858,0.855817,47.974906,0.325317,0.000382,66.230445,0.0,0.0,0.0,10.0,10.031745,1.930808,1.113615,47.98248,0.585726,0.000336,58.007488,0.0,0.0
1783460131.222895,493,1,4930.0,5426.344943,4000.028491,2751.696219,973.637767,2756.078775,983.958365,3000.0,-243.921225,-2.927055,-2.674404,0.161718,0.564171,47.915961,0.333131,0.000383,66.390068,0.0,0.0,0.0,10.0,9.974147,1.940782,1.197681,48.02729,0.580185,0.000337,58.286135,0.0,0.0
1783460131.232895,494,1,4940.0,5317.528318,3927.26547,2691.056841,953.991612,2748.276143,980.96169,3000.0,-251.723857,-3.020686,-2.648794,0.159599,0.697197,47.979131,0.266808,0.000384,66.51808,0.0,0.0,0.0,10.0,9.667602,1.950449,1.167393,47.912647,0.573569,0.000339,58.560947,0.0,1.0
1783460131.242895,495,1,4950.0,5409.552827,3993.408052,2732.097387,968.098922,2746.334692,979.675413,3000.0,-253.665308,-3.043984,-2.574163,0.15754,0.635992,48.052867,0.210124,0.000384,66.61905,0.0,0.0,0.0,10.0,10.110561,1.96056,1.142683,48.013912,0.593916,0.000341,58.84611,0.0,1.0
1783460131.252895,496,1,4960.0,5321.217705,4012.992495,2682.065376,970.885281,2738.622374,978.7964,3000.0,-261.377626,-3.136532,-2.895065,0.155224,0.508096,47.982132,0.213277,0.000385,66.721385,0.0,0.0,0.0,10.0,10.036292,1.970596,1.151368,47.936806,0.614571,0.000342,59.140716,0.0,1.0
1783460131.262895,497,1,4970.0,5372.814816,3985.290113,2702.623147,962.243086,2734.302467,977.141068,3000.0,-265.697533,-3.18837,-2.760603,0.153015,0.838436,47.991154,0.339482,0.000386,66.884307,0.0,0.0,0.0,10.0,9.716252,1.980312,1.244607,47.992853,0.620729,0.000344,59.438621,0.0,1.0
1783460131.272895,498,1,4980.0,5311.110319,3952.250767,2666.22004,952.349582,2726.132576,974.66192,3000.0,-273.867424,-3.286409,-3.295861,0.150379,0.692064,47.980172,0.224865,0.000386,66.992197,0.0,0.0,0.0,10.0,10.312724,1.990625,1.28205,47.898269,0.514441,0.000345,59.68503,0.0,1.0
1783460131.282895,499,1,4990.0,5208.944817,4029.76786,2609.691792,969.082451,2712.159682,974.103973,3000.0,-287.840318,-3.454084,-1.492495,0.149185,0.582623,47.985709,0.452042,0.000388,67.209112,0.0,0.0,0.0,10.0,9.876169,2.0,1.28927,48.046707,0.598831,0.000347,59.972748,0.0,1.0
1783460131.292895,500,1,5000.0,5361.744381,4097.842246,2680.87219,983.482139,2708.405183,975.041789,3000.0,-291.594817,-3.499138,-3.570736,0.146328,0.743622,47.968544,0.352286,0.000389,67.378099,0.0,0.0,0.0,0.0,-0.303428,1.999697,-0.079717,48.002789,0.0,0.000347,59.972748,0.0,1.0
1783460131.302895,501,1,5010.0,5382.316531,4053.043921,2685.786692,970.788963,2705.690964,974.616507,3000.0,-294.309036,-3.531708,-2.179826,0.144584,0.97353,48.055322,0.070385,0.000389,67.411922,0.0,0.0,0.0,0.0,-0.193248,1.999503,0.037076,47.933841,0.0,0.000347,59.972748,0.0,1.0
1783460131.312895,502,1,5020.0,5317.782124,4050.317244,2648.297871,968.203325,2698.803793,973.975189,3000.0,-301.196207,-3.614354,-3.138208,0.142074,1.055028,47.975753,0.450342,0.00039,67.627977,0.0,0.0,0.0,0.0,-0.01242,1.999491,0.007933,47.982073,0.0,0.000347,59.972748,0.0,1.0
1783460131.322895,503,1,5030.0,5241.675649,3953.069002,2605.206585,943.078092,2687.572128,970.885479,3000.0,-312.427872,-3.749134,-2.768723,0.139859,0.84177,47.973283,0.438467,0.000391,67.838325,0.0,0.0,0.0,0.0,-0.260557,1.99923,-0.157409,48.021072,0.0,0.000347,59.972748,0.0,1.0
1783460131.332895,504,1,5040.0,5146.429763,4077.606381,2552.792541,970.858662,2671.398577,970.882797,3000.0,-328.601423,-3.943217,-2.750285,0.137658,0.750722,47.949107,0.514823,0.000393,68.085177,0.0,0.0,0.0,0.0,-0.353123,1.998877,0.067835,48.021493,0.0,0.000347,59.972748,0.0,1.0
1783460131.342895,505,1,5050.0,5224.234256,4009.067151,2586.254582,952.64962,2661.181298,969.05948,3000.0,-338.818702,-4.065824,-3.667032,0.134725,0.871563,47.956802,0.274776,0.000393,68.216951,0.0,0.0,0.0,0.0,0.178089,1.999055,-0.048346,48.03983,0.0,0.000347,59.972748,0.0,1.0
1783460131.352895,506,1,5060.0,5423.796424,4125.178879,2679.741316,978.303292,2663.4085,969.983861,3000.0,-336.5915,-4.039098,-3.985234,0.131537,0.682778,47.945759,0.369624,0.000394,68.39417,0.0,0.0,0.0,0.0,-0.413147,1.998642,-0.090081,48.000756,0.0,0.000347,59.972748,0.0,1.0
1783460131.362895,507,1,5070.0,5210.025022,4108.781158,2569.045869,972.492582,2652.084984,970.234733,3000.0,-347.915016,-4.17498,-3.925923,0.128396,1.009089,47.993261,0.504965,0.000396,68.636519,0.0,0.0,0.0,0.0,0.166177,1.998808,-0.01701,47.992124,0.018473,0.000347,59.981614,0.0,1.0
1783460131.372895,508,1,5080.0,5238.72746,3969.888173,2578.113907,937.76886,2643.208455,966.988146,3000.0,-356.791545,-4.281499,-3.047559,0.125958,0.857784,48.044141,0.442481,0.000397,68.849106,0.0,0.0,0.0,0.0,-0.162397,1.998646,-1.8e-05,48.072024,0.0,0.000347,59.981614,0.0,1.0
1783460131.382895,509,1,5090.0,5087.155925,4086.69806,2498.603107,963.465162,2625.855813,966.635847,3000.0,-374.144187,-4.48973,-3.051886,0.123516,1.225965,48.037507,0.279353,0.000398,68.9833,0.0,0.0,0.0,0.0,-0.059282,1.998587,-0.038246,47.991177,0.0,0.000347,59.981614,0.0,1.0
1783460131.392895,510,1,5100.0,5189.038498,4022.447815,2543.646323,946.458309,2615.990674,964.618093,3000.0,-384.009326,-4.608112,-2.618603,0.121421,1.022773,47.958427,0.36165,0.000399,69.156741,0.0,0.0,0.0,0.0,0.239471,1.998826,0.046679,48.058099,0.013865,0.000347,59.988277,0.0,1.0
1783460131.402894,511,1,5110.0,5177.600847,4063.472641,2533.072821,954.24015,2606.040532,963.580299,3000.0,-393.959468,-4.727514,-4.258745,0.118014,0.979291,48.017,0.428622,0.0004,69.362553,0.0,0.0,0.0,0.0,0.071066,1.998897,0.060235,47.977296,0.03914,0.000347,60.007055,0.0,1.0
1783460131.412894,512,1,5120.0,5246.573696,4154.306541,2561.803563,973.665595,2600.732096,964.588829,3000.0,-399.267904,-4.791215,-3.94177,0.114861,1.080081,47.938148,0.412044,0.000401,69.560079,0.0,0.0,0.0,0.0,0.062564,1.99896,0.07155,47.988476,0.020086,0.000347,60.016694,0.0,1.0
1783460131.422895,513,1,5130.0,5208.204598,4069.592508,2538.111403,951.951464,2593.217613,963.325092,3000.0,-406.782387,-4.881389,-3.996489,0.111664,1.131545,47.945164,0.44062,0.000402,69.771335,0.0,0.0,0.0,0.0,-0.123792,1.998836,0.014643,47.926249,0.010973,0.000347,60.021953,0.0,1.0
1783460131.432895,514,1,5140.0,5255.041021,4149.910865,2555.953804,968.850786,2588.745956,963.877662,3000.0,-411.254044,-4.935049,-4.327831,0.108202,1.127704,47.922873,0.432608,0.000404,69.978653,0.0,0.0,0.0,0.0,0.19976,1.999036,-0.10629,47.967774,0.0,0.000347,60.021953,0.0,1.0
1783460131.442895,515,1,5150.0,5297.630222,4026.340554,2571.665156,938.17644,2586.69626,961.307539,3000.0,-413.30374,-4.959645,-4.3614,0.104712,0.928316,48.059278,0.473854,0.000405,70.206384,0.0,0.0,0.0,0.0,-0.129838,1.998906,0.009097,48.043201,0.0,0.000347,60.021953,0.0,1.0
1783460131.452895,516,1,5160.0,5190.455008,4157.23088,2514.755333,966.797879,2578.063348,961.856573,3000.0,-421.936652,-5.06324,-4.466764,0.101139,0.89755,47.939462,0.518853,0.000406,70.455119,0.0,0.0,0.0,0.0,0.081421,1.998987,0.156806,47.918041,0.0,0.000347,60.021953,0.0,1.0
1783460131.462895,517,1,5170.0,5202.026166,4217.72744,2515.486541,978.969619,2570.554132,963.567878,3000.0,-429.445868,-5.15335,-4.673716,0.0974,0.905905,48.013965,0.456128,0.000408,70.674125,0.0,0.0,0.0,0.0,0.278826,1.999266,0.017174,47.966907,0.035753,0.000347,60.039103,0.0,1.0
1783460131.472895,518,1,5180.0,5372.638783,4260.109982,2592.972386,986.898065,2573.244322,965.900897,3000.0,-426.755678,-5.121068,-4.40609,0.093875,1.078857,48.045391,0.60103,0.000409,70.962892,0.0,0.0,0.0,0.0,0.064292,1.99933,-0.068001,47.947637,0.0,0.000347,60.039103,0.0,1.0
1783460131.482895,519,1,5190.0,5268.548389,4127.60699,2537.836411,954.359998,2568.995373,964.746807,3000.0,-431.004627,-5.172056,-4.83699,0.090006,1.245953,47.841297,0.453106,0.000411,71.179664,0.0,0.0,0.0,0.0,-0.170048,1.99916,0.048697,48.026133,0.0,0.000347,60.039103,0.0,1.0
1783460131.492895,520,1,5200.0,5387.193286,4061.688727,2589.996772,937.312783,2571.515541,962.003404,3000.0,-428.484459,-5.141814,-4.070566,0.086749,0.94823,47.975071,0.631665,0.000412,71.482706,0.0,0.0,0.0,0.0,0.510049,1.99967,0.086937,47.948421,0.0,0.000347,60.039103,0.0,1.0
1783460131.502895,521,1,5210.0,5335.279964,4094.060314,2560.115146,942.969746,2570.147493,960.100039,3000.0,-429.852507,-5.15823,-5.103658,0.082666,1.040259,48.022998,0.694572,0.000414,71.81626,0.0,0.0,0.0,0.0,0.108669,1.999779,0.016259,48.03365,0.0,0.000347,60.039103,0.0,1.0
1783460131.512895,522,1,5220.0,5376.982986,4202.52402,2575.183423,966.097476,2570.751805,960.699782,3000.0,-429.248195,-5.150978,-4.340329,0.079194,1.078004,48.008263,0.362558,0.000415,71.990318,0.0,0.0,1.0,0.0,0.291809,2.0,-0.064967,48.028167,2.6e-05,0.000347,60.039115,0.0,1.0
1783460131.522895,523,1,5230.0,5530.017479,4214.203368,2643.411797,966.930027,2579.471004,961.322807,3000.0,-420.528996,-5.046348,-4.643979,0.075479,1.235798,47.98932,0.61867,0.000417,72.287213,0.0,0.0,1.0,0.0,-0.132031,1.999868,0.095005,48.036433,0.0,0.000347,60.039115,0.0,1.0
1783460131.532895,524,1,5240.0,5590.239949,4103.114747,2667.099212,939.644599,2589.986389,959.154986,3000.0,-410.013611,-4.920163,-3.577936,0.072616,1.067383,47.967849,0.497451,0.000418,72.52583,0.0,0.0,1.0,0.0,0.253497,2.0,-0.006938,48.029035,0.023986,0.000348,60.050635,0.0,1.0
1783460131.542895,525,1,5250.0,5495.749698,4200.328607,2617.023666,960.07511,2593.230862,959.246998,3000.0,-406.769138,-4.88123,-3.266143,0.070004,1.150489,47.98118,0.419979,0.00042,72.727341,0.0,0.0,1.0,0.0,0.322328,2.0,-0.122709,48.007207,0.061994,0.000348,60.080397,0.0,1.0
1783460131.552895,526,1,5260.0,5552.003382,4164.494539,2638.784878,950.0748,2598.697344,958.329778,3000.0,-401.302656,-4.815632,-4.311974,0.066554,1.158211,47.888588,0.448583,0.000421,72.942161,0.0,0.0,1.0,0.0,-0.159444,1.999841,0.008123,47.914939,0.060301,0.000348,60.10929,0.0,1.0
1783460131.562895,527,1,5270.0,5670.909971,4076.841532,2690.184996,928.313062,2609.675862,955.328107,3000.0,-390.324138,-4.68389,-3.096283,0.064077,1.026885,47.970616,0.491452,0.000422,73.177913,0.0,0.0,1.0,0.0,0.397705,2.0,0.012601,47.946614,0.003577,0.000348,60.111005,0.0,1.0
1783460131.572895,528,1,5280.0,5725.522873,4106.220849,2710.94833,933.232011,2621.828558,953.118497,3000.0,-378.171442,-4.538057,-4.046025,0.06084,0.877143,47.871397,0.492297,0.000424,73.413583,0.0,0.0,1.0,0.0,-0.208624,1.999791,-0.051402,48.025476,0.043169,0.000348,60.131737,0.0,1.0
1783460131.582895,529,1,5290.0,5665.111553,4072.429568,2677.273891,923.802549,2628.481998,950.186902,3000.0,-371.518002,-4.458216,-3.852709,0.057758,1.056685,47.902698,0.381642,0.000425,73.596399,0.0,0.0,1.0,0.0,0.10501,1.999896,-0.04826,47.948571,0.0,0.000348,60.131737,0.0,1.0
1783460131.592895,530,1,5300.0,5721.687071,4069.887102,2698.908996,921.483872,2636.933238,947.316599,3000.0,-363.066762,-4.356801,-2.930678,0.055413,0.931994,47.946301,0.398038,0.000426,73.787243,0.0,0.0,1.0,0.0,-0.380307,1.999516,0.014185,48.050846,0.050504,0.000348,60.156005,0.0,1.0
1783460131.602895,531,1,5310.0,6049.915518,4058.755102,2848.359472,917.232791,2662.304386,944.308219,3000.0,-337.695614,-4.052347,-3.222048,0.052836,0.726514,48.044212,0.484558,0.000427,74.020046,0.0,0.0,1.0,0.0,0.240189,1.999756,0.047731,47.993365,0.0,0.000348,60.156005,0.0,1.0
1783460131.612895,532,1,5320.0,5978.938675,4125.602597,2809.651633,930.587052,2679.986056,942.936102,3000.0,-320.013944,-3.840167,-3.020112,0.05042,0.720871,47.993448,0.407912,0.000428,74.215817,0.0,0.0,1.0,0.0,0.050139,1.999806,-0.088553,47.943901,0.0,0.000348,60.156005,0.0,1.0
1783460131.622895,533,1,5330.0,5925.5741,3978.615036,2779.349953,895.748226,2691.909723,938.217314,3000.0,-308.090277,-3.697083,-2.164314,0.048688,0.747565,47.945264,0.390516,0.000429,74.403051,0.0,0.0,1.0,0.0,0.368032,2.0,-0.062011,47.990715,0.0,0.000348,60.156005,0.0,1.0
1783460131.632895,534,1,5340.0,6058.882937,4084.820988,2836.555682,917.937301,2709.267238,936.189313,3000.0,-290.732762,-3.488793,-2.781563,0.046463,0.810193,48.037797,0.340073,0.00043,74.566415,0.0,0.0,1.0,0.0,-0.14597,1.999854,-0.046311,48.051548,0.023526,0.000348,60.167309,0.0,1.0
1783460131.642895,535,1,5350.0,6062.431536,3987.099455,2832.911933,894.302682,2724.104602,932.00065,3000.0,-275.895398,-3.310745,-2.441565,0.04451,0.818496,47.950767,0.320533,0.000431,74.720113,0.0,0.0,1.0,0.0,0.118371,1.999972,0.031962,47.976005,0.0,0.000348,60.167309,0.0,1.0
1783460131.652894,536,1,5360.0,5942.497553,4075.205352,2771.687292,912.359407,2729.814525,930.036526,3000.0,-270.185475,-3.242226,-2.713494,0.042339,0.945721,47.854716,0.33779,0.000432,74.881761,0.0,0.0,1.0,0.0,0.148247,2.0,-0.055888,48.024149,0.011328,0.000348,60.172749,0.0,1.0
1783460131.662894,537,1,5370.0,6154.233637,3996.053309,2865.099459,892.972806,2746.048717,926.330154,3000.0,-253.951283,-3.047415,-4.087266,0.039069,0.682565,47.947107,0.246247,0.000433,74.99983,0.0,0.0,1.0,0.0,-0.331324,1.999669,0.041835,48.019822,0.063171,0.000348,60.203084,0.0,1.0
1783460131.672895,538,1,5380.0,6095.133895,4097.907043,2832.31129,914.031311,2756.400225,925.100269,3000.0,-243.599775,-2.923197,-2.388468,0.037158,0.568662,47.965836,0.36244,0.000434,75.173677,0.0,0.0,1.0,0.0,-0.131303,1.999537,0.125633,48.000941,0.0,0.000348,60.203084,0.0,1.0
1783460131.682895,539,1,5390.0,6109.425492,4076.066044,2833.685293,907.47296,2765.674434,923.337538,3000.0,-234.325566,-2.811907,-2.582228,0.035093,0.631975,47.944648,0.272196,0.000435,75.30418,0.0,0.0,1.0,0.0,0.244841,1.999782,-0.038552,47.944516,0.0,0.000348,60.203084,0.0,1.0
1783460131.692895,540,1,5400.0,6223.68175,3955.012208,2881.334144,878.891602,2779.553599,918.892945,3000.0,-220.446401,-2.645357,-1.550064,0.033853,0.476363,47.988988,0.241413,0.000435,75.420032,0.0,0.0,1.0,0.0,0.430171,2.0,-0.077897,47.979942,0.027145,0.000348,60.216108,0.0,1.0
1783460131.702895,541,1,5410.0,6357.59063,4031.801556,2937.888461,894.299791,2798.553782,916.433629,3000.0,-201.446218,-2.417355,-2.64979,0.031733,0.695063,47.935842,0.111485,0.000435,75.473473,0.0,0.0,1.0,0.0,-0.139703,1.99986,-0.027871,47.960039,0.052237,0.000349,60.241161,0.0,1.0
1783460131.712895,542,1,5420.0,6340.768534,4042.842716,2924.708733,895.094328,2813.692376,914.299699,3000.0,-186.307624,-2.235691,-2.273369,0.029914,0.241342,47.957398,0.226293,0.000436,75.581997,0.0,0.0,1.0,0.0,0.215809,2.0,0.052812,48.007794,0.032047,0.000349,60.256546,0.0,1.0
1783460131.722895,543,1,5430.0,6335.713587,3953.868647,2916.995206,873.783126,2826.088716,910.248042,3000.0,-173.911284,-2.086935,-0.722055,0.029336,0.652579,47.880678,0.082136,0.000436,75.621325,0.0,0.0,1.0,0.0,0.339322,2.0,-0.034912,47.993418,0.0,0.000349,60.256546,0.0,1.0
1783460131.732895,544,1,5440.0,6381.979337,3890.453068,2932.894916,858.188177,2838.90546,905.042055,3000.0,-161.09454,-1.933134,-2.180344,0.027592,0.157541,47.812167,0.108978,0.000437,75.673429,0.0,0.0,1.0,0.0,0.306177,2.0,-0.075016,47.998825,0.04486,0.000349,60.278078,0.0,1.0
1783460131.742895,545,1,5450.0,6481.783384,3865.955052,2973.29513,851.219461,2855.03222,899.659796,3000.0,-144.96778,-1.739613,-1.070821,0.026735,0.326389,47.833331,0.250556,0.000437,75.793279,0.0,0.0,1.0,0.0,0.027532,2.0,-0.070165,48.0103,0.013346,0.000349,60.284485,0.0,1.0
1783460131.752895,546,1,5460.0,6416.005497,3819.724301,2937.731455,839.499846,2864.956128,893.643801,3000.0,-135.043872,-1.620526,-1.416171,0.025602,0.402349,47.966436,0.144781,0.000438,75.862725,0.0,0.0,1.0,0.0,-0.270806,1.999729,0.033949,48.061848,0.0,0.000349,60.284485,0.0,1.0
1783460131.762895,547,1,5470.0,6461.060939,3972.892327,2952.952897,871.566872,2875.515741,891.436108,3000.0,-124.484259,-1.493811,-0.695752,0.025046,0.530334,47.941409,0.261998,0.000438,75.98833,0.0,0.0,1.0,0.0,0.338076,2.0,-0.066193,48.015501,0.009407,0.000349,60.289002,0.0,1.0
1783460131.772895,548,1,5480.0,6386.207648,3848.086712,2913.415898,842.646725,2880.06376,886.55717,3000.0,-119.93624,-1.439235,-2.184162,0.023299,0.423187,47.968184,0.235995,0.000439,76.101533,0.0,0.0,1.0,0.0,0.337171,2.0,-0.048395,47.992001,0.061744,0.000349,60.318635,0.0,1.0
1783460131.782895,549,1,5490.0,6535.561874,3803.147061,2976.121072,831.288975,2891.590637,881.03035,3000.0,-108.409363,-1.300912,-2.246948,0.021501,0.251872,47.870816,0.135103,0.00044,76.166208,0.0,0.0,1.0,0.0,0.24272,2.0,-0.11577,48.013741,0.0,0.000349,60.318635,0.0,1.0
1783460131.792895,550,1,5500.0,6655.152938,3857.411152,3025.069517,841.616979,2907.608103,877.089013,3000.0,-92.391897,-1.108703,-0.67155,0.020964,0.087308,47.816108,0.034162,0.00044,76.182543,0.0,0.0,1.0,0.0,-0.239182,1.999761,0.09381,47.942622,0.03308,0.000349,60.334494,0.0,1.0
1783460131.802895,551,1,5510.0,6505.679058,3833.805119,2951.760008,834.948483,2912.906331,872.87496,3000.0,-87.093669,-1.045124,-2.100228,0.019284,0.147478,47.969791,0.147497,0.00044,76.253297,1.0,0.0,1.0,0.0,0.037394,1.999798,-0.114952,48.006302,0.010148,0.000349,60.339366,0.0,1.0
1783460131.812895,552,1,5520.0,6442.669558,3869.415841,2917.875706,841.177357,2913.502656,869.7052,3000.0,-86.497344,-1.037968,-1.206279,0.018319,-0.072811,47.887603,0.048572,0.00044,76.276557,1.0,0.0,1.0,0.0,0.304751,2.0,0.05756,47.997472,0.0,0.000349,60.339366,0.0,1.0
1783460131.822895,553,1,5530.0,6528.649841,3948.734415,2951.469187,856.868228,2918.05864,868.421503,3000.0,-81.94136,-0.983296,-1.289833,0.017287,0.120457,47.975816,0.136797,0.000441,76.342186,1.0,0.0,1.0,0.0,-0.109614,1.99989,0.092421,48.02758,0.0,0.000349,60.339366,0.0,1.0
1783460131.832895,554,1,5540.0,6510.286283,3816.211419,2937.854821,826.616192,2920.434182,864.240972,3000.0,-79.565818,-0.95479,0.043408,0.017321,0.301163,47.940971,0.106143,0.000441,76.393072,1.0,0.0,1.0,0.0,0.130241,2.0,-0.111132,47.92728,0.015574,0.000349,60.34683,0.0,1.0
1783460131.842895,555,1,5550.0,6522.208822,3776.052093,2937.931902,816.443696,2922.533908,859.461244,3000.0,-77.466092,-0.929593,-1.76131,0.015912,0.041343,47.942206,0.103111,0.000441,76.442506,1.0,0.0,1.0,0.0,-0.16034,1.99984,-0.074319,48.013324,0.0,0.000349,60.34683,0.0,1.0
1783460131.852895,556,1,5560.0,6479.804515,3761.278055,2913.581167,811.786631,2921.459579,854.693783,3000.0,-78.540421,-0.942485,-0.69771,0.015354,0.249752,47.882523,0.227263,0.000442,76.551325,1.0,0.0,1.0,0.0,-0.147195,1.999692,0.013305,47.922422,0.0,0.000349,60.34683,0.0,1.0
1783460131.862895,557,1,5570.0,6564.224845,3858.638611,2946.240954,831.304548,2924.433344,852.354859,3000.0,-75.566656,-0.9068,-0.636239,0.014845,0.098615,47.930048,0.011245,0.000442,76.556715,1.0,0.0,1.0,0.0,0.267511,1.99996,-0.210315,47.98075,0.0,0.000349,60.34683,0.0,1.0
1783460131.872895,558,1,5580.0,6593.327998,3776.930849,2953.999999,812.243193,2927.981343,848.343693,3000.0,-72.018657,-0.864224,-0.089974,0.014773,0.406976,47.933635,0.0,0.000442,76.556715,1.0,0.0,1.0,0.0,-0.188462,1.999772,-0.039933,48.020025,0.015186,0.000349,60.354122,0.0,1.0
1783460131.882895,559,1,5590.0,6387.642345,3855.821246,2856.727346,827.725491,2919.430863,846.281872,3000.0,-80.569137,-0.96683,-1.300152,0.013733,0.159619,47.922301,0.0863,0.000442,76.598072,1.0,0.0,1.0,0.0,0.392214,2.0,0.091148,47.934048,0.0,0.000349,60.354122,0.0,1.0
1783460131.892895,560,1,5600.0,6581.480481,3797.089537,2938.160929,813.662044,2921.678471,843.01989,3000.0,-78.321529,-0.939858,-0.456502,0.013368,0.210531,47.969496,0.155718,0.000442,76.672769,1.0,0.0,1.0,0.0,0.196616,2.0,-0.054137,48.030371,0.0,0.000349,60.354122,0.0,1.0
1783460131.902894,561,1,5610.0,6472.505594,3732.672242,2884.360782,798.432565,2917.200348,838.561157,3000.0,-82.799652,-0.993596,-1.203102,0.012405,0.078073,47.80613,0.198432,0.000443,76.767632,1.0,0.0,1.0,0.0,-0.053196,1.999947,-0.01418,48.025062,0.042607,0.000349,60.374584,0.0,1.0
1783460131.912894,562,1,5620.0,6597.427468,3749.380495,2934.798696,800.579465,2919.31215,834.762988,3000.0,-80.68785,-0.968254,-0.699979,0.011845,0.077215,47.941695,0.098509,0.000443,76.814859,1.0,0.0,1.0,0.0,0.227275,2.0,0.066184,48.039085,0.021447,0.000349,60.384887,0.0,1.0
1783460131.922895,563,1,5630.0,6501.002276,3681.500308,2886.768328,784.689231,2915.406891,829.755612,3000.0,-84.593109,-1.015117,-0.667859,0.011311,0.475841,47.881909,0.047322,0.000443,76.837517,1.0,0.0,1.0,0.0,0.154514,2.0,0.133944,47.947947,0.0,0.000349,60.384887,0.0,1.0
1783460131.932895,564,1,5640.0,6448.859542,3796.63169,2858.537031,807.793977,2908.582508,827.559449,3000.0,-91.417492,-1.09701,-0.970946,0.010534,0.202298,47.877023,0.057951,0.000444,76.865263,1.0,0.0,1.0,0.0,-0.206795,1.999793,0.028799,48.028624,0.0,0.000349,60.384887,0.0,1.0
1783460131.942895,565,1,5650.0,6627.45555,3828.437276,2932.502456,813.119421,2911.452902,826.115446,3000.0,-88.547098,-1.062565,-0.594319,0.010059,0.191334,47.913453,0.016368,0.000444,76.873105,1.0,0.0,1.0,0.0,0.39585,2.0,0.113192,47.988023,0.0,0.000349,60.384887,0.0,1.0
1783460131.952895,566,1,5660.0,6484.940646,3845.112307,2864.373077,815.218157,2905.803323,825.025717,3000.0,-94.196677,-1.13036,-1.123795,0.00916,0.129334,47.907317,0.04313,0.000444,76.893768,1.0,0.0,1.0,0.0,0.333813,2.0,0.075641,48.03319,0.0,0.000349,60.384887,0.0,1.0
1783460131.962895,567,1,5670.0,6534.624739,3894.216245,2881.227839,824.17275,2902.854265,824.94042,3000.0,-97.145735,-1.165749,-2.002472,0.007558,0.287323,47.968149,0.261496,0.000444,77.019202,1.0,0.0,1.0,0.0,-0.237639,1.999762,0.022098,48.052216,0.048234,0.00035,60.408064,0.0,1.0
1783460131.972895,568,1,5680.0,6383.356951,3634.647107,2809.576123,767.883192,2891.660888,819.234697,3000.0,-108.339112,-1.300069,-0.98891,0.006767,0.360763,47.890178,0.103778,0.000445,77.068902,1.0,0.0,1.0,0.0,0.319507,2.0,0.118201,47.970391,0.006308,0.00035,60.41109,0.0,1.0
1783460131.982895,569,1,5690.0,6451.544936,3961.014196,2834.597951,835.363275,2884.813335,820.847555,3000.0,-115.186665,-1.38224,-1.835557,0.005298,0.143579,47.850488,0.054346,0.000445,77.094907,1.0,0.0,1.0,0.0,0.31939,2.0,0.185732,48.013034,0.0,0.00035,60.41109,0.0,1.0
1783460131.992895,570,1,5700.0,6618.142942,3743.370205,2902.694273,788.077938,2886.959048,817.570594,3000.0,-113.040952,-1.356491,-0.443444,0.004944,0.29296,47.914583,0.080348,0.000445,77.133405,1.0,0.0,1.0,0.0,-0.051106,1.999949,-0.12957,48.000936,0.03561,0.00035,60.428183,0.0,1.0
1783460132.002895,571,1,5710.0,6432.316408,3743.433292,2816.250617,786.711025,2878.474036,814.484637,3000.0,-121.525964,-1.458312,-1.433893,0.003796,0.274379,47.887622,0.142225,0.000446,77.201514,1.0,0.0,1.0,0.0,0.070934,2.0,-0.002841,47.915904,0.012548,0.00035,60.434196,0.0,1.0
1783460132.012895,572,1,5720.0,6699.528477,3862.013366,2928.115593,810.212594,2884.431023,814.057432,3000.0,-115.568977,-1.386828,-2.023931,0.002177,0.33995,47.914488,0.059543,0.000446,77.230043,1.0,0.0,1.0,0.0,0.019047,2.0,0.102115,48.080869,0.00506,0.00035,60.436629,0.0,1.0
1783460132.022895,573,1,5730.0,6669.823828,3836.527555,2910.0453,803.461268,2887.504736,812.997816,3000.0,-112.495264,-1.349943,-1.311878,0.001128,0.504738,47.937433,0.184354,0.000446,77.318418,1.0,0.0,1.0,0.0,-0.131636,1.999868,0.117381,48.052023,0.0,0.00035,60.436629,0.0,1.0
1783460132.032895,574,1,5740.0,6745.725374,3876.916974,2938.033699,810.505291,2893.568212,812.748563,3000.0,-106.431788,-1.277181,-0.90805,0.000401,-0.02158,47.814747,0.20688,0.000447,77.417337,1.0,0.0,1.0,0.0,-0.191747,1.999677,0.064996,47.933642,0.0,0.00035,60.436629,0.0,1.0
1783460132.042895,575,1,5750.0,6844.373359,3953.380016,2975.814504,825.053221,2903.437767,813.979029,3000.0,-96.562233,-1.158747,-1.014352,-0.00041,0.288481,47.851073,0.144355,0.000447,77.486412,1.0,0.0,0.0,0.0,0.294858,1.999971,-0.033238,48.024282,0.0,0.00035,60.436629,0.0,1.0
1783460132.052895,576,1,5760.0,6871.29835,3975.019566,2982.334353,828.129076,2912.905357,815.394034,3000.0,-87.094643,-1.045136,-0.872012,-0.001108,0.179766,47.955655,0.064132,0.000447,77.517167,1.0,0.0,0.0,0.0,0.092438,2.0,-0.025111,47.953863,0.041553,0.00035,60.456555,0.0,1.0
1783460132.062895,577,1,5770.0,6731.281136,3942.384427,2916.499626,819.90664,2913.336669,815.845294,3000.0,-86.663331,-1.03996,-1.026427,-0.001929,0.208621,47.87516,0.051607,0.000447,77.541874,1.0,0.0,0.0,0.0,0.183328,2.0,-0.006943,48.043137,0.029873,0.00035,60.470907,0.0,1.0
1783460132.072895,578,1,5780.0,6905.036099,3874.22638,2986.607309,804.337657,2922.129146,814.694531,3000.0,-77.870854,-0.93445,-0.434396,-0.002276,0.179419,47.881205,0.036291,0.000448,77.559251,1.0,0.0,0.0,0.0,-0.118612,1.999881,0.050412,47.9829,0.0,0.00035,60.470907,0.0,1.0
1783460132.082895,579,1,5790.0,6919.301844,3963.050302,2987.608741,821.357575,2929.986698,815.360835,3000.0,-70.013302,-0.84016,-1.298193,-0.003315,0.200692,47.937351,0.171712,0.000448,77.641565,1.0,0.0,0.0,0.0,-0.134289,1.999747,-0.088857,47.981722,0.053763,0.00035,60.496704,0.0,1.0
1783460132.092895,580,1,5800.0,6958.034014,3748.251641,2999.152592,775.500339,2938.286605,811.374786,3000.0,-61.713395,-0.740561,-0.177885,-0.003457,-0.169752,47.97619,0.141685,0.000448,77.70954,1.0,0.0,0.0,0.0,-0.098646,1.999648,0.008556,48.033051,0.0,0.00035,60.496704,0.0,1.0
1783460132.102895,581,1,5810.0,6984.947539,3952.712411,3005.57123,816.39499,2946.36076,811.876806,3000.0,-53.63924,-0.643671,-0.653214,-0.00398,0.37036,47.776249,0.06813,0.000449,77.74209,1.0,0.0,0.0,0.0,-0.34827,1.9993,-0.014568,47.964595,0.101851,0.00035,60.545556,0.0,1.0
1783460132.112895,582,1,5820.0,6957.217124,3968.631747,2988.495328,818.274587,2951.416908,812.516584,3000.0,-48.583092,-0.582997,-0.787269,-0.00461,0.261669,47.851311,0.005901,0.000449,77.744913,1.0,0.0,0.0,0.0,0.467598,1.999768,0.062475,48.013448,0.096495,0.000351,60.591887,0.0,1.0
1783460132.122895,583,1,5830.0,7001.339387,3926.436501,3002.289617,808.185901,2957.521633,812.083516,3000.0,-42.478367,-0.50974,-0.814733,-0.005261,0.292616,47.844513,0.146194,0.000449,77.814859,1.0,0.0,0.0,0.0,-0.157354,1.99961,-0.145173,47.959919,0.011486,0.000351,60.597395,0.0,1.0
1783460132.132895,584,1,5840.0,7206.116659,4128.652693,3084.810214,848.353293,2972.796263,815.710494,3000.0,-27.203737,-0.326445,-0.084478,-0.005329,0.174431,47.741873,0.053658,0.000449,77.840476,1.0,0.0,0.0,0.0,0.009635,1.99962,-0.024718,47.966705,0.035189,0.000351,60.614274,0.0,1.0
1783460132.142895,585,1,5850.0,7259.006592,4204.382592,3102.139569,862.437455,2988.31746,820.38319,3000.0,-11.68254,-0.14019,-0.212335,-0.005499,-0.088566,47.967002,0.0,0.000449,77.840476,1.0,0.0,0.0,0.0,-0.130151,1.99949,-0.110976,48.021006,0.024228,0.000351,60.625909,0.0,1.0
1783460132.152894,586,1,5860.0,7293.100679,4069.043178,3111.391075,833.251163,3003.086293,821.669987,3000.0,3.086293,0.037036,0.302431,-0.005257,0.091292,47.897109,0.097978,0.000449,77.887405,1.0,0.0,0.0,0.0,0.213118,1.999703,0.015104,47.973139,0.032118,0.000351,60.641317,0.0,1.0
1783460132.162894,587,1,5870.0,7235.445086,4053.905501,3081.535386,828.73707,3012.500185,822.376695,3000.0,12.500185,0.150002,-0.235105,-0.005445,0.352939,47.821487,0.068114,0.00045,77.919978,1.0,0.0,0.0,0.0,0.169072,1.999872,0.070098,47.998019,0.003356,0.000351,60.642928,0.0,1.0
1783460132.172895,588,1,5880.0,7326.102957,3844.618368,3114.839693,784.615994,3024.780925,818.600625,3000.0,24.780925,0.297371,-0.138274,-0.005556,0.270025,47.827894,0.040538,0.00045,77.939367,1.0,0.0,0.0,0.0,0.659397,2.0,-0.077454,47.974768,0.0,0.000351,60.642928,0.0,1.0
1783460132.182895,589,1,5890.0,7237.041706,4024.972695,3071.749451,820.028393,3030.417149,818.743402,3000.0,30.417149,0.365006,-0.415022,-0.005888,0.161885,47.855017,0.0,0.00045,77.939367,1.0,0.0,0.0,0.0,0.202534,2.0,0.077767,47.981915,0.037869,0.000351,60.661098,0.0,1.0
1783460132.192895,590,1,5900.0,7509.627371,4037.923603,3182.045496,821.272597,3048.61255,818.996321,3000.0,48.61255,0.583351,0.61897,-0.005392,0.156042,47.824287,0.0,0.00045,77.939367,1.0,0.0,0.0,0.0,0.101977,2.0,0.184537,47.998136,0.008412,0.000351,60.665135,0.0,1.0
1783460132.202895,591,1,5910.0,7432.534537,4112.757462,3144.050142,835.077657,3060.065061,820.604455,3000.0,60.065061,0.720781,0.489874,-0.005001,0.102062,47.831929,0.068185,0.00045,77.971981,1.0,0.0,0.0,0.0,-0.14074,1.999859,0.099316,48.102494,0.0,0.000351,60.665135,0.0,1.0
1783460132.212895,592,1,5920.0,7547.358354,4190.885583,3187.229034,849.503834,3075.324738,823.494393,3000.0,75.324738,0.903897,1.032737,-0.004174,0.084335,47.83486,0.137319,0.00045,78.037667,1.0,0.0,0.0,0.0,-0.409581,1.99945,0.177204,48.015072,0.0,0.000351,60.665135,0.0,1.0
1783460132.222895,593,1,5930.0,7621.434962,4073.154308,3213.083879,824.247078,3091.855835,823.569661,3000.0,91.855835,1.10227,1.805115,-0.00273,0.229914,47.840334,0.250789,0.000451,78.157645,1.0,0.0,0.0,0.0,0.257986,1.999708,-0.015555,48.021812,0.0,0.000351,60.665135,0.0,1.0
1783460132.232895,594,1,5940.0,7658.595866,4164.768315,3223.314758,841.367336,3107.630906,825.349429,3000.0,107.630906,1.291571,1.207803,-0.001764,0.448379,47.959658,0.0,0.000451,78.157645,1.0,0.0,0.0,0.0,0.580583,2.0,0.081948,48.000826,0.0,0.000351,60.665135,0.0,1.0
1783460132.242895,595,1,5950.0,7585.976278,4306.400513,3187.384991,868.51775,3117.201396,829.666261,3000.0,117.201396,1.406417,0.605971,-0.001279,0.40719,47.838743,0.010584,0.000451,78.162708,1.0,0.0,0.0,0.0,0.104604,2.0,0.038908,47.95321,0.034376,0.000351,60.681619,0.0,1.0
1783460132.252895,596,1,5960.0,7942.879813,4258.471326,3331.744888,857.410334,3142.946615,832.440668,3000.0,142.946615,1.715359,1.622291,1.9e-05,0.267309,47.806214,0.139048,0.000451,78.229182,1.0,0.0,1.0,0.0,0.017251,2.0,0.00094,47.990055,0.09967,0.000351,60.729451,0.0,1.0
1783460132.262895,597,1,5970.0,7888.129405,4141.406357,3303.236769,832.443489,3162.181434,832.44095,3000.0,162.181434,1.946177,0.995575,0.000815,0.167374,47.806415,0.240916,0.000452,78.344355,1.0,0.0,1.0,0.0,-0.07131,1.999929,-0.055429,48.029481,0.021969,0.000352,60.740002,0.0,1.0
1783460132.272895,598,1,5980.0,7916.911814,4241.249744,3309.745741,851.086905,3179.889151,834.305546,3000.0,179.889151,2.15867,1.751735,0.002216,0.277116,47.763346,0.151353,0.000453,78.416647,1.0,0.0,1.0,0.0,-0.197169,1.999732,-0.065516,47.991339,0.0,0.000352,60.740002,0.0,1.0
1783460132.282895,599,1,5990.0,7818.892142,4246.12918,3263.310577,850.643575,3189.899722,835.939349,3000.0,189.899722,2.278797,2.036614,0.003846,0.427454,47.895281,0.253116,0.000453,78.537878,1.0,0.0,1.0,0.0,0.097362,1.999829,-0.029883,48.020674,0.0273,0.000352,60.753112,0.0,1.0
1783460132.292895,600,1,6000.0,7805.587749,4363.757824,3252.328229,872.751565,3197.391142,839.62057,3000.0,197.391142,2.368694,1.686755,0.005195,0.618705,47.737737,0.202138,0.000454,78.634374,1.0,0.0,1.0,0.0,-0.424752,1.999404,-0.011872,48.009073,0.016279,0.000352,60.760927,0.0,1.0
1783460132.302895,601,1,6010.0,8022.445126,4166.204484,3337.123597,831.854473,3214.159037,838.843961,3000.0,214.159037,2.569908,2.75869,0.007402,0.363589,47.83497,0.194852,0.000454,78.727581,1.0,0.0,1.0,0.0,-0.150634,1.999253,-0.112248,48.05428,0.029845,0.000352,60.775269,0.0,1.0
1783460132.312895,602,1,6020.0,8076.460061,4276.841999,3354.011653,852.526644,3230.941351,840.212229,3000.0,230.941351,2.771296,1.792477,0.008836,0.593173,47.805122,0.284043,0.000455,78.863368,1.0,0.0,1.0,0.0,0.098432,1.999352,-0.019771,48.01995,0.023344,0.000352,60.786478,0.0,1.0
1783460132.322895,603,1,6030.0,8184.64843,4478.47448,3393.303661,891.238703,3250.424828,845.314876,3000.0,250.424828,3.005098,1.750336,0.010236,0.476046,47.788443,0.284686,0.000456,78.999416,1.0,0.0,1.0,0.0,-0.398618,1.998953,-0.042434,48.041904,0.02917,0.000352,60.800492,0.0,1.0
1783460132.332895,604,1,6040.0,8298.182236,4386.39397,3434.678078,871.469001,3272.535218,847.930289,3000.0,272.535218,3.270423,3.188252,0.012787,0.640147,47.830114,0.397352,0.000457,79.189469,1.0,0.0,1.0,0.0,0.214647,1.999168,-0.153308,47.930571,0.0,0.000352,60.800492,0.0,1.0
1783460132.342895,605,1,6050.0,8126.050105,4437.007105,3357.871944,880.067525,3282.775625,851.144012,3000.0,282.775625,3.393308,3.685472,0.015735,0.796017,47.863809,0.494686,0.000458,79.426245,1.0,0.0,1.0,0.0,0.112172,1.99928,0.044723,48.018635,0.014973,0.000352,60.807682,0.0,1.0
1783460132.352895,606,1,6060.0,8349.247068,4391.084827,3444.408857,869.521748,3302.171613,852.981786,3000.0,302.171613,3.626059,3.016051,0.018148,0.738762,47.858538,0.229591,0.000459,79.536124,1.0,0.0,1.0,0.0,0.115182,1.999395,0.010087,48.016039,0.0,0.000352,60.807682,0.0,1.0
1783460132.362895,607,1,6070.0,8307.140931,4348.539504,3421.392476,859.67832,3316.478116,853.651439,3000.0,316.478116,3.797737,3.110641,0.020637,0.89103,47.802821,0.263264,0.00046,79.661972,0.0,0.0,1.0,0.0,0.113524,1.999509,-0.17614,48.029752,0.082702,0.000352,60.847403,0.0,1.0
1783460132.372895,608,1,6080.0,8328.116077,4415.751254,3424.389834,871.529853,3329.427523,855.439281,3000.0,329.427523,3.95313,4.055425,0.023881,1.026318,47.956928,0.325622,0.000461,79.81813,0.0,0.0,1.0,0.0,-0.085304,1.999424,0.038666,47.919254,0.0,0.000352,60.847403,0.0,1.0
1783460132.382895,609,1,6090.0,8328.349684,4461.712916,3418.86276,879.155254,3340.159751,857.810878,3000.0,340.159751,4.081917,3.880786,0.026986,1.012961,47.876695,0.413102,0.000462,80.01591,0.0,0.0,1.0,0.0,0.073047,1.999497,0.060758,48.050586,0.0,0.000352,60.847403,0.0,1.0
1783460132.392895,610,1,6100.0,8384.19665,4340.758891,3436.146168,853.919782,3351.678121,857.421768,3000.0,351.678121,4.220137,3.593286,0.02986,1.10159,47.828112,0.348255,0.000463,80.182474,0.0,0.0,1.0,0.0,-0.227749,1.999269,-0.045854,48.030476,0.0,0.000352,60.847403,0.0,1.0
1783460132.402894,611,1,6110.0,8315.029817,4422.252698,3402.221693,868.527535,3357.74335,858.532345,3000.0,357.74335,4.29292,3.600172,0.03274,1.049528,47.949087,0.579793,0.000464,80.460479,0.0,0.0,1.0,0.0,0.086213,1.999355,0.027112,48.055683,0.051116,0.000352,60.871968,0.0,1.0
1783460132.412894,612,1,6120.0,8353.360317,4242.052644,3412.320391,831.775028,3364.292595,855.856613,3000.0,364.292595,4.371511,4.016111,0.035953,0.995496,47.868745,0.480583,0.000466,80.690528,0.0,0.0,1.0,0.0,-0.174607,1.99918,-0.040804,48.053566,0.0,0.000352,60.871968,0.0,1.0
1783460132.422895,613,1,6130.0,8332.571902,4331.612714,3398.275654,847.950287,3368.370562,855.065981,3000.0,368.370562,4.420447,3.823589,0.039012,0.895966,47.923911,0.507033,0.000467,80.933518,0.0,0.0,1.0,0.0,-0.372555,1.998808,0.018363,48.078446,0.131851,0.000353,60.93536,0.0,1.0
1783460132.432895,614,1,6140.0,8372.79463,4361.015685,3409.118335,852.315769,3373.260295,854.79096,3000.0,373.260295,4.479124,2.994707,0.041408,1.068845,47.859795,0.470569,0.000468,81.158731,0.0,0.0,1.0,0.0,-0.271057,1.998537,0.062501,48.091408,0.054348,0.000353,60.961496,0.0,1.0
1783460132.442895,615,1,6150.0,8456.398707,4355.290599,3437.56045,849.8128,3380.976313,854.293144,3000.0,380.976313,4.571716,4.197969,0.044766,0.984615,47.708219,0.319744,0.000469,81.311275,0.0,0.0,1.0,0.0,0.342055,1.998879,0.106422,47.99373,0.0,0.000353,60.961496,0.0,1.0
1783460132.452895,616,1,6160.0,8409.90804,4241.847987,3413.112029,826.334023,3384.832599,851.497232,3000.0,384.832599,4.617991,3.659787,0.047694,1.278007,47.802217,0.398247,0.00047,81.501646,0.0,0.0,1.0,0.0,-0.335983,1.998543,0.016457,47.952505,0.026017,0.000353,60.973972,0.0,1.0
1783460132.462895,617,1,6170.0,8418.726407,4516.529358,3411.153325,878.417379,3387.991086,854.189246,3000.0,387.991086,4.655893,4.113492,0.050985,1.095849,47.761988,0.467517,0.000472,81.724942,0.0,0.0,1.0,0.0,0.075945,1.998619,0.027429,48.01777,0.004903,0.000353,60.976326,0.0,1.0
1783460132.472895,618,1,6180.0,8353.259462,4137.646581,3379.150268,803.426521,3386.930188,849.112974,3000.0,386.930188,4.643162,3.249307,0.053584,1.173586,47.871184,0.555706,0.000473,81.990965,0.0,0.0,1.0,0.0,0.08203,1.998701,0.018163,48.000864,0.0,0.000353,60.976326,0.0,1.0
1783460132.482895,619,1,6190.0,8478.315243,4300.115405,3424.198402,833.624957,3391.402374,847.564172,3000.0,391.402374,4.696828,3.546853,0.056422,0.885062,47.826652,0.542895,0.000475,82.250613,0.0,0.0,1.0,0.0,0.199938,1.998901,-0.077664,48.012112,0.0,0.000353,60.976326,0.0,1.0
1783460132.492895,620,1,6200.0,8296.914886,4446.881683,3345.530196,860.686777,3385.897712,848.876433,3000.0,385.897712,4.630773,3.473748,0.059201,1.105823,47.789307,0.525314,0.000476,82.501657,0.0,0.0,1.0,0.0,0.312099,1.999213,0.020918,48.027157,0.0,0.000353,60.976326,0.0,1.0
1783460132.502895,621,1,6210.0,8452.912776,4254.212647,3402.943952,822.070077,3387.943261,846.195797,3000.0,387.943261,4.655319,4.343715,0.062676,1.202123,47.80373,0.468564,0.000478,82.725648,0.0,0.0,1.0,0.0,-0.166682,1.999046,-0.104722,47.974263,0.0,0.000353,60.976326,0.0,1.0
1783460132.512895,622,1,6220.0,8321.198392,4384.903543,3344.533116,845.962098,3382.734044,846.172427,3000.0,382.734044,4.592809,3.268261,0.06529,1.004141,47.693694,0.466376,0.000479,82.94808,0.0,0.0,1.0,0.0,-0.173031,1.998873,-0.050027,48.043525,0.0,0.000353,60.976326,0.0,1.0
1783460132.522895,623,1,6230.0,8527.012729,4361.06513,3421.754707,840.012545,3387.416523,845.556439,3000.0,387.416523,4.648998,4.05278,0.068533,0.904047,47.824876,0.446241,0.00048,83.161494,0.0,0.0,1.0,0.0,0.177226,1.99905,-0.046116,48.037666,0.021135,0.000353,60.986479,0.0,1.0
1783460132.532895,624,1,6240.0,8462.264858,4422.857323,3390.330472,850.549485,3387.766197,846.055744,3000.0,387.766197,4.653194,3.616012,0.071425,0.927698,47.784306,0.379358,0.000481,83.342768,0.0,0.0,1.0,0.0,0.077817,1.999128,-0.015718,47.984651,0.034165,0.000353,61.002873,0.0,1.0
1783460132.542895,625,1,6250.0,8603.927922,4364.010214,3441.571169,837.889961,3394.222794,845.239165,3000.0,394.222794,4.730674,2.911478,0.073755,1.11352,47.725284,0.401661,0.000482,83.534462,0.0,0.0,1.0,0.0,-0.040209,1.999088,0.122776,47.875912,0.0,0.000353,61.002873,0.0,1.0
1783460132.552895,626,1,6260.0,8479.762709,4417.649095,3386.486705,846.833692,3393.294463,845.398618,3000.0,393.294463,4.719534,3.053956,0.076198,0.918288,47.882757,0.542499,0.000484,83.794225,0.0,0.0,1.0,0.0,-0.15198,1.998936,0.081106,48.004259,0.0,0.000353,61.002873,0.0,1.0
1783460132.562895,627,1,6270.0,8497.681162,4292.973316,3388.230128,821.621687,3392.686743,843.020925,3000.0,392.686743,4.712241,3.324686,0.078858,1.105519,47.871515,0.356005,0.000485,83.96465,0.0,0.0,1.0,0.0,0.166592,1.999103,-0.08356,47.996371,0.012141,0.000353,61.0087,0.0,1.0
1783460132.572895,628,1,6280.0,8669.685752,4349.313226,3451.308022,831.07896,3399.721296,841.826728,3000.0,399.721296,4.796656,4.05764,0.082104,1.299659,47.900685,0.563919,0.000486,84.234771,0.0,0.0,0.0,0.0,0.187619,1.99929,0.040655,48.081963,0.029492,0.000353,61.022881,0.0,1.0
1783460132.582895,629,1,6290.0,8543.670575,4361.55921,3395.735523,832.093967,3399.243004,840.853452,3000.0,399.243004,4.790916,4.133959,0.085411,0.845093,47.789942,0.615951,0.000488,84.529134,0.0,0.0,0.0,0.0,-0.284261,1.999006,0.040789,48.015653,0.038602,0.000353,61.041416,0.0,1.0
1783460132.592895,630,1,6300.0,8560.358013,4278.55884,3396.967465,814.963589,3398.969939,838.264466,3000.0,398.969939,4.787639,3.952487,0.088573,0.958944,47.895173,0.493308,0.000489,84.765405,0.0,0.0,0.0,0.0,0.213266,1.999219,-0.079692,48.029511,0.099584,0.000354,61.089246,0.0,1.0
1783460132.602895,631,1,6310.0,8652.437668,4246.838067,3428.065637,807.639569,3402.461423,835.201976,3000.0,402.461423,4.829537,4.529546,0.092196,0.991327,47.752263,0.392742,0.000491,84.952948,0.0,0.0,0.0,0.0,-0.295459,1.998924,0.041817,47.957503,0.0,0.000354,61.089246,0.0,1.0
1783460132.612895,632,1,6320.0,8655.68344,4394.890121,3423.925411,834.472808,3405.037101,835.129059,3000.0,405.037101,4.860445,4.430638,0.095741,1.254228,47.799013,0.56735,0.000492,85.224135,0.0,0.0,0.0,0.0,-0.196845,1.998727,0.136855,48.031008,0.010629,0.000354,61.094351,0.0,1.0
1783460132.622895,633,1,6330.0,8582.124926,4449.276017,3389.464821,843.464648,3403.168428,835.962618,3000.0,403.168428,4.838021,3.733259,0.098728,0.972661,47.77352,0.435308,0.000493,85.432098,0.0,0.0,0.0,0.0,0.123395,1.99885,0.034181,48.002598,0.074928,0.000354,61.130318,0.0,1.0
1783460132.632895,634,1,6340.0,8649.273714,4387.00713,3410.59689,830.348353,3404.059843,835.401192,3000.0,404.059843,4.848718,3.311785,0.101377,1.151262,47.842183,0.495733,0.000495,85.669267,0.0,0.0,0.0,0.0,0.126528,1.998977,0.046766,48.024199,0.0,0.000354,61.130318,0.0,1.0
1783460132.642895,635,1,6350.0,8878.286057,4530.208735,3495.388212,856.102438,3415.019247,837.471316,3000.0,415.019247,4.980231,4.64565,0.105094,1.056622,47.910772,0.517801,0.000496,85.917349,0.0,0.0,0.0,0.0,0.293094,1.99927,0.054619,48.072139,0.0,0.000354,61.130318,0.0,1.0
1783460132.652894,636,1,6360.0,8772.714787,4418.366346,3448.394177,833.654028,3419.024239,837.089587,3000.0,419.024239,5.028291,4.003685,0.108296,1.051693,47.886629,0.45794,0.000497,86.136641,0.0,0.0,0.0,0.0,0.077316,1.999347,0.030122,47.988684,0.0,0.000354,61.130318,0.0,1.0
1783460132.662894,637,1,6370.0,8723.054001,4349.303949,3423.490581,819.335124,3419.5602,835.314141,3000.0,419.5602,5.034722,5.229022,0.11248,0.999615,47.809229,0.669702,0.000499,86.45682,0.0,0.0,0.0,0.0,0.009556,1.999357,0.040744,48.015583,0.0,0.000354,61.130318,0.0,1.0
1783460132.672895,638,1,6380.0,8860.781251,4332.552957,3472.092967,814.900243,3425.864132,833.272751,3000.0,425.864132,5.11037,4.186756,0.115829,1.014243,47.784692,0.531842,0.000501,86.71096,0.0,0.0,0.0,0.0,0.299887,1.999657,0.188792,47.964432,0.011374,0.000354,61.135774,0.0,1.0
1783460132.682895,639,1,6390.0,8900.268692,4328.990964,3482.108252,812.95605,3432.613426,831.241081,3000.0,432.613426,5.191361,3.39679,0.118547,1.401096,47.787076,0.595913,0.000502,86.995729,0.0,0.0,0.0,0.0,-0.263638,1.999393,-0.187595,48.085412,0.0,0.000354,61.135774,0.0,1.0
1783460132.692895,640,1,6400.0,8948.442534,4512.539326,3495.485365,846.101124,3440.158059,832.727085,3000.0,440.158059,5.281897,4.375894,0.122047,1.134119,47.874118,0.505587,0.000504,87.237774,0.0,0.0,0.0,0.0,0.200234,1.999593,-0.09893,48.071366,0.0,0.000354,61.135774,0.0,1.0
1783460132.702895,641,1,6410.0,9111.943902,4337.885801,3553.800274,812.084705,3453.795125,830.662847,3000.0,453.795125,5.445541,4.058615,0.125294,1.156047,47.852242,0.524964,0.000505,87.488981,0.0,0.0,0.0,0.0,0.04863,1.999642,-0.037736,48.066194,0.0,0.000354,61.135774,0.0,1.0
1783460132.712895,642,1,6420.0,9001.695897,4554.198019,3505.333293,851.251966,3459.979705,832.721759,3000.0,459.979705,5.519756,3.445558,0.128051,1.472487,47.804628,0.58675,0.000507,87.769475,0.0,0.0,0.0,0.0,0.080809,1.999723,-0.052611,48.025892,0.081495,0.000354,61.174912,0.0,1.0
1783460132.722895,643,1,6430.0,9320.021391,4361.518442,3623.647508,813.969227,3479.619841,830.846506,3000.0,479.619841,5.755438,5.339394,0.132322,1.090374,47.793485,0.587209,0.000509,88.050123,0.0,0.0,0.0,0.0,0.310926,2.0,-0.110812,48.052535,0.0,0.000354,61.174912,0.0,1.0
1783460132.732895,644,1,6440.0,9121.280601,4540.016761,3540.869799,845.965856,3486.969836,832.358441,3000.0,486.969836,5.843638,4.583586,0.135989,0.98508,47.843265,0.449443,0.00051,88.265151,0.0,0.0,0.0,0.0,-0.094483,1.999906,-0.090119,47.959462,0.043559,0.000354,61.195803,0.0,1.0
1783460132.742895,645,1,6450.0,9385.805996,4312.411851,3637.909301,802.309182,3505.082572,829.353515,3000.0,505.082572,6.060991,4.8573,0.139875,1.343644,47.870285,0.642948,0.000512,88.572932,0.0,0.0,0.0,0.0,-0.302505,1.999603,-0.103286,48.033196,0.030543,0.000354,61.210474,0.0,1.0
1783460132.752895,646,1,6460.0,9333.889221,4413.526532,3612.186231,819.85013,3517.935011,828.403177,3000.0,517.935011,6.21522,5.351283,0.144156,1.410779,47.669999,0.59981,0.000513,88.858861,0.0,0.0,0.0,0.0,0.205868,1.999809,-0.118731,48.043534,0.0,0.000354,61.210474,0.0,1.0
1783460132.762895,647,1,6470.0,9468.918547,4409.232234,3658.778418,817.786504,3534.83622,827.341509,3000.0,534.83622,6.418035,4.455238,0.14772,1.445104,47.795438,0.763541,0.000515,89.223799,0.0,0.0,0.0,0.0,0.207905,2.0,-0.127061,48.016399,0.039253,0.000354,61.229322,0.0,1.0
1783460132.772895,648,1,6480.0,9584.062702,4690.532023,3697.555055,868.617041,3554.36248,831.469062,3000.0,554.36248,6.65235,6.431527,0.152865,1.357532,47.819022,0.857343,0.000518,89.633772,0.0,0.0,0.0,0.0,0.319537,2.0,-0.053637,47.923761,0.0,0.000354,61.229322,0.0,1.0
1783460132.782895,649,1,6490.0,9625.025022,4518.826925,3707.636757,835.530402,3572.755393,831.875196,3000.0,572.755393,6.873065,5.544266,0.157301,1.425117,47.755655,0.736633,0.00052,89.985555,0.0,0.0,0.0,0.0,-0.006887,1.999993,0.034484,47.918136,0.071593,0.000355,61.263628,0.0,1.0
1783460132.792895,650,1,6500.0,9729.797065,4654.504561,3742.22964,859.29315,3593.092303,834.616992,3000.0,593.092303,7.117108,4.804264,0.161144,1.699343,47.726067,0.746042,0.000522,90.341612,0.0,0.0,0.0,0.0,0.290695,2.0,0.085732,48.036312,0.07411,0.000355,61.299227,0.0,1.0
1783460132.802895,651,1,6510.0,9693.078914,4493.288304,3722.380535,828.255909,3608.606891,833.980883,3000.0,608.606891,7.303283,5.724775,0.165724,1.609625,47.838765,0.645307,0.000524,90.650319,0.0,0.0,0.0,0.0,0.203817,2.0,-0.001965,47.977009,0.0,0.000355,61.299227,0.0,1.0
1783460132.812895,652,1,6520.0,9688.508944,4625.185721,3714.919074,851.261176,3621.364353,835.708913,3000.0,621.364353,7.456372,6.016884,0.170537,1.753568,47.715336,0.628056,0.000525,90.949998,0.0,0.0,0.0,0.0,-0.259234,1.999741,0.088742,47.993045,0.001497,0.000355,61.299946,0.0,1.0
1783460132.822895,653,1,6530.0,9836.844589,4683.925327,3766.020134,860.751974,3638.723047,838.213219,3000.0,638.723047,7.664677,6.018057,0.175352,1.472141,47.777087,0.64418,0.000527,91.257769,0.0,0.0,0.0,0.0,-0.016774,1.999724,-0.061321,48.014374,0.007844,0.000355,61.303712,0.0,1.0
1783460132.832895,654,1,6540.0,9797.954943,4707.343401,3745.39562,863.732734,3651.523755,840.76517,3000.0,651.523755,7.818285,7.829421,0.181615,1.443275,47.915453,0.704006,0.000529,91.595096,0.0,0.0,0.0,0.0,-0.338613,1.999385,-0.076901,48.036694,0.008631,0.000355,61.307858,0.0,1.0
1783460132.842895,655,1,6550.0,9819.996486,4614.60538,3748.090262,845.423886,3663.111736,841.231042,3000.0,663.111736,7.957341,6.145212,0.186532,1.839346,47.855975,0.77531,0.000531,91.966129,0.0,0.0,0.0,0.0,-0.169833,1.999216,-0.030094,47.884621,0.0,0.000355,61.307858,0.0,1.0
1783460132.852895,656,1,6560.0,9954.343738,4662.732046,3793.57612,852.938789,3678.767462,842.401817,3000.0,678.767462,8.14521,6.426721,0.191673,1.960129,47.808021,0.845534,0.000534,92.370362,0.0,0.0,0.0,0.0,0.125774,1.999341,0.011464,48.065679,0.0,0.000355,61.307858,0.0,1.0
1783460132.862895,657,1,6570.0,9955.127212,4502.513018,3788.100157,822.376807,3691.887386,840.399316,3000.0,691.887386,8.302649,6.597943,0.196951,2.127082,47.727249,0.742008,0.000536,92.724502,0.0,0.0,0.0,0.0,-0.018703,1.999323,0.069063,48.034009,0.0,0.000355,61.307858,0.0,1.0
1783460132.872895,658,1,6580.0,10149.477635,4751.1484,3856.184512,866.470833,3711.603041,843.006467,3000.0,711.603041,8.539236,7.571403,0.203008,2.117646,47.741465,0.734331,0.000538,93.075082,0.0,0.0,0.0,0.0,0.133962,1.999457,0.014895,48.001705,0.010724,0.000355,61.313006,0.0,1.0
1783460132.882895,659,1,6590.0,10015.01899,4941.406978,3799.324351,899.800967,3722.129598,848.685917,3000.0,722.129598,8.665555,5.600432,0.207489,2.097047,47.802711,0.85636,0.00054,93.484446,0.0,0.0,0.0,0.0,-0.243723,1.999213,0.098587,47.941976,0.004329,0.000355,61.315082,0.0,1.0
1783460132.892895,660,1,6600.0,10156.521817,4654.173379,3847.167355,846.213342,3737.134129,848.43866,3000.0,737.134129,8.84561,7.411444,0.213418,1.992652,47.810259,0.847353,0.000542,93.889567,0.0,0.0,0.0,0.0,0.146387,1.999359,0.083088,47.98498,0.083337,0.000355,61.355071,0.0,1.0
1783460132.902894,661,1,6610.0,9969.208944,4782.387502,3770.502627,868.209531,3741.138349,850.415747,3000.0,741.138349,8.89366,7.894093,0.219733,1.924102,47.741236,0.853643,0.000545,94.297107,0.0,0.0,0.0,0.0,0.37865,1.999738,0.063509,47.953682,0.0,0.000355,61.355071,0.0,1.0
1783460132.912894,662,1,6620.0,10231.391802,4906.33752,3863.818656,889.366318,3755.859985,854.310804,3000.0,755.859985,9.07032,7.226348,0.225514,1.859334,47.683631,0.801322,0.000547,94.679206,0.0,0.0,0.0,0.0,0.07508,1.999813,-0.039497,48.082274,0.036759,0.000355,61.372745,0.0,1.0
1783460132.922895,663,1,6630.0,10052.571894,4822.556897,3790.562554,872.860977,3760.024294,856.165821,3000.0,760.024294,9.120292,8.123742,0.232013,1.950504,47.91861,0.919747,0.00055,95.119936,0.0,0.0,0.0,0.0,-0.341246,1.999472,-0.163256,47.963225,0.057816,0.000355,61.400476,0.0,1.0
1783460132.932895,664,1,6640.0,10094.761462,4699.038485,3800.738502,849.223823,3764.909999,855.471621,3000.0,764.909999,9.17892,7.214169,0.237785,1.975845,47.854111,0.952499,0.000552,95.575746,0.0,0.0,0.0,0.0,-0.037499,1.999434,0.024235,48.111213,0.042362,0.000355,61.420857,0.0,1.0
1783460132.942895,665,1,6650.0,10054.695907,5049.969326,3779.960867,911.27266,3766.716103,861.051725,3000.0,766.716103,9.200593,8.110453,0.244273,2.373549,47.799159,0.894195,0.000555,96.003163,0.0,0.0,0.0,0.0,0.089411,1.999524,-0.038184,48.007545,0.0,0.000355,61.420857,0.0,1.0
1783460132.952895,666,1,6660.0,10127.79324,4870.1464,3801.724189,877.503856,3770.917073,862.696938,3000.0,770.917073,9.251005,8.00781,0.250679,2.155007,47.701478,0.984872,0.000557,96.472962,0.0,0.0,0.0,0.0,-0.140104,1.999384,0.113026,48.050218,0.043481,0.000356,61.441749,0.0,1.0
1783460132.962895,667,1,6670.0,10178.72043,4945.497278,3815.112605,889.744638,3776.220537,865.401708,3000.0,776.220537,9.314646,6.599447,0.255959,2.069565,47.719595,0.946648,0.00056,96.924699,0.0,0.0,0.0,0.0,-0.372068,1.999011,0.062495,48.025792,0.0,0.000356,61.441749,0.0,1.0
1783460132.972895,668,1,6680.0,10027.41947,5126.639791,3752.776748,920.953256,3773.407282,870.956863,3000.0,773.407282,9.280887,8.052902,0.262401,2.076275,47.747756,0.94104,0.000563,97.374024,0.0,0.0,0.0,0.0,-0.056601,1.998955,-0.042764,47.929565,0.001657,0.000356,61.442543,0.0,1.0
1783460132.982895,669,1,6690.0,10031.467634,5105.658825,3748.679983,915.813242,3770.440006,875.442501,3000.0,770.440006,9.24528,6.574228,0.26766,2.159405,47.753603,0.930891,0.000565,97.818558,0.0,0.0,0.0,0.0,0.375026,1.99933,0.124291,48.033097,0.0,0.000356,61.442543,0.0,1.0
1783460132.992895,670,1,6700.0,10087.081439,5182.950351,3763.836358,928.289615,3769.647569,880.727212,3000.0,769.647569,9.235771,7.708,0.273827,2.052947,47.821942,0.976246,0.000568,98.285418,0.0,0.0,0.0,0.0,0.304744,1.999635,0.065812,47.965261,0.0,0.000356,61.442543,0.0,1.0
1783460133.002895,671,1,6710.0,10078.287835,5228.504052,3754.950758,935.052886,3767.883951,886.15978,3000.0,767.883951,9.214607,7.310103,0.279675,2.025617,47.76358,0.8787,0.00057,98.705116,0.0,0.0,0.0,0.0,0.103209,1.999738,0.07279,48.088619,0.040906,0.000356,61.462214,0.0,1.0
1783460133.012895,672,1,6720.0,10023.924502,5349.011724,3729.13858,955.180665,3763.234507,893.061868,3000.0,763.234507,9.158814,6.795004,0.285111,2.077279,47.751472,0.871817,0.000573,99.121422,0.0,0.0,0.0,0.0,0.495259,2.0,-0.033631,48.012299,0.023625,0.000356,61.473557,0.0,1.0
1783460133.022895,673,1,6730.0,10037.375749,5117.123409,3728.59426,912.414278,3759.077677,894.997109,3000.0,759.077677,9.108932,7.633367,0.291218,1.952614,47.773403,0.909036,0.000575,99.5557,0.0,0.0,0.0,0.0,0.114042,2.0,0.032864,47.924077,0.008792,0.000356,61.477771,0.0,1.0
1783460133.032895,674,1,6740.0,10183.089806,5094.895693,3777.110462,907.103091,3761.241611,896.207707,3000.0,761.241611,9.134899,7.027494,0.29684,1.906195,47.678666,0.767086,0.000578,99.921436,0.0,0.0,0.0,0.0,-0.239847,1.99976,0.091916,47.981633,0.0,0.000356,61.477771,0.0,1.0
1783460133.042895,675,1,6750.0,9975.911718,5370.046468,3694.782118,954.674928,3753.266472,902.054429,3000.0,753.266472,9.039198,7.65482,0.302963,1.994987,47.909329,0.925083,0.00058,100.364637,0.0,0.0,0.0,0.0,0.108369,1.999869,-0.042452,47.956924,0.0,0.000356,61.477771,0.0,1.0
1783460133.052895,676,1,6760.0,9843.528799,5408.616643,3640.358284,960.109463,3739.717489,907.859933,3000.0,739.717489,8.87661,7.359782,0.308851,1.858285,47.758993,0.972399,0.000583,100.829045,0.0,0.0,0.0,0.0,-0.05181,1.999817,0.002734,48.014465,0.019882,0.000356,61.487317,0.0,1.0
1783460133.062895,677,1,6770.0,9866.841461,5134.227553,3643.589904,910.055105,3728.182179,908.07945,3000.0,728.182179,8.738186,6.190047,0.313803,1.975381,47.747006,0.846446,0.000585,101.233197,0.0,0.0,0.0,0.0,-0.429295,1.999387,-0.064044,48.005968,0.001582,0.000356,61.488077,0.0,1.0
1783460133.072895,678,1,6780.0,9808.4908,5297.906672,3616.700148,937.682597,3714.804335,911.039765,3000.0,714.804335,8.577652,7.997196,0.320201,1.84962,47.76969,0.750435,0.000587,101.591678,0.0,0.0,0.0,0.0,-0.195291,1.999192,-0.022191,47.942484,0.003622,0.000356,61.489813,0.0,1.0
1783460133.082895,679,1,6790.0,9773.21937,5369.718142,3598.387103,948.992897,3700.834268,914.835078,3000.0,700.834268,8.410011,6.497095,0.325399,1.601185,47.69555,0.850618,0.00059,101.997385,0.0,0.0,0.0,0.0,-0.25764,1.998934,-0.014821,47.992718,0.013268,0.000356,61.496181,0.0,1.0
1783460133.092895,680,1,6800.0,9932.970187,5408.844574,3651.827275,954.501984,3694.953428,918.801769,3000.0,694.953428,8.339441,6.262236,0.330409,1.863904,47.816584,0.80632,0.000592,102.38294,0.0,0.0,0.0,0.0,-0.016602,1.998918,-0.015521,47.992272,0.025393,0.000356,61.508367,0.0,1.0
1783460133.102895,681,1,6810.0,9790.238278,5565.129005,3594.066916,980.639472,3682.847047,924.985539,3000.0,682.847047,8.194165,6.926392,0.33595,2.125256,47.737062,0.911426,0.000594,102.818028,0.0,0.0,0.0,0.0,0.200716,1.999119,-0.097823,48.028303,0.024467,0.000356,61.520118,0.0,1.0
1783460133.112895,682,1,6820.0,9744.770096,5279.252858,3572.1298,928.900796,3669.560977,925.377065,3000.0,669.560977,8.034732,6.961304,0.341519,1.573204,47.763852,0.661504,0.000596,103.133987,0.0,0.0,0.0,0.0,0.148349,1.999267,-0.146871,47.970628,0.0,0.000356,61.520118,0.0,1.0
1783460133.122895,683,1,6830.0,9777.793537,5405.712491,3578.987385,949.759149,3658.692146,927.815273,3000.0,658.692146,7.904306,6.711232,0.346888,1.8115,47.753672,0.767678,0.000598,103.500582,0.0,0.0,0.0,0.0,-0.688254,1.998579,0.128418,47.988662,0.025879,0.000356,61.532537,0.0,1.0
1783460133.132895,684,1,6840.0,9773.213922,5589.000703,3572.081112,980.526439,3648.298822,933.08639,3000.0,648.298822,7.779586,6.723655,0.352267,1.615588,47.822146,0.903976,0.000601,103.932883,0.0,0.0,0.0,0.0,0.050223,1.998629,-0.012554,48.048877,0.016533,0.000356,61.540481,0.0,1.0
1783460133.142895,685,1,6850.0,9698.970525,5572.786783,3539.770265,976.254619,3635.275395,937.403213,3000.0,635.275395,7.623305,6.313677,0.357318,1.79143,47.74538,0.825532,0.000603,104.327036,0.0,0.0,0.0,0.0,0.490634,1.99912,0.047412,47.99686,0.022764,0.000356,61.551407,0.0,1.0
1783460133.152894,686,1,6860.0,9673.998852,5516.202668,3525.509786,964.933411,3622.103522,940.156232,3000.0,622.103522,7.465242,5.742168,0.361911,1.436928,47.818004,0.708331,0.000605,104.665745,0.0,0.0,0.0,0.0,-0.462623,1.998657,0.040863,48.018139,0.012149,0.000356,61.557241,0.0,1.0
1783460133.162894,687,1,6870.0,9571.532736,5538.66425,3483.090515,967.452271,3605.421961,942.885836,3000.0,605.421961,7.265064,6.838327,0.367382,1.50761,47.792116,0.736349,0.000607,105.017662,0.0,0.0,0.0,0.0,-0.346437,1.99831,-0.117944,48.024772,0.0,0.000356,61.557241,0.0,1.0
1783460133.172895,688,1,6880.0,9660.142154,5782.690595,3510.226073,1008.608825,3593.998455,949.458135,3000.0,593.998455,7.127981,5.033458,0.371409,1.559132,47.827301,0.780251,0.000609,105.390835,0.0,0.0,0.0,0.0,-0.069003,1.998241,0.037548,48.03122,0.0,0.000356,61.557241,0.0,1.0
1783460133.182895,689,1,6890.0,9534.531785,5784.751284,3459.554349,1007.503852,3577.865162,955.262707,3000.0,577.865162,6.934382,5.712971,0.375979,1.798449,47.735951,0.773121,0.000611,105.759892,0.0,0.0,0.0,0.0,0.20754,1.998449,0.039408,48.001439,0.0,0.000356,61.557241,0.0,1.0
1783460133.192895,690,1,6900.0,9641.655159,5663.428092,3493.353318,984.944016,3567.723741,958.230838,3000.0,567.723741,6.812685,5.597932,0.380457,1.341837,47.779849,0.823844,0.000614,106.153523,0.0,0.0,0.0,0.0,-0.21949,1.99823,0.042491,47.905461,0.020052,0.000356,61.566847,0.0,1.0
1783460133.202895,691,1,6910.0,9691.148429,5638.117946,3506.204207,979.123232,3560.341397,960.320077,3000.0,560.341397,6.724097,5.789349,0.385089,1.494945,47.857391,0.681464,0.000616,106.479654,0.0,0.0,0.0,0.0,0.098702,1.998328,-0.011676,47.943894,0.104073,0.000357,61.616743,0.0,1.0
1783460133.212895,692,1,6920.0,9682.612437,5781.158628,3498.053626,1002.513057,3552.866864,964.539375,3000.0,552.866864,6.634402,5.482616,0.389475,1.239551,47.698415,0.529424,0.000617,106.732181,0.0,0.0,0.0,0.0,0.330255,1.998658,0.040169,47.983237,0.0,0.000357,61.616743,0.0,1.0
1783460133.222895,693,1,6930.0,9586.646472,5754.442438,3458.386173,996.440249,3541.529181,967.729463,3000.0,541.529181,6.49835,4.711734,0.393244,1.560575,47.725661,0.62731,0.000619,107.031568,0.0,0.0,0.0,0.0,-0.025119,1.998633,-0.175066,48.040459,0.001608,0.000357,61.617516,0.0,1.0
1783460133.232895,694,1,6940.0,9457.483331,5739.294876,3406.874399,992.385281,3525.370607,970.195044,3000.0,525.370607,6.304447,5.002634,0.397247,1.231796,47.782758,0.726801,0.000621,107.378854,0.0,0.0,0.0,0.0,0.086668,1.99872,-0.112886,47.966115,0.0,0.000357,61.617516,0.0,1.0
1783460133.242895,695,1,6950.0,9700.90295,5689.648591,3489.533435,982.385368,3521.070147,971.414077,3000.0,521.070147,6.252842,5.265054,0.401459,1.495799,47.80869,0.641904,0.000623,107.68574,0.0,0.0,0.0,0.0,-0.063946,1.998656,-0.129717,48.109064,0.088361,0.000357,61.660025,0.0,1.0
1783460133.252895,696,1,6960.0,9683.872165,5851.484129,3478.402358,1008.876574,3515.950012,975.160327,3000.0,515.950012,6.1914,4.501853,0.40506,1.303902,47.765559,0.571941,0.000624,107.958931,0.0,0.0,0.0,0.0,0.439341,1.999095,0.024893,47.96894,0.0,0.000357,61.660025,0.0,1.0
1783460133.262895,697,1,6970.0,9731.135724,5651.803408,3490.36432,973.050802,3512.879729,974.949374,3000.0,512.879729,6.154557,5.287824,0.40929,1.348061,47.808658,0.643886,0.000626,108.266764,0.0,0.0,0.0,0.0,-0.163315,1.998932,-0.053584,48.069307,0.017146,0.000357,61.668267,0.0,1.0
1783460133.272895,698,1,6980.0,9782.615523,5891.26504,3503.802122,1012.824935,3511.790416,978.73693,3000.0,511.790416,6.141485,4.99071,0.413283,1.186883,47.853171,0.598673,0.000628,108.553248,0.0,0.0,0.0,0.0,0.322065,1.999254,-0.007134,48.055362,0.0,0.000357,61.668267,0.0,1.0
1783460133.282895,699,1,6990.0,9615.009073,5809.807281,3438.844447,997.391808,3503.0369,980.602418,3000.0,503.0369,6.036443,4.708684,0.41705,1.42717,47.779902,0.479928,0.000629,108.782557,0.0,0.0,0.0,0.0,-0.185332,1.999069,-0.111898,47.962569,0.0,0.000357,61.668267,0.0,1.0
1783460133.292895,700,1,7000.0,9704.492091,5970.797587,3465.890032,1023.565301,3498.579276,984.898706,3000.0,498.579276,5.982951,5.115215,0.421142,1.188839,47.82661,0.671156,0.000631,109.103548,0.0,0.0,0.0,0.0,0.048912,1.999118,-0.029145,48.096838,0.031915,0.000357,61.683617,0.0,1.0
1783460133.302895,701,1,7010.0,9683.184752,5873.777525,3453.346916,1005.496866,3493.151393,986.958522,3000.0,493.151393,5.917817,4.436207,0.424691,1.436135,47.710328,0.540831,0.000632,109.36158,0.0,0.0,0.0,0.0,-0.154399,1.998963,0.038433,47.94753,0.000309,0.000357,61.683766,0.0,1.0
1783460133.312895,702,1,7020.0,9602.156469,5954.118449,3419.571392,1017.798025,3484.321792,990.042473,3000.0,484.321792,5.811862,3.422886,0.427429,1.305121,47.773773,0.541235,0.000634,109.620149,0.0,0.0,0.0,0.0,0.274853,1.999238,0.090332,48.053666,0.045366,0.000357,61.705566,0.0,1.0
1783460133.322895,703,1,7030.0,9871.724769,5831.757289,3510.570686,995.463549,3487.47166,990.58458,3000.0,487.47166,5.84966,4.928411,0.431372,1.452136,47.758179,0.392891,0.000635,109.807786,0.0,0.0,0.0,0.0,-0.419599,1.998819,0.144193,47.958843,0.0,0.000357,61.705566,0.0,1.0
1783460133.332895,704,1,7040.0,9959.346499,5973.141436,3536.699751,1018.149108,3493.379031,993.341033,3000.0,493.379031,5.920548,5.134116,0.435479,1.32419,47.654261,0.769538,0.000637,110.174504,0.0,0.0,0.0,0.0,-0.094719,1.998724,0.087168,48.007088,0.0,0.000357,61.705566,0.0,1.0
1783460133.342895,705,1,7050.0,9867.033782,5866.83539,3498.94815,998.610279,3494.047325,993.867958,3000.0,494.047325,5.928568,5.686884,0.440029,1.110329,47.779767,0.737355,0.000639,110.52681,0.0,0.0,0.0,0.0,-0.127395,1.998597,0.002875,47.941282,0.065823,0.000357,61.737122,0.0,1.0
1783460133.352895,706,1,7060.0,9808.47717,5958.902584,3473.256788,1012.844632,3491.552461,995.765625,3000.0,491.552461,5.89863,3.853584,0.443112,1.168361,47.770605,0.500772,0.000641,110.766032,0.0,0.0,0.0,0.0,-0.063841,1.998533,-0.107216,48.004447,0.0,0.000357,61.737122,0.0,1.0
1783460133.362895,707,1,7070.0,9842.264369,5924.221847,3480.291502,1005.525632,3490.201146,996.741626,3000.0,490.201146,5.882414,3.871374,0.446209,1.388788,47.718247,0.716001,0.000643,111.107695,0.0,0.0,0.0,0.0,-0.131342,1.998401,-0.070563,48.005403,0.039894,0.000357,61.756273,0.0,1.0
1783460133.372895,708,1,7080.0,9731.725217,5833.240331,3436.34365,988.684802,3483.738246,995.935943,3000.0,483.738246,5.804859,5.388808,0.45052,1.121093,47.697675,0.453195,0.000644,111.323859,0.0,0.0,0.0,0.0,-0.086517,1.998315,-0.100478,48.022417,0.0,0.000357,61.756273,0.0,1.0
1783460133.382895,709,1,7090.0,9950.513734,5886.123897,3508.643771,996.240998,3486.726909,995.966449,3000.0,486.726909,5.840723,4.484966,0.454108,1.249229,47.710083,0.512874,0.000645,111.568551,0.0,0.0,0.0,0.0,0.307145,1.998622,0.03391,48.021121,0.042208,0.000358,61.776542,0.0,1.0
1783460133.392895,710,1,7100.0,10061.036744,5879.197886,3542.618572,993.667248,3493.433909,995.736529,3000.0,493.433909,5.921207,5.145175,0.458224,1.265809,47.845131,0.608848,0.000647,111.859855,0.0,0.0,0.0,0.0,0.011577,1.998634,0.125056,48.041244,0.0,0.000358,61.776542,0.0,1.0
1783460133.402894,711,1,7110.0,10089.622649,5780.43436,3547.687289,975.600736,3499.944314,993.722949,3000.0,499.944314,5.999332,4.795723,0.462061,1.346186,47.764487,0.586697,0.000649,112.140088,0.0,0.0,0.0,0.0,-0.238847,1.998395,0.031931,48.027777,0.0,0.000358,61.776542,0.0,1.0
1783460133.412894,712,1,7120.0,10058.531399,5974.919957,3531.78771,1007.008981,3503.765522,995.051553,3000.0,503.765522,6.045186,5.203258,0.466223,1.383133,47.78082,0.652853,0.00065,112.452026,0.0,0.0,0.0,0.0,0.180968,1.998576,0.036561,47.974579,0.0134,0.000358,61.782971,0.0,1.0
1783460133.422895,713,1,7130.0,10010.181307,5865.294704,3509.881244,987.146374,3504.499408,994.261035,3000.0,504.499408,6.053993,5.135363,0.470331,1.340727,47.722898,0.650209,0.000652,112.762325,0.0,0.0,0.0,0.0,-0.188946,1.998387,0.036883,47.933477,0.052876,0.000358,61.808316,0.0,1.0
1783460133.432895,714,1,7140.0,10138.580081,5983.271502,3549.922998,1005.591849,3509.950239,995.394116,3000.0,509.950239,6.119403,5.026813,0.474353,1.147068,47.672906,0.617835,0.000654,113.056865,0.0,0.0,0.0,0.0,-0.092755,1.998294,0.026152,48.051901,0.01663,0.000358,61.816307,0.0,1.0
1783460133.442895,715,1,7150.0,10003.472609,6007.845324,3497.717696,1008.309705,3508.482334,996.685675,3000.0,508.482334,6.101788,4.698528,0.478112,1.402491,47.785911,0.568629,0.000655,113.328589,0.0,0.0,0.0,0.0,0.365043,1.998659,-0.027289,48.001472,0.050867,0.000358,61.840724,0.0,1.0
1783460133.452895,716,1,7160.0,10124.506383,5857.144686,3535.093011,981.644361,3511.675615,995.181544,3000.0,511.675615,6.140107,4.860474,0.482,1.38555,47.733508,0.573356,0.000657,113.602272,0.0,0.0,0.0,0.0,0.23679,1.998896,-0.015488,48.086903,0.0,0.000358,61.840724,0.0,1.0
1783460133.462895,717,1,7170.0,10005.687492,5927.238157,3488.733435,992.006386,3508.922554,994.864028,3000.0,508.922554,6.107071,5.473379,0.486379,1.256742,47.811248,0.61127,0.000659,113.894528,0.0,0.0,0.0,0.0,0.09881,1.998995,-0.058057,48.001623,0.0,0.000358,61.840724,0.0,1.0
1783460133.472895,718,1,7180.0,10212.028331,5911.24898,3555.720171,987.952476,3514.538268,994.172873,3000.0,514.538268,6.174459,4.281855,0.489804,1.192859,47.721088,0.668354,0.000661,114.213474,0.0,0.0,0.0,0.0,-0.223647,1.998771,-0.078361,47.984776,0.0,0.000358,61.840724,0.0,1.0
1783460133.482895,719,1,7190.0,10092.185835,5831.338106,3509.10495,973.241409,3513.886269,992.079726,3000.0,513.886269,6.166635,4.899753,0.493724,1.499562,47.774364,0.647293,0.000662,114.522714,0.0,0.0,0.0,0.0,-0.189796,1.998581,-0.022506,47.937522,0.022772,0.000358,61.85164,0.0,1.0
1783460133.492895,720,1,7200.0,10176.253087,5953.959957,3533.421211,992.32666,3516.230462,992.10442,3000.0,516.230462,6.194766,4.890191,0.497636,1.237766,47.748467,0.752864,0.000665,114.882195,0.0,0.0,0.0,0.0,-0.179611,1.998402,0.017596,48.045456,0.0,0.000358,61.85164,0.0,1.0
1783460133.502895,721,1,7210.0,9944.851361,6025.454868,3448.284106,1002.849631,3508.0769,993.178941,3000.0,508.0769,6.096923,5.762851,0.502246,1.364241,47.7522,0.605617,0.000666,115.171391,0.0,0.0,0.0,0.0,-0.532343,1.997869,0.025306,47.975903,0.0,0.000358,61.85164,0.0,1.0
1783460133.512895,722,1,7220.0,10183.406422,5896.418173,3526.110257,980.014101,3510.240903,991.862457,3000.0,510.240903,6.122891,5.069396,0.506302,1.161164,47.770665,0.499676,0.000668,115.410089,0.0,0.0,0.0,0.0,0.055396,1.997925,0.009389,48.0368,0.0,0.000358,61.85164,0.0,1.0
1783460133.522895,723,1,7230.0,9991.853413,5921.971409,3454.997722,982.899819,3503.611721,990.966193,3000.0,503.611721,6.043341,5.315769,0.510555,1.069932,47.733993,0.643235,0.000669,115.717131,0.0,0.0,0.0,0.0,0.04352,1.997968,-0.122845,48.055653,0.002361,0.000358,61.852775,0.0,1.0
1783460133.532895,724,1,7240.0,10110.711834,5978.011773,3491.267898,990.830681,3502.130462,990.952642,3000.0,502.130462,6.025566,4.958754,0.514522,1.355131,47.731409,0.779545,0.000672,116.089219,0.0,0.0,0.0,0.0,-0.068044,1.9979,0.027066,47.967848,0.0,0.000358,61.852775,0.0,1.0
1783460133.542895,725,1,7250.0,9963.888788,5959.673238,3435.82372,986.428674,3494.173653,990.500245,3000.0,494.173653,5.930084,4.388168,0.518032,1.310159,47.732266,0.763169,0.000674,116.453497,0.0,0.0,0.0,0.0,-0.045736,1.997854,-0.052804,48.030826,0.069994,0.000358,61.886394,0.0,1.0
1783460133.552895,726,1,7260.0,9781.175512,6185.703572,3368.173386,1022.430342,3479.053621,993.693255,3000.0,479.053621,5.748643,4.184413,0.52138,1.191047,47.683262,0.537309,0.000675,116.709703,0.0,0.0,0.0,0.0,-0.346822,1.997508,-0.048613,47.983134,0.0,0.000358,61.886394,0.0,1.0
1783460133.562895,727,1,7270.0,9931.900297,6096.547666,3415.371491,1006.30773,3471.411765,994.954702,3000.0,471.411765,5.656941,4.599438,0.525059,1.439026,47.761003,0.662114,0.000677,117.025935,0.0,0.0,0.0,0.0,0.032842,1.99754,-0.051148,47.932107,0.0,0.000358,61.886394,0.0,1.0
1783460133.572895,728,1,7280.0,9820.379884,5958.158989,3372.383202,982.114119,3459.528338,993.670644,3000.0,459.528338,5.51434,4.509999,0.528667,1.405362,47.639415,0.605272,0.000679,117.314284,0.0,0.0,0.0,0.0,-0.378717,1.997162,-0.148317,48.111954,0.030264,0.000358,61.900954,0.0,1.0
1783460133.582895,729,1,7290.0,9516.349032,6248.750747,3263.494181,1028.600946,3436.004239,997.163674,3000.0,436.004239,5.232051,4.176698,0.532009,1.374966,47.705853,0.538997,0.00068,117.571417,0.0,0.0,0.0,0.0,0.029387,1.997191,-0.16572,48.006425,0.031869,0.000358,61.916253,0.0,1.0
1783460133.592895,730,1,7300.0,9674.565215,6178.395314,3313.207265,1015.626627,3421.268602,999.009969,3000.0,421.268602,5.055223,4.474068,0.535588,1.115348,47.808679,0.556754,0.000682,117.837593,0.0,0.0,0.0,0.0,0.40367,1.997595,0.020769,48.052008,0.0,0.000358,61.916253,0.0,1.0
1783460133.602895,731,1,7310.0,9791.747498,6178.20116,3348.750854,1014.205389,3412.566472,1000.529511,3000.0,412.566472,4.950798,4.280469,0.539012,1.200361,47.735932,0.469405,0.000683,118.061668,0.0,0.0,0.0,0.0,-0.450632,1.997144,0.018248,47.941373,0.0,0.000358,61.916253,0.0,1.0
1783460133.612895,732,1,7320.0,9631.204354,6233.553525,3289.345749,1021.894021,3397.779986,1002.665962,3000.0,397.779986,4.77336,4.201617,0.542374,1.119533,47.742562,0.499863,0.000684,118.300316,0.0,0.0,0.0,0.0,-0.222851,1.996921,0.123061,48.081076,0.0,0.000358,61.916253,0.0,1.0
1783460133.622895,733,1,7330.0,9489.451443,6056.012171,3236.511406,991.434462,3378.427756,1001.542812,3000.0,378.427756,4.541133,3.259731,0.544981,0.859239,47.766623,0.468605,0.000686,118.524152,0.0,0.0,0.0,0.0,0.212006,1.997133,0.014425,48.010561,0.0,0.000358,61.916253,0.0,1.0
1783460133.632895,734,1,7340.0,9722.417619,6383.891813,3311.450143,1043.688035,3370.390442,1005.757334,3000.0,370.390442,4.444685,3.24899,0.54758,1.023178,47.738316,0.423444,0.000687,118.726297,0.0,0.0,0.0,0.0,-0.140672,1.996993,-0.091982,47.986351,0.037657,0.000358,61.934323,0.0,1.0
1783460133.642895,735,1,7350.0,9648.035676,6334.774819,3281.644788,1034.24895,3359.740964,1008.606496,3000.0,359.740964,4.316892,3.611497,0.55047,1.151517,47.747186,0.421836,0.000688,118.927712,0.0,0.0,0.0,0.0,-0.331936,1.996661,0.094934,48.050632,0.0,0.000358,61.934323,0.0,1.0
1783460133.652894,736,1,7360.0,9320.85206,6475.317414,3166.050292,1055.758274,3336.498083,1013.321674,3000.0,336.498083,4.037977,3.424152,0.553209,0.726837,47.735542,0.449922,0.000689,119.142485,0.0,0.0,0.0,0.0,0.268622,1.996929,0.0647,48.080428,0.029073,0.000359,61.948302,0.0,1.0
1783460133.662894,737,1,7370.0,9441.159159,6416.572452,3202.564165,1044.760779,3320.426013,1016.465584,3000.0,320.426013,3.845112,2.902852,0.555531,0.758214,47.680223,0.445693,0.000691,119.354992,0.0,0.0,0.0,0.0,-0.17543,1.996754,0.020361,48.005143,0.0,0.000359,61.948302,0.0,1.0
1783460133.672895,738,1,7380.0,9297.233096,6417.64458,3149.469206,1043.519444,3299.911196,1019.17097,3000.0,299.911196,3.598934,3.762302,0.558541,0.728861,47.71169,0.514202,0.000692,119.600327,0.0,0.0,0.0,0.0,0.022521,1.996776,-0.044602,47.983487,0.034194,0.000359,61.964709,0.0,1.0
1783460133.682895,739,1,7390.0,9275.553062,6345.868725,3137.87316,1030.452296,3280.466632,1020.299103,3000.0,280.466632,3.3656,2.115113,0.560233,0.623679,47.806257,0.370095,0.000693,119.777255,0.0,0.0,0.0,0.0,0.25223,1.997029,-0.136138,47.970904,0.012407,0.000359,61.970661,0.0,1.0
1783460133.692895,740,1,7400.0,9300.885464,6594.832782,3142.191035,1069.432343,3263.87356,1025.212427,3000.0,263.87356,3.166483,2.696967,0.562391,0.56285,47.71248,0.209453,0.000694,119.877191,0.0,0.0,0.0,0.0,0.336143,1.997365,-0.01227,47.967927,0.045887,0.000359,61.992672,0.0,1.0
1783460133.702895,741,1,7410.0,9319.725739,6357.385425,3144.306929,1029.536101,3249.525565,1025.644794,3000.0,249.525565,2.994307,2.195771,0.564147,0.702391,47.665784,0.339408,0.000695,120.038972,0.0,0.0,0.0,0.0,0.169815,1.997535,0.014753,48.035511,0.00066,0.000359,61.992989,0.0,1.0
1783460133.712895,742,1,7420.0,9148.799203,6576.817475,3082.479516,1063.636249,3229.480039,1029.44394,3000.0,229.480039,2.75376,2.314228,0.565999,0.849563,47.793214,0.254302,0.000695,120.160511,0.0,0.0,0.0,0.0,-0.010556,1.997524,-0.054131,48.060844,0.111034,0.000359,62.046353,0.0,1.0
1783460133.722895,743,1,7430.0,9057.682649,6485.60876,3047.672493,1047.473824,3207.663133,1031.246928,3000.0,207.663133,2.491958,2.286386,0.567828,0.562144,47.74195,0.300098,0.000696,120.303784,0.0,0.0,0.0,0.0,-0.365565,1.997158,-0.069865,48.011811,0.002675,0.000359,62.047637,0.0,1.0
1783460133.732895,744,1,7440.0,9061.142378,6548.467122,3044.738702,1056.204374,3188.112202,1033.742673,3000.0,188.112202,2.257346,2.44975,0.569788,0.339027,47.71617,0.311693,0.000697,120.452512,0.0,0.0,0.0,0.0,0.02262,1.997181,0.015023,48.060552,0.0,0.000359,62.047637,0.0,1.0
1783460133.742895,745,1,7450.0,9155.31355,6536.213513,3072.252869,1052.812915,3174.209082,1035.649697,3000.0,174.209082,2.090509,1.076897,0.570649,0.641908,47.840028,0.329535,0.000698,120.610161,0.0,0.0,0.0,0.0,-0.062841,1.997118,0.055776,48.02685,0.0,0.000359,62.047637,0.0,1.0
1783460133.752895,746,1,7460.0,9230.234272,6434.275307,3093.242048,1035.004071,3164.493038,1035.585134,3000.0,164.493038,1.973916,2.651515,0.57277,0.429773,47.763354,0.177037,0.000698,120.69472,0.0,0.0,0.0,0.0,0.3496,1.997468,0.143167,48.00908,0.0,0.000359,62.047637,0.0,1.0
1783460133.762895,747,1,7470.0,8856.038981,6652.067807,2963.868467,1068.60527,3140.418089,1038.887148,3000.0,140.418089,1.685017,0.268475,0.572985,0.129502,47.750571,0.193092,0.000699,120.786923,0.0,0.0,0.0,0.0,-0.120726,1.997347,-0.034505,47.913903,0.0,0.000359,62.047637,0.0,1.0
1783460133.772895,748,1,7480.0,8883.149751,6641.312806,2968.967163,1065.451252,3119.843978,1041.543558,3000.0,119.843978,1.438128,1.466322,0.574158,0.024169,47.828265,0.0,0.000699,120.786923,0.0,0.0,0.0,0.0,0.129088,1.997476,-0.036035,48.049179,0.022085,0.000359,62.058248,0.0,1.0
1783460133.782895,749,1,7490.0,8853.85802,6604.953831,2955.226309,1058.203551,3100.089858,1043.209558,3000.0,100.089858,1.201078,0.151977,0.57428,0.2507,47.713466,0.044669,0.000699,120.808236,0.0,0.0,0.0,0.0,-0.279301,1.997197,0.000793,47.978899,0.034833,0.000359,62.074961,0.0,1.0
1783460133.792895,750,1,7500.0,8795.242932,6504.071249,2931.747644,1040.6514,3079.888792,1042.953742,3000.0,79.888792,0.958666,0.391075,0.574593,0.214786,47.658424,0.200995,0.0007,120.904027,0.0,0.0,0.0,0.0,-0.058988,1.997138,-0.011001,48.00641,0.026454,0.000359,62.08766,0.0,1.0
1783460133.802895,751,1,7510.0,8903.582057,6617.467084,2963.908807,1057.384887,3065.971194,1044.396856,3000.0,65.971194,0.791654,0.288059,0.574823,0.469235,47.64451,0.0,0.0007,120.904027,0.0,0.0,0.0,0.0,-0.222312,1.996916,0.071942,48.01392,0.012524,0.000359,62.093673,0.0,1.0
1783460133.812895,752,1,7520.0,8729.295268,6770.180238,2902.026352,1080.34791,3046.297813,1047.991962,3000.0,46.297813,0.555574,-0.027816,0.574801,0.037736,47.711865,0.0,0.0007,120.904027,0.0,0.0,0.0,0.0,-0.251073,1.996664,0.016611,48.014662,0.0,0.000359,62.093673,0.0,1.0
1783460133.822895,753,1,7530.0,8763.185859,6812.962694,2909.424256,1085.731107,3029.872986,1051.765876,3000.0,29.872986,0.358476,0.367148,0.575095,0.293729,47.736917,0.061534,0.0007,120.933401,0.0,0.0,0.0,0.0,0.164762,1.996829,-0.080151,47.945612,0.0,0.000359,62.093673,0.0,1.0
1783460133.832895,754,1,7540.0,8850.066612,6772.515521,2934.372219,1077.853929,3018.412894,1054.374682,3000.0,18.412894,0.220955,0.307081,0.57534,0.066775,47.760243,0.072476,0.0007,120.968016,0.0,0.0,0.0,0.0,-0.101387,1.996728,0.059687,48.030369,0.0,0.000359,62.093673,0.0,1.0
1783460133.842895,755,1,7550.0,8780.441482,7000.230729,2907.430954,1112.619454,3005.095061,1060.199159,3000.0,5.095061,0.061141,1.84456,0.576816,0.006671,47.751352,0.0,0.0007,120.968016,0.0,0.0,0.0,0.0,0.027895,1.996756,-0.005479,47.971571,0.070791,0.00036,62.127633,0.0,1.0
1783460133.852895,756,1,7560.0,8830.419424,6741.493358,2920.112243,1070.078311,2994.897123,1061.187074,3000.0,-5.102877,-0.061235,-0.596649,0.576339,0.123741,47.718505,0.0,0.0007,120.968016,0.0,0.0,0.0,0.0,-0.421744,1.996334,-0.010747,48.029768,0.032469,0.00036,62.143228,0.0,1.0
1783460133.862895,757,1,7570.0,8839.547496,7069.594952,2919.269319,1120.675554,2985.821787,1067.135922,3000.0,-14.178213,-0.170139,-0.733971,0.575751,0.066322,47.769108,0.0,0.0007,120.968016,0.0,0.0,0.0,0.0,-0.047798,1.996286,-0.087673,48.01128,0.0,0.00036,62.143228,0.0,1.0
1783460133.872895,758,1,7580.0,8892.496902,7090.607382,2932.881564,1122.523596,2979.46896,1072.674689,3000.0,-20.53104,-0.246372,-0.312205,0.575502,-0.043221,47.689516,0.056264,0.0007,120.994848,0.0,0.0,0.0,0.0,-0.231617,1.996055,0.074397,48.08292,0.069185,0.00036,62.176494,0.0,1.0
1783460133.882895,759,1,7590.0,9028.722243,6949.606706,2973.887432,1098.752048,2978.799177,1075.282425,3000.0,-21.200823,-0.25441,0.021602,0.575519,-0.061996,47.683928,0.084654,0.0007,121.035215,0.0,0.0,0.0,0.0,-0.356568,1.995698,0.079265,47.956813,0.0,0.00036,62.176494,0.0,1.0
1783460133.892895,760,1,7600.0,9034.652596,6991.764811,2971.925196,1103.962865,2977.974299,1078.150469,3000.0,-22.025701,-0.264308,0.038242,0.57555,0.017428,47.793295,0.005428,0.0007,121.037809,0.0,0.0,0.0,0.0,-0.232873,1.995465,-0.079195,47.921759,0.0,0.00036,62.176494,0.0,1.0
1783460133.902894,761,1,7610.0,8938.364688,6977.693609,2936.387874,1100.293342,2972.983928,1080.364756,3000.0,-27.016072,-0.324193,-0.743828,0.574955,0.188989,47.759657,0.067943,0.000701,121.070258,0.0,0.0,0.0,0.0,-0.248282,1.995217,-0.037091,48.017458,0.0,0.00036,62.176494,0.0,1.0
1783460133.912894,762,1,7620.0,8993.026893,7099.15117,2950.468141,1117.976562,2970.282033,1084.125937,3000.0,-29.717967,-0.356616,0.456336,0.57532,0.124325,47.718649,0.039338,0.000701,121.08903,0.0,0.0,0.0,0.0,0.581715,1.995799,0.086869,47.992319,0.028483,0.00036,62.190163,0.0,1.0
1783460133.922895,763,1,7630.0,8884.085002,6996.281653,2910.905964,1100.332632,2963.156905,1085.746607,3000.0,-36.843095,-0.442117,0.203031,0.575482,0.161322,47.797574,0.184021,0.000701,121.176987,0.0,0.0,0.0,0.0,-0.123803,1.995675,0.024842,48.047588,0.031796,0.00036,62.20544,0.0,1.0
1783460133.932895,764,1,7640.0,8887.296705,7059.923333,2908.146827,1108.888482,2956.555696,1088.060794,3000.0,-43.444304,-0.521332,0.534812,0.57591,0.031011,47.774205,0.091693,0.000701,121.220793,0.0,0.0,0.0,0.0,-0.358043,1.995317,0.051992,47.932823,0.008588,0.00036,62.209557,0.0,1.0
1783460133.942895,765,1,7650.0,9081.465049,7016.739992,2967.799036,1100.665097,2957.904897,1089.321224,3000.0,-42.095103,-0.505141,-1.173947,0.574971,0.107586,47.750137,0.060169,0.000702,121.249523,0.0,0.0,0.0,0.0,0.056751,1.995373,0.022724,47.926819,0.042966,0.00036,62.230149,0.0,1.0
1783460133.952895,766,1,7660.0,8738.93966,7051.200919,2852.134354,1104.626776,2945.212431,1090.851779,3000.0,-54.787569,-0.657451,-0.136184,0.574862,0.030035,47.678686,0.005533,0.000702,121.252162,0.0,0.0,0.0,0.0,-0.121714,1.995252,0.160402,47.925285,0.016834,0.00036,62.238217,0.0,1.0
1783460133.962895,767,1,7670.0,8971.672207,7015.019708,2924.273861,1097.5259,2942.699803,1091.519192,3000.0,-57.300197,-0.687602,-1.254767,0.573858,-0.026953,47.768582,0.122742,0.000702,121.310794,0.0,0.0,0.0,0.0,0.328748,1.99558,-0.076468,47.8939,0.023033,0.00036,62.249248,0.0,1.0
1783460133.972895,768,1,7680.0,9071.002635,7260.843539,2952.800337,1134.506803,2943.911867,1095.817953,3000.0,-56.088133,-0.673058,-1.498737,0.572659,0.372574,47.758139,0.228732,0.000703,121.420032,0.0,0.0,0.0,0.0,-0.052333,1.995528,0.111265,47.971026,0.086025,0.00036,62.290515,0.0,1.0
1783460133.982895,769,1,7690.0,8979.177211,6963.356746,2919.108326,1086.609635,2940.935442,1094.897121,3000.0,-59.064558,-0.708775,-0.462054,0.572289,0.327196,47.815142,0.066026,0.000703,121.451602,0.0,0.0,0.0,0.0,0.09972,1.995628,-0.000939,48.067315,0.041894,0.000361,62.310652,0.0,1.0
1783460133.992895,770,1,7700.0,8998.743773,7263.040112,2921.670056,1131.902355,2938.623596,1098.597644,3000.0,-61.376404,-0.736517,-0.614267,0.571798,0.340166,47.733024,0.080997,0.000703,121.490264,0.0,0.0,0.0,0.0,-0.14222,1.995486,-0.125139,47.939252,0.044978,0.000361,62.332214,0.0,1.0
1783460134.002895,771,1,7710.0,9136.570183,7070.114029,2962.571395,1100.406853,2941.497332,1098.778565,3000.0,-58.502668,-0.702032,-0.329439,0.571534,0.159438,47.790783,0.03478,0.000703,121.506886,0.0,0.0,0.0,0.0,-0.002395,1.995483,-0.092127,48.057342,0.020969,0.000361,62.342292,0.0,1.0
1783460134.012895,772,1,7720.0,9096.824871,7454.145717,2945.862976,1158.6755,2942.021209,1104.768259,3000.0,-57.978791,-0.695745,0.018977,0.57155,0.367536,47.769023,0.028521,0.000703,121.52051,0.0,0.0,0.0,0.0,0.114332,1.995598,0.004171,47.983065,0.047585,0.000361,62.365124,0.0,1.0
1783460134.022895,773,1,7730.0,9062.119864,7208.368902,2930.827899,1119.022339,2940.678012,1106.193667,3000.0,-59.321988,-0.711864,-0.519591,0.571134,-0.068196,47.779435,0.133086,0.000704,121.584098,0.0,0.0,0.0,0.0,0.01376,1.995611,0.020719,47.984166,0.0,0.000361,62.365124,0.0,1.0
1783460134.032895,774,1,7740.0,9036.89481,6976.476441,2918.893672,1081.624254,2938.063891,1103.736725,3000.0,-61.936109,-0.743233,-0.339674,0.570862,-0.035363,47.730504,0.0,0.000704,121.584098,0.0,0.0,0.0,0.0,-0.16593,1.995445,0.04358,48.004576,0.001251,0.000361,62.365725,0.0,1.0
1783460134.042895,775,1,7750.0,9136.271176,6993.481488,2947.18425,1082.86165,2939.158334,1101.649218,3000.0,-60.841666,-0.7301,-0.161855,0.570733,0.097765,47.754653,0.107943,0.000704,121.635646,0.0,0.0,0.0,0.0,-0.663699,1.994782,0.113851,47.983,0.022313,0.000361,62.376432,0.0,1.0
1783460134.052895,776,1,7760.0,9075.119982,7121.535505,2923.685561,1101.268377,2937.301601,1101.611134,3000.0,-62.698399,-0.752381,0.04258,0.570767,-0.015002,47.768007,0.032802,0.000704,121.651315,0.0,0.0,0.0,0.0,0.129042,1.994911,0.071919,48.034704,0.022296,0.000361,62.387141,0.0,1.0
1783460134.062895,777,1,7770.0,9045.904595,7166.400718,2910.522714,1106.780034,2934.088135,1102.128024,3000.0,-65.911865,-0.790942,-0.482318,0.570381,0.354626,47.777115,0.063895,0.000704,121.681842,0.0,0.0,0.0,0.0,0.052969,1.994964,0.073191,48.023415,0.035989,0.000361,62.404424,0.0,1.0
1783460134.072895,778,1,7780.0,9062.282548,7301.512415,2912.044521,1126.197288,2931.442901,1104.53495,3000.0,-68.557099,-0.822685,-0.85323,0.569698,0.19519,47.782666,0.0,0.000704,121.681842,0.0,0.0,0.0,0.0,-0.063461,1.9949,0.021905,48.008313,0.033229,0.000361,62.420377,0.0,1.0
1783460134.082895,779,1,7790.0,8843.67006,7000.257588,2838.148286,1078.3452,2920.247547,1101.915975,3000.0,-79.752453,-0.957029,-0.287533,0.569468,0.321543,47.85144,0.08643,0.000704,121.7232,0.0,0.0,0.0,0.0,0.299361,1.9952,0.1781,47.885727,0.0,0.000361,62.420377,0.0,1.0
1783460134.092895,780,1,7800.0,9029.732266,7026.028441,2894.144957,1080.927452,2917.115237,1099.817123,3000.0,-82.884763,-0.994617,-0.057976,0.569422,0.178953,47.719416,0.198329,0.000705,121.817842,0.0,0.0,0.0,0.0,0.163116,1.995363,-0.046623,48.034167,0.0,0.000361,62.420377,0.0,1.0
1783460134.102895,781,1,7810.0,8991.017724,7326.65216,2878.046647,1125.734007,2912.427006,1102.408811,3000.0,-87.572994,-1.050876,-1.284156,0.568395,0.156204,47.73165,0.060115,0.000705,121.846536,0.0,0.0,0.0,0.0,-0.636359,1.994726,-0.124732,48.007549,0.055038,0.000361,62.446799,0.0,1.0
1783460134.112895,782,1,7820.0,9121.659607,7122.863011,2916.131588,1093.022457,2912.871556,1101.470176,3000.0,-87.128444,-1.045541,-0.921176,0.567658,-0.021655,47.742205,0.085332,0.000705,121.887275,0.0,0.0,0.0,0.0,-0.147848,1.994579,0.047595,48.019586,0.022049,0.000361,62.457387,0.0,1.0
1783460134.122895,783,1,7830.0,9263.701869,7240.575414,2957.759217,1109.66673,2918.258075,1102.289831,3000.0,-81.741925,-0.980903,-1.789804,0.566226,0.00642,47.752344,0.026831,0.000705,121.900087,0.0,0.0,0.0,0.0,-0.063134,1.994515,0.113127,48.003996,0.0,0.000361,62.457387,0.0,1.0
1783460134.132895,784,1,7840.0,9151.203574,7146.795368,2918.113385,1093.89725,2918.240712,1101.450573,3000.0,-81.759288,-0.981111,-0.830711,0.565561,0.247739,47.781344,0.039249,0.000705,121.918841,0.0,0.0,0.0,0.0,0.015152,1.994531,0.099483,48.061583,0.0,0.000361,62.457387,0.0,1.0
1783460134.142895,785,1,7850.0,8964.387812,7342.11496,2854.900577,1122.361522,2910.639896,1103.541668,3000.0,-89.360104,-1.072321,-1.009639,0.564753,0.034365,47.72363,0.154997,0.000706,121.992811,0.0,0.0,0.0,0.0,-0.02574,1.994505,0.003121,48.013027,0.0,0.000361,62.457387,0.0,1.0
1783460134.152894,786,1,7860.0,8983.112772,7309.968515,2857.224164,1116.025727,2904.230008,1104.790074,3000.0,-95.769992,-1.14924,-0.72947,0.56417,0.331572,47.812545,0.173369,0.000706,122.075704,0.0,0.0,0.0,0.0,0.283007,1.994788,-0.16178,48.001733,0.016079,0.000361,62.465105,0.0,1.0
1783460134.162894,787,1,7870.0,8875.331433,7042.92208,2819.355601,1073.889008,2894.045079,1101.699967,3000.0,-105.954921,-1.271459,-1.10895,0.563283,0.169059,47.773598,0.181331,0.000707,122.162332,0.0,0.0,0.0,0.0,-0.060066,1.994728,0.085104,47.973774,0.0,0.000361,62.465105,0.0,1.0
1783460134.172895,788,1,7880.0,8858.719337,7085.670913,2810.507404,1079.03618,2884.020558,1099.433589,3000.0,-115.979442,-1.391753,-0.644775,0.562767,0.280245,47.783747,0.214237,0.000707,122.264702,0.0,0.0,0.0,0.0,-0.407168,1.994321,-0.004334,48.005999,0.0,0.000361,62.465105,0.0,1.0
1783460134.182895,789,1,7890.0,8813.29382,7098.918395,2792.551908,1079.683406,2873.04432,1097.45857,3000.0,-126.95568,-1.523468,-1.970269,0.561191,0.534689,47.763744,0.0,0.000707,122.264702,0.0,0.0,0.0,0.0,-0.118981,1.994202,-0.025939,47.994362,0.0,0.000361,62.465105,0.0,1.0
1783460134.192895,790,1,7900.0,8644.370749,7139.338649,2735.560364,1084.456504,2856.546245,1096.158364,3000.0,-143.453755,-1.721445,-1.894593,0.559675,0.523353,47.782238,0.191087,0.000708,122.356008,0.0,0.0,0.0,0.0,-0.142258,1.994059,0.008904,48.002976,0.005972,0.000362,62.467972,0.0,1.0
1783460134.202895,791,1,7910.0,8538.773427,7096.656894,2698.727379,1076.610401,2837.607981,1094.203567,3000.0,-162.392019,-1.948704,-2.736365,0.557486,0.447072,47.88174,0.11705,0.000708,122.412054,0.0,0.0,0.0,0.0,-0.202606,1.993857,0.066363,47.957878,0.0,0.000362,62.467972,0.0,1.0
1783460134.212895,792,1,7920.0,8643.49134,7102.904073,2728.374792,1076.197587,2824.499999,1092.402969,3000.0,-175.500001,-2.106,-1.292641,0.556452,0.393396,47.728547,0.189535,0.000709,122.502516,0.0,0.0,0.0,0.0,-0.176767,1.99368,0.023932,48.068392,0.0,0.000362,62.467972,0.0,1.0
1783460134.222895,793,1,7930.0,8493.644689,7063.466478,2677.693786,1068.872607,2806.883253,1090.049933,3000.0,-193.116747,-2.317401,-2.191292,0.554699,0.295288,47.692441,0.083239,0.000709,122.542215,0.0,0.0,0.0,0.0,-0.016754,1.993663,-0.059361,48.089434,0.01576,0.000362,62.475551,0.0,1.0
1783460134.232895,794,1,7940.0,8460.5118,6927.451582,2663.889106,1046.970012,2789.723955,1085.741941,3000.0,-210.276045,-2.523313,-2.302434,0.552857,0.350809,47.755572,0.340314,0.00071,122.704734,0.0,0.0,0.0,0.0,-0.080379,1.993583,-0.055625,47.901376,0.0,0.000362,62.475551,0.0,1.0
1783460134.242895,795,1,7950.0,8536.025927,7029.586256,2684.284883,1061.069623,2777.071267,1083.274709,3000.0,-222.928733,-2.675145,-2.099148,0.551177,0.3747,47.803562,0.227332,0.000711,122.813407,0.0,0.0,0.0,0.0,-0.460775,1.993122,-0.088658,47.967872,0.0,0.000362,62.475551,0.0,1.0
1783460134.252895,796,1,7960.0,8294.047508,7136.705334,2604.914418,1075.885226,2756.412445,1082.535761,3000.0,-243.587555,-2.923051,-2.404553,0.549254,0.770303,47.832157,0.268657,0.000711,122.941911,0.0,0.0,0.0,0.0,-0.158925,1.992963,0.046107,47.913124,0.043127,0.000362,62.496214,0.0,1.0
1783460134.262895,797,1,7970.0,8427.300661,6967.944433,2643.444373,1049.125887,2742.856276,1079.194774,3000.0,-257.143724,-3.085725,-3.098022,0.546775,0.482758,47.745313,0.345386,0.000712,123.106817,0.0,0.0,0.0,0.0,-0.004601,1.992959,-0.184498,47.965607,0.020532,0.000362,62.506063,0.0,1.0
1783460134.272895,798,1,7980.0,8595.128495,6988.174774,2692.709428,1050.85335,2736.838655,1076.360631,3000.0,-263.161345,-3.157936,-2.399254,0.544856,0.695312,47.741094,0.223683,0.000713,123.213606,0.0,0.0,0.0,0.0,-0.229387,1.992729,-0.107314,48.023171,0.034039,0.000362,62.522409,0.0,1.0
1783460134.282895,799,1,7990.0,8327.17128,6917.208452,2605.497897,1038.879868,2721.077764,1072.612555,3000.0,-278.922236,-3.347067,-2.239878,0.543064,1.068825,47.674369,0.379496,0.000714,123.394528,0.0,0.0,0.0,0.0,0.0343,1.992763,0.025645,48.034608,0.061556,0.000362,62.551977,0.0,1.0
1783460134.292895,800,1,8000.0,8294.922168,7239.695723,2592.163178,1085.954358,2705.608013,1073.946735,3000.0,-294.391987,-3.532704,-3.486704,0.540275,0.891394,47.690779,0.239767,0.000715,123.508875,0.0,0.0,0.0,0.0,0.104731,1.992868,0.057595,47.971055,0.022375,0.000362,62.562711,0.0,1.0
1783460134.302895,801,1,8010.0,8214.043773,7103.133382,2563.684074,1064.139832,2688.577141,1072.966045,3000.0,-311.422859,-3.737074,-3.8046,0.537231,0.853195,47.777031,0.390515,0.000716,123.695451,0.0,0.0,0.0,0.0,0.00034,1.992869,-0.009635,47.871259,0.0,0.000362,62.562711,0.0,1.0
1783460134.312895,802,1,8020.0,8397.275361,7042.092531,2617.604539,1053.67968,2680.060428,1071.037408,3000.0,-319.939572,-3.839275,-2.469288,0.535256,0.85394,47.84758,0.372791,0.000717,123.873823,0.0,0.0,0.0,0.0,0.257711,1.993126,-0.037468,47.972457,0.036197,0.000362,62.580075,0.0,1.0
1783460134.322895,803,1,8030.0,8116.214731,7131.69396,2526.841448,1065.757503,2661.674151,1070.509418,3000.0,-338.325849,-4.05991,-2.407873,0.533329,0.892217,47.832664,0.363118,0.000718,124.047511,0.0,0.0,0.0,0.0,-0.061993,1.993064,0.018999,47.972332,0.028157,0.000362,62.593583,0.0,1.0
1783460134.332895,804,1,8040.0,8376.907493,7016.685925,2604.759793,1047.266556,2654.844428,1068.185132,3000.0,-345.155572,-4.141867,-3.65279,0.530407,0.682714,47.785095,0.385875,0.000719,124.231902,0.0,0.0,0.0,0.0,-0.404208,1.99266,-0.096367,47.985731,0.060947,0.000362,62.622829,0.0,1.0
1783460134.342895,805,1,8050.0,8321.170099,6823.025724,2584.214317,1017.097002,2646.368814,1063.076319,3000.0,-353.631186,-4.243574,-4.019467,0.527192,0.784658,47.713784,0.437176,0.00072,124.440495,0.0,0.0,0.0,0.0,0.278118,1.992938,0.216531,48.088268,0.0,0.000362,62.622829,0.0,1.0
1783460134.352895,806,1,8060.0,8390.677629,6933.035349,2602.567503,1032.2137,2641.112657,1059.990057,3000.0,-358.887343,-4.306648,-2.660971,0.525063,1.024676,47.740551,0.507803,0.000722,124.682923,0.0,0.0,0.0,0.0,-0.197991,1.99274,-0.050279,47.984343,0.0,0.000362,62.622829,0.0,1.0
1783460134.362895,807,1,8070.0,8060.474242,7036.540178,2497.049022,1046.325677,2623.825021,1058.623619,3000.0,-376.174979,-4.5141,-2.366442,0.52317,0.807214,47.833511,0.31561,0.000722,124.833891,0.0,0.0,0.0,0.0,-0.020568,1.99272,-0.066411,48.009402,0.020925,0.000362,62.632875,0.0,1.0
1783460134.372895,808,1,8080.0,8165.430002,6887.778596,2526.43255,1022.937415,2612.137924,1055.054999,3000.0,-387.862076,-4.654345,-3.448044,0.520411,0.884714,47.828393,0.568226,0.000724,125.105664,0.0,0.0,0.0,0.0,-0.118527,1.992601,0.113453,47.902819,0.0,0.000362,62.632875,0.0,1.0
1783460134.382895,809,1,8090.0,8393.073,7017.185504,2593.656675,1040.86806,2609.920174,1053.636305,3000.0,-390.079826,-4.680958,-3.287568,0.517781,1.176751,47.768952,0.523177,0.000725,125.35558,0.0,0.0,0.0,0.0,0.007501,1.992609,-0.117445,48.045206,0.02277,0.000363,62.643814,0.0,1.0
1783460134.392895,810,1,8100.0,8343.879414,6827.96506,2575.271424,1011.550379,2605.762324,1049.427712,3000.0,-394.237676,-4.730852,-2.905794,0.515456,0.901037,47.771165,0.416932,0.000727,125.554754,0.0,0.0,0.0,0.0,-0.013624,1.992595,0.090888,48.020495,0.0,0.000363,62.643814,0.0,1.0
1783460134.402894,811,1,8110.0,8481.208903,7008.271636,2614.429378,1036.98224,2606.802371,1048.183165,3000.0,-393.197629,-4.718372,-3.902562,0.512334,0.973506,47.73188,0.320372,0.000727,125.707673,0.0,0.0,0.0,0.0,0.387737,1.992983,-0.0567,47.942044,0.0,0.000363,62.643814,0.0,1.0
1783460134.412894,812,1,8120.0,8294.952578,7028.059307,2553.86471,1038.629454,2600.449851,1047.227794,3000.0,-399.550149,-4.794602,-3.974635,0.509155,0.908304,47.728441,0.399408,0.000729,125.898304,0.0,0.0,0.0,0.0,0.281136,1.993264,-0.114279,48.004101,0.019562,0.000363,62.653205,0.0,1.0
1783460134.422895,813,1,8130.0,8506.490031,6919.479297,2615.771842,1021.325358,2602.28849,1044.63755,3000.0,-397.71151,-4.772538,-3.983062,0.505968,0.697648,47.768492,0.43753,0.00073,126.107306,0.0,0.0,0.0,0.0,-0.33021,1.992934,0.11578,48.062869,0.0,0.000363,62.653205,0.0,1.0
1783460134.432895,814,1,8140.0,8550.08508,6892.488938,2625.947506,1016.091735,2605.127572,1041.782969,3000.0,-394.872428,-4.738469,-4.830443,0.502104,0.977972,47.813473,0.464981,0.000731,126.329629,0.0,0.0,0.0,0.0,-0.249381,1.992684,0.09049,48.017466,0.0,0.000363,62.653205,0.0,1.0
1783460134.442895,815,1,8150.0,8493.507637,6841.629822,2605.370441,1007.356538,2605.156716,1038.340326,3000.0,-394.843284,-4.738119,-4.377182,0.498602,1.156396,47.743458,0.484771,0.000732,126.561076,0.0,0.0,0.0,0.0,0.446017,1.99313,-0.053532,47.944845,4.6e-05,0.000363,62.653227,0.0,1.0
1783460134.452895,816,1,8160.0,8560.062638,6854.707519,2622.56821,1008.045223,2607.246096,1035.310815,3000.0,-392.753904,-4.713047,-4.320552,0.495146,0.804461,47.751507,0.367859,0.000733,126.736734,0.0,0.0,0.0,0.0,-0.275394,1.992855,0.227192,48.121152,0.095068,0.000363,62.698975,0.0,1.0
1783460134.462895,817,1,8170.0,8633.333321,6764.438576,2641.778862,993.55279,2611.390028,1031.135013,3000.0,-388.609972,-4.66332,-3.546578,0.492308,0.871582,47.758011,0.39175,0.000735,126.923826,0.0,0.0,0.0,0.0,0.223473,1.993078,-0.008513,48.016164,0.0,0.000363,62.698975,0.0,1.0
1783460134.472895,818,1,8180.0,8706.160521,6681.104928,2660.807005,980.113192,2617.320065,1026.032831,3000.0,-382.679935,-4.592159,-3.815946,0.489256,0.963355,47.793306,0.421614,0.000736,127.12533,0.0,0.0,0.0,0.0,-0.248547,1.99283,0.006257,48.073017,0.0,0.000363,62.698975,0.0,1.0
1783460134.482895,819,1,8190.0,8996.601903,6601.734683,2746.215477,967.287133,2632.787514,1020.158261,3000.0,-367.212486,-4.40655,-4.046595,0.486018,0.929062,47.706483,0.221602,0.000736,127.231048,0.0,0.0,0.0,0.0,0.012065,1.992842,-0.079589,47.959834,0.0,0.000363,62.698975,0.0,1.0
1783460134.492895,820,1,8200.0,8833.246587,6839.115172,2693.062984,1000.846123,2640.020571,1018.227047,3000.0,-359.979429,-4.319753,-3.23249,0.483432,0.832491,47.830627,0.529915,0.000738,127.48451,0.0,0.0,0.0,0.0,-0.395648,1.992446,-0.070001,48.04614,0.0,0.000363,62.698975,0.0,1.0
1783460134.502895,821,1,8210.0,8860.152811,6942.48293,2697.975886,1014.735629,2646.975209,1017.877905,3000.0,-353.024791,-4.236297,-2.972907,0.481054,1.108051,47.767327,0.466897,0.000739,127.707534,0.0,0.0,0.0,0.0,0.082592,1.992529,0.130244,47.999376,0.0,0.000363,62.698975,0.0,1.0
1783460134.512895,822,1,8220.0,8973.704382,6771.827094,2729.228827,988.587897,2656.845643,1014.948905,3000.0,-343.154357,-4.117852,-4.027003,0.477833,0.502425,47.848666,0.568666,0.000741,127.979633,0.0,0.0,0.0,0.0,-0.430514,1.992098,0.067908,48.020084,0.0,0.000363,62.698975,0.0,1.0
1783460134.522895,823,1,8230.0,9139.13354,6928.092462,2776.164502,1010.17144,2671.163906,1014.471158,3000.0,-328.836094,-3.946033,-1.910142,0.476304,1.004206,47.736445,0.307736,0.000742,128.126535,0.0,0.0,0.0,0.0,0.344756,1.992443,-0.021241,47.989171,0.005968,0.000363,62.701839,0.0,1.0
1783460134.532895,824,1,8240.0,9147.233616,7093.55133,2775.252917,1033.041456,2683.654587,1016.328188,3000.0,-316.345413,-3.796145,-3.585108,0.473436,0.49014,47.748722,0.316033,0.000742,128.277437,0.0,0.0,0.0,0.0,-0.159246,1.992284,-0.133072,47.952857,0.0,0.000363,62.701839,0.0,1.0
1783460134.542895,825,1,8250.0,9322.478097,6826.696901,2824.993363,992.974095,2700.61524,1013.992779,3000.0,-299.38476,-3.592617,-3.060753,0.470988,1.005941,47.760254,0.389211,0.000744,128.463325,0.0,0.0,0.0,0.0,0.251595,1.992535,0.046014,47.970843,0.0,0.000363,62.701839,0.0,1.0
1783460134.552895,826,1,8260.0,9433.196596,6995.972737,2855.083715,1016.364078,2719.151457,1014.229909,3000.0,-280.848543,-3.370183,-3.122519,0.46849,0.688573,47.775373,0.194798,0.000744,128.556391,0.0,0.0,0.0,0.0,0.120686,1.992656,0.083561,47.967215,0.0,0.000363,62.701839,0.0,1.0
1783460134.562895,827,1,8270.0,9307.570187,6959.920165,2813.654833,1009.903772,2730.491862,1013.797295,3000.0,-269.508138,-3.234098,-1.643479,0.467175,0.839049,47.787655,0.274307,0.000745,128.687476,0.0,0.0,0.0,0.0,0.019214,1.992675,-0.014747,47.941808,0.0,0.000363,62.701839,0.0,1.0
1783460134.572895,828,1,8280.0,9476.698719,6863.920424,2861.322077,994.771076,2746.191488,1011.894673,3000.0,-253.808512,-3.045702,-3.155682,0.46465,0.646493,47.759478,0.166869,0.000745,128.767171,0.0,0.0,0.0,0.0,0.297313,1.992973,0.094058,48.104273,0.0,0.000363,62.701839,0.0,1.0
1783460134.582895,829,1,8290.0,9560.427699,7162.065922,2883.120536,1036.728481,2762.622974,1014.378054,3000.0,-237.377026,-2.848524,-2.064758,0.462999,0.799291,47.788167,0.245904,0.000746,128.884684,0.0,0.0,0.0,0.0,0.117231,1.99309,0.039357,48.034035,0.043635,0.000363,62.722799,0.0,1.0
1783460134.592895,830,1,8300.0,9579.269969,6995.953707,2885.32228,1011.463187,2777.346891,1014.086567,3000.0,-222.653109,-2.671837,-1.601687,0.461717,0.565393,47.739888,0.343029,0.000747,129.048446,0.0,0.0,0.0,0.0,-0.533491,1.992556,0.089634,48.042281,1.8e-05,0.000363,62.722807,0.0,1.0
1783460134.602895,831,1,8310.0,9757.839838,6985.849102,2935.571552,1008.786874,2796.33385,1013.556598,3000.0,-203.66615,-2.443994,-1.853948,0.460234,0.322257,47.719978,0.28,0.000748,129.182062,0.0,0.0,0.0,0.0,-0.102809,1.992454,-0.091563,48.046406,0.0,0.000363,62.722807,0.0,1.0
1783460134.612895,832,1,8320.0,9608.638702,7028.830958,2887.211148,1013.773696,2807.239126,1013.578308,3000.0,-192.760874,-2.31313,-1.144565,0.459318,0.670704,47.785067,0.282785,0.000748,129.317191,0.0,0.0,0.0,0.0,-0.14525,1.992308,0.143945,48.06547,0.0,0.000363,62.722807,0.0,1.0
1783460134.622895,833,1,8330.0,9767.741205,7177.69476,2931.494959,1034.001646,2822.149826,1015.620641,3000.0,-177.850174,-2.134202,-1.267611,0.458304,0.62075,47.817483,0.241065,0.000749,129.432463,0.0,0.0,0.0,0.0,-0.39836,1.99191,0.117049,47.983129,0.009798,0.000363,62.727509,0.0,1.0
1783460134.632895,834,1,8340.0,9795.909653,7207.362507,2936.423757,1037.030577,2835.862698,1017.761635,3000.0,-164.137302,-1.969648,-1.826747,0.456843,0.25864,47.857386,0.252707,0.00075,129.553401,0.0,0.0,0.0,0.0,0.386063,1.992296,-0.003603,48.017016,0.036112,0.000363,62.744849,0.0,1.0
1783460134.642895,835,1,8350.0,9730.932706,6894.860024,2913.452906,990.878087,2845.173523,1015.07328,3000.0,-154.826477,-1.857918,-1.935769,0.455294,0.312872,47.873891,0.391289,0.000751,129.740727,0.0,0.0,0.0,0.0,-0.052374,1.992244,0.007425,47.984021,0.0,0.000363,62.744849,0.0,1.0
1783460134.652894,836,1,8360.0,9937.155738,7144.157832,2971.637481,1025.477201,2860.349198,1016.113672,3000.0,-139.650802,-1.67581,-1.550409,0.454054,0.352096,47.7554,0.109004,0.000751,129.792782,0.0,0.0,0.0,0.0,-0.100071,1.992144,0.055317,48.024297,0.0,0.000363,62.744849,0.0,1.0
1783460134.662894,837,1,8370.0,10053.81973,7121.331368,3002.933014,1020.979408,2877.459256,1016.600246,3000.0,-122.540744,-1.470489,-0.727393,0.453472,0.294981,47.8765,0.258837,0.000752,129.916704,0.0,0.0,0.0,0.0,0.181577,1.992325,0.115344,47.967717,0.069601,0.000363,62.778235,0.0,1.0
1783460134.672895,838,1,8380.0,9835.035781,7135.628826,2934.079887,1021.808424,2884.253731,1017.121064,3000.0,-115.746269,-1.388955,-1.445653,0.452316,0.019601,47.722427,0.10408,0.000752,129.966374,0.0,0.0,0.0,0.0,0.1218,1.992447,-0.029622,48.046899,0.0,0.000363,62.778235,0.0,1.0
1783460134.682895,839,1,8390.0,9904.325264,7307.827286,2951.229221,1045.219636,2892.29079,1019.930921,3000.0,-107.70921,-1.292511,-0.456389,0.45195,0.247454,47.707449,0.042028,0.000752,129.986424,0.0,0.0,0.0,0.0,-0.129234,1.992318,0.006055,48.05992,0.002864,0.000363,62.779611,0.0,1.0
1783460134.692895,840,1,8400.0,10077.346876,7201.591757,2999.21038,1028.798822,2905.121141,1020.817711,3000.0,-94.878859,-1.138546,-1.523756,0.450731,0.419265,47.864914,0.155797,0.000753,130.060996,0.0,0.0,0.0,0.0,0.386977,1.992705,-0.020012,48.000382,0.054794,0.000363,62.805913,0.0,1.0
1783460134.702895,841,1,8410.0,10048.869854,7079.753866,2987.17891,1010.190801,2914.968073,1019.75502,3000.0,-85.031927,-1.020383,0.05488,0.450775,0.201312,47.749598,0.101138,0.000753,130.109289,0.0,0.0,0.0,0.0,-0.535663,1.992169,0.08362,48.067398,0.0,0.000363,62.805913,0.0,1.0
1783460134.712895,842,1,8420.0,10011.443234,7400.568934,2972.518775,1054.712912,2921.874157,1023.250809,3000.0,-78.125843,-0.93751,-0.285587,0.450547,0.156578,47.782271,0.125857,0.000753,130.169427,0.0,0.0,0.0,0.0,0.355134,1.992524,0.061988,48.028254,0.0,0.000363,62.805913,0.0,1.0
1783460134.722895,843,1,8430.0,10290.317806,7247.430555,3051.695672,1031.662712,2937.452739,1024.092,3000.0,-62.547261,-0.750567,-1.164698,0.449615,0.106785,47.88159,0.0,0.000753,130.169427,0.0,0.0,0.0,0.0,-0.264694,1.992259,0.043841,47.993121,0.0,0.000363,62.805913,0.0,1.0
1783460134.732895,844,1,8440.0,9707.966494,7138.725816,2875.582492,1014.984713,2930.02831,1023.181271,3000.0,-69.97169,-0.83966,-0.098437,0.449536,0.034645,47.734998,0.145933,0.000754,130.239088,0.0,0.0,0.0,0.0,0.350645,1.99261,-0.070335,47.982613,0.0,0.000363,62.805913,0.0,1.0
1783460134.742895,845,1,8450.0,10131.898531,7091.5889,2997.603116,1007.089548,2938.137286,1021.572099,3000.0,-61.862714,-0.742353,-0.693626,0.448981,-0.204035,47.839058,0.0,0.000754,130.239088,0.0,0.0,0.0,0.0,-0.337368,1.992273,-0.019269,47.899046,0.0,0.000363,62.805913,0.0,1.0
1783460134.752895,846,1,8460.0,10027.100093,6957.649532,2963.091044,986.900643,2941.131737,1018.104953,3000.0,-58.868263,-0.706419,-0.932431,0.448236,0.139642,47.879287,0.140209,0.000754,130.306219,0.0,0.0,0.0,0.0,-0.614839,1.991658,-0.016959,47.956827,0.018225,0.000364,62.814653,0.0,1.0
1783460134.762895,847,1,8470.0,10102.061968,7238.861964,2981.718409,1025.576666,2946.002138,1018.852124,3000.0,-53.997862,-0.647974,-0.206232,0.448071,0.084081,47.712305,0.0316,0.000754,130.321295,0.0,0.0,0.0,0.0,0.15559,1.991813,0.045514,47.990648,0.02666,0.000364,62.827448,0.0,1.0
1783460134.772895,848,1,8480.0,10132.323894,7031.843548,2987.123789,995.0722,2950.936736,1016.474132,3000.0,-49.063264,-0.588759,-0.396223,0.447754,0.254775,47.861432,0.012029,0.000754,130.327053,0.0,0.0,0.0,0.0,0.030758,1.991844,-0.019101,47.932517,0.012761,0.000364,62.833565,0.0,1.0
1783460134.782895,849,1,8490.0,10031.670222,7205.840485,2953.966496,1018.493355,2951.300307,1016.676054,3000.0,-48.699693,-0.584396,-0.812974,0.447103,0.039695,47.793739,0.064901,0.000755,130.358071,0.0,0.0,0.0,0.0,0.123765,1.991968,-0.032682,47.985887,0.014644,0.000364,62.840592,0.0,1.0
1783460134.792895,850,1,8500.0,10089.905029,7198.99881,2967.619126,1016.329244,2953.258566,1016.641373,3000.0,-46.741434,-0.560897,-0.747639,0.446505,0.115611,47.838916,0.121011,0.000755,130.415961,0.0,0.0,0.0,0.0,0.204265,1.992172,0.097006,48.007505,0.039673,0.000364,62.859638,0.0,1.0
1783460134.802895,851,1,8510.0,10097.238844,7322.733729,2966.286382,1032.5829,2954.821903,1018.235526,3000.0,-45.178097,-0.542137,-0.06698,0.446451,0.368809,47.840348,0.108462,0.000755,130.46785,0.0,0.0,0.0,0.0,0.079091,1.992251,-0.040239,47.967641,0.033926,0.000364,62.875911,0.0,1.0
1783460134.812895,852,1,8520.0,9977.587435,7390.427423,2927.695844,1040.905271,2951.566776,1020.5025,3000.0,-48.433224,-0.581199,-0.373436,0.446153,0.220064,47.848103,0.078175,0.000755,130.505255,0.0,0.0,0.0,0.0,-0.020521,1.992231,-0.171925,48.017792,0.022526,0.000364,62.886727,0.0,1.0
1783460134.822895,853,1,8530.0,9949.59879,7209.97955,2916.060607,1014.299585,2947.306036,1019.882209,3000.0,-52.693964,-0.632328,-0.570322,0.445696,0.295177,47.715281,0.018786,0.000755,130.514219,0.0,0.0,0.0,0.0,-0.049264,1.992182,-0.06914,48.009331,0.0,0.000364,62.886727,0.0,1.0
1783460134.832895,854,1,8540.0,9848.060233,7175.422248,2882.921614,1008.256054,2939.579905,1018.719593,3000.0,-60.420095,-0.725041,-0.320649,0.44544,0.035383,47.819936,0.09682,0.000756,130.560519,0.0,0.0,0.0,0.0,0.144088,1.992326,0.006164,47.914608,0.0,0.000364,62.886727,0.0,1.0
1783460134.842895,855,1,8550.0,10129.355592,7363.16466,2961.799881,1033.426619,2942.246302,1020.190296,3000.0,-57.753698,-0.693044,-1.317308,0.444386,0.496235,47.798251,0.0,0.000756,130.560519,0.0,0.0,0.0,0.0,-0.070786,1.992255,0.089465,48.002582,0.0,0.000364,62.886727,0.0,1.0
1783460134.852895,856,1,8560.0,10192.471558,7286.783497,2976.773235,1021.511705,2946.389534,1020.322437,3000.0,-53.610466,-0.643326,-0.524669,0.443966,0.397459,47.909016,0.0,0.000756,130.560519,0.0,0.0,0.0,0.0,0.007703,1.992263,0.148279,48.024933,0.059368,0.000364,62.915239,0.0,1.0
1783460134.862895,857,1,8570.0,10176.018524,6964.193467,2968.500153,975.14961,2949.042809,1015.805154,3000.0,-50.957191,-0.611486,-0.817534,0.443312,0.133136,47.871207,0.056143,0.000756,130.587395,0.0,0.0,0.0,0.0,-0.119793,1.992143,-0.043194,48.009426,0.008266,0.000364,62.919207,0.0,1.0
1783460134.872895,858,1,8580.0,10382.623572,7119.549575,3025.239969,995.741199,2958.186468,1013.798759,3000.0,-41.813532,-0.501762,-1.030768,0.442488,0.203148,47.818987,0.064168,0.000756,130.618079,0.0,0.0,0.0,0.0,-0.178605,1.991964,0.037647,47.975721,0.0,0.000364,62.919207,0.0,1.0
1783460134.882895,859,1,8590.0,10037.702194,7249.502257,2921.333584,1012.736055,2953.764122,1013.692488,3000.0,-46.235878,-0.554831,-1.172076,0.44155,0.108713,47.793126,0.115197,0.000756,130.673135,0.0,0.0,0.0,0.0,-0.044359,1.99192,0.073025,47.96179,0.01729,0.000364,62.9275,0.0,1.0
1783460134.892895,860,1,8600.0,10146.267766,7118.912906,2949.496444,993.336685,2953.252,1011.656908,3000.0,-46.748,-0.560976,0.322365,0.441808,0.203166,47.820745,0.143952,0.000757,130.741974,0.0,0.0,0.0,0.0,0.096691,1.992016,-0.020052,48.048451,0.089324,0.000364,62.970418,0.0,1.0
1783460134.902894,861,1,8610.0,10053.483031,7174.315322,2919.1298,999.904574,2949.157336,1010.481674,3000.0,-50.842664,-0.610112,-0.432257,0.441462,0.148452,47.714088,0.010133,0.000757,130.746809,0.0,0.0,0.0,0.0,-0.200788,1.991816,0.114795,47.944057,0.05315,0.000365,62.995901,0.0,1.0
1783460134.912894,862,1,8620.0,10017.495743,7050.53269,2905.30619,981.512672,2943.895199,1007.584774,3000.0,-56.104801,-0.673258,-0.753448,0.440859,0.064692,47.731452,0.178594,0.000757,130.832055,0.0,0.0,0.0,0.0,0.281025,1.992097,0.096351,48.048342,0.036479,0.000365,63.013429,0.0,1.0
1783460134.922895,863,1,8630.0,10296.916712,6954.708645,2982.884332,967.051028,2948.573895,1003.5314,3000.0,-51.426105,-0.617113,-0.220541,0.440683,0.353819,47.828015,0.04747,0.000757,130.854759,0.0,0.0,0.0,0.0,-0.219364,1.991877,-0.021151,47.976681,0.0,0.000365,63.013429,0.0,1.0
1783460134.932895,864,1,8640.0,10223.457868,7230.711871,2958.176466,1004.265538,2949.726203,1003.604813,3000.0,-50.273797,-0.603286,-0.180762,0.440538,0.159323,47.775193,0.041286,0.000758,130.874484,0.0,0.0,0.0,0.0,0.350926,1.992228,-0.109405,48.113267,0.0,0.000365,63.013429,0.0,1.0
1783460134.942895,865,1,8650.0,10293.838096,6924.516183,2975.097716,960.626522,2952.770785,999.306984,3000.0,-47.229215,-0.566751,-0.688861,0.439987,-0.198213,47.859934,0.091083,0.000758,130.918076,0.0,0.0,0.0,0.0,0.268872,1.992497,-0.039611,48.066971,0.007411,0.000365,63.016991,0.0,1.0
1783460134.952895,866,1,8660.0,10196.460832,6924.114882,2943.551049,959.461646,2951.664416,995.322451,3000.0,-48.335584,-0.580027,0.1444,0.440103,0.182211,47.834693,0.0,0.000758,130.918076,0.0,0.0,0.0,0.0,-0.014673,1.992482,-0.080394,47.95969,0.0,0.000365,63.016991,0.0,1.0
1783460134.962895,867,1,8670.0,10321.747451,6950.93861,2976.282425,962.067628,2954.618577,991.996968,3000.0,-45.381423,-0.544577,-0.444302,0.439747,-0.027887,47.823851,0.0,0.000758,130.918076,0.0,0.0,0.0,0.0,-0.02147,1.992461,0.050563,48.018778,0.023673,0.000365,63.028358,0.0,1.0
1783460134.972895,868,1,8680.0,10204.971791,6687.443621,2939.219986,924.531376,2952.770746,985.250409,3000.0,-47.229254,-0.566751,-0.325474,0.439487,-0.035329,47.799615,0.0,0.000758,130.918076,0.0,0.0,0.0,0.0,-0.058087,1.992403,0.053295,47.983567,0.0,0.000365,63.028358,0.0,1.0
1783460134.982895,869,1,8690.0,10346.558332,6949.911863,2976.570291,959.71165,2955.626692,982.696533,3000.0,-44.373308,-0.53248,-0.426189,0.439146,0.15939,47.878616,0.186331,0.000758,131.007288,0.0,0.0,0.0,0.0,0.178145,1.992581,-0.028039,48.018104,0.0,0.000365,63.028358,0.0,1.0
1783460134.992895,870,1,8700.0,10376.744463,7131.82516,2981.823121,983.700022,2958.770263,982.796882,3000.0,-41.229737,-0.494757,-0.431544,0.438801,0.107134,47.778576,0.13872,0.000759,131.073567,0.0,0.0,0.0,0.0,-0.070927,1.99251,0.024442,47.982565,0.0,0.000365,63.028358,0.0,1.0
1783460135.002895,871,1,8710.0,10404.51162,6730.364835,2986.369581,927.260368,2962.082181,977.243231,3000.0,-37.917819,-0.455014,-0.711806,0.438231,0.014439,47.904936,0.097322,0.000759,131.120189,0.0,0.0,0.0,0.0,0.078805,1.992589,-0.050325,48.030442,0.0,0.000365,63.028358,0.0,1.0
1783460135.012895,872,1,8720.0,10630.858229,6806.221687,3047.837795,936.636012,2972.372855,973.182509,3000.0,-27.627145,-0.331526,0.588166,0.438702,0.038302,47.824443,0.0,0.000759,131.120189,0.0,0.0,0.0,0.0,-0.006518,1.992582,-0.078457,47.942611,0.0,0.000365,63.028358,0.0,1.0
1783460135.022895,873,1,8730.0,10438.45498,6683.752766,2989.248276,918.728903,2974.397906,967.737148,3000.0,-25.602094,-0.307225,-0.107963,0.438615,-0.029118,47.813239,0.135603,0.000759,131.185025,0.0,0.0,0.0,0.0,0.148333,1.992731,-0.125063,48.020285,0.024087,0.000365,63.039925,0.0,1.0
1783460135.032895,874,1,8740.0,10587.279537,6655.479484,3028.398037,913.79581,2980.877921,962.343014,3000.0,-19.122079,-0.229465,-0.006976,0.43861,0.012111,47.835459,0.069456,0.00076,131.21825,0.0,0.0,0.0,0.0,0.104936,1.992836,-0.039391,47.919291,0.003851,0.000365,63.04177,0.0,1.0
1783460135.042895,875,1,8750.0,10656.63966,6730.278553,3044.754189,923.00963,2988.543073,958.409676,3000.0,-11.456927,-0.137483,0.050001,0.43865,0.110388,47.769379,0.081272,0.00076,131.257073,0.0,0.0,0.0,0.0,0.087619,1.992923,0.013076,48.003265,0.087566,0.000365,63.083805,0.0,1.0
1783460135.052895,876,1,8760.0,10797.586279,6712.851596,3081.502934,919.568712,2999.698257,954.525579,3000.0,-0.301743,-0.003621,-0.797021,0.438012,-0.039667,47.848567,0.0,0.00076,131.257073,0.0,0.0,0.0,0.0,-0.036819,1.992887,0.011364,48.039284,0.0,0.000365,63.083805,0.0,1.0
1783460135.062895,877,1,8770.0,10792.887547,6665.1926,3076.649814,911.998987,3008.932444,950.27292,3000.0,8.932444,0.107189,0.09007,0.438084,0.086255,47.86934,0.098508,0.00076,131.304228,0.0,0.0,0.0,0.0,0.648819,1.993535,0.017649,48.022874,0.0,0.000365,63.083805,0.0,1.0
1783460135.072895,878,1,8780.0,10881.548503,6549.329996,3098.390804,895.124829,3019.667447,944.758111,3000.0,19.667447,0.236009,0.104726,0.438168,-0.045353,47.76275,0.036227,0.00076,131.321531,0.0,0.0,0.0,0.0,-0.140172,1.993395,0.016364,47.985765,0.020184,0.000365,63.09349,0.0,1.0
1783460135.082895,879,1,8790.0,11146.442952,6710.872278,3170.205618,916.160038,3037.732027,941.898304,3000.0,37.732027,0.452784,0.192935,0.438322,0.04441,47.838286,0.012067,0.00076,131.327304,0.0,0.0,0.0,0.0,-0.086628,1.993309,0.091667,48.014299,0.0,0.000365,63.09349,0.0,1.0
1783460135.092895,880,1,8800.0,11071.598776,6599.14838,3145.340561,899.88387,3050.645051,937.69686,3000.0,50.645051,0.607741,0.245079,0.438519,0.171141,47.80882,0.013352,0.00076,131.333687,0.0,0.0,0.0,0.0,0.178546,1.993487,-0.05434,48.069471,0.0,0.000365,63.09349,0.0,1.0
1783460135.102895,881,1,8810.0,11186.119244,6640.349126,3174.267663,904.474342,3065.479765,934.374609,3000.0,65.479765,0.785757,0.822658,0.439177,0.217203,47.87523,0.057974,0.00076,131.361443,0.0,0.0,0.0,0.0,-0.09376,1.993393,-0.026686,48.099553,0.0,0.000365,63.09349,0.0,1.0
1783460135.112895,882,1,8820.0,11343.188049,6452.455809,3215.189356,877.885144,3083.444916,928.725662,3000.0,83.444916,1.001339,1.089617,0.440048,0.386225,47.770042,0.029442,0.00076,131.375507,0.0,0.0,0.0,0.0,0.217585,1.993611,0.096113,47.970638,0.069947,0.000365,63.127044,0.0,1.0
1783460135.122895,883,1,8830.0,11257.372821,6588.005295,3187.251648,895.312158,3095.901724,925.384312,3000.0,95.901724,1.150821,1.58022,0.441313,0.142235,47.915564,0.055335,0.000761,131.402021,0.0,0.0,0.0,0.0,-0.023989,1.993587,-0.030951,48.116275,0.001273,0.000365,63.127657,0.0,1.0
1783460135.132895,884,1,8840.0,11478.949117,6669.067168,3246.309139,905.303236,3113.950614,923.376204,3000.0,113.950614,1.367407,0.908668,0.442039,0.435809,47.817784,0.0,0.000761,131.402021,0.0,0.0,0.0,0.0,-0.092476,1.993494,0.004035,47.88819,0.0,0.000365,63.127657,0.0,1.0
1783460135.142895,885,1,8850.0,11441.345486,6547.102045,3232.018499,887.74265,3128.11876,919.812849,3000.0,128.11876,1.537425,1.577327,0.443301,0.335112,47.801773,0.20014,0.000761,131.497692,0.0,0.0,0.0,0.0,-0.341238,1.993153,0.056651,47.923859,0.036571,0.000365,63.145184,0.0,1.0
1783460135.152894,886,1,8860.0,11417.089042,6675.21143,3221.526253,904.091842,3139.327659,918.240748,3000.0,139.327659,1.671932,1.157795,0.444228,0.275033,47.78472,0.213072,0.000762,131.599508,0.0,0.0,0.0,0.0,-0.301368,1.992852,-0.020776,48.021371,0.0,0.000365,63.145184,0.0,1.0
1783460135.162894,887,1,8870.0,11491.252554,6379.325742,3238.797225,863.042941,3151.264007,912.720967,3000.0,151.264007,1.815168,0.809729,0.444875,0.290912,47.836201,0.05685,0.000762,131.626703,0.0,0.0,0.0,0.0,0.00176,1.992854,0.006035,48.009295,0.0,0.000365,63.145184,0.0,1.0
1783460135.172895,888,1,8880.0,11386.345237,6307.30196,3205.615213,852.338103,3157.786152,906.682681,3000.0,157.786152,1.893434,1.706667,0.446241,0.391489,47.781437,0.315511,0.000763,131.777458,0.0,0.0,0.0,0.0,0.309526,1.993163,-0.109857,47.992268,0.021443,0.000365,63.155475,0.0,1.0
1783460135.182895,889,1,8890.0,11949.501093,6125.115343,3360.377135,826.787223,3182.09707,898.693135,3000.0,182.09707,2.185165,2.110121,0.447929,0.422596,47.8474,0.194569,0.000763,131.870554,0.0,0.0,0.0,0.0,0.414392,1.993578,0.155857,47.986114,0.0,0.000365,63.155475,0.0,1.0
1783460135.192895,890,1,8900.0,12133.516648,6448.749214,3408.291193,869.494276,3209.240365,895.773249,3000.0,209.240365,2.510884,1.520801,0.449145,0.720703,47.830442,0.224359,0.000764,131.977866,0.0,0.0,0.0,0.0,0.263931,1.993841,-0.137945,48.046817,0.00719,0.000366,63.158929,0.0,1.0
1783460135.202895,891,1,8910.0,11922.426191,6401.583315,3345.237427,862.166103,3225.560012,892.412535,3000.0,225.560012,2.70672,1.388118,0.450256,0.479671,47.860556,0.311697,0.000765,132.127046,0.0,0.0,0.0,0.0,-0.016799,1.993825,-0.132737,47.986602,0.0,0.000366,63.158929,0.0,1.0
1783460135.212895,892,1,8920.0,11841.163689,6425.902416,3318.711796,864.471177,3236.738226,889.618399,3000.0,236.738226,2.840859,2.480577,0.45224,0.398235,47.836412,0.329423,0.000766,132.28463,0.0,0.0,0.0,0.0,0.046884,1.993872,-0.013885,48.000421,0.0,0.000366,63.158929,0.0,1.0
1783460135.222895,893,1,8930.0,12227.637668,6366.391337,3423.190837,855.506115,3259.112539,886.20717,3000.0,259.112539,3.10935,2.114136,0.453932,0.406828,47.755644,0.260713,0.000766,132.409135,0.0,0.0,0.0,0.0,0.257877,1.994129,-0.045942,47.986739,0.0,0.000366,63.158929,0.0,1.0
1783460135.232895,894,1,8940.0,12227.433744,6638.480206,3419.304738,891.071169,3278.335603,886.69357,3000.0,278.335603,3.340027,1.370576,0.455028,0.679013,47.869912,0.373071,0.000767,132.587724,0.0,0.0,0.0,0.0,-0.128825,1.994001,-0.038248,48.033497,0.060557,0.000366,63.188017,0.0,1.0
1783460135.242895,895,1,8950.0,11861.930365,6234.479322,3313.38837,835.907842,3282.541935,881.614997,3000.0,282.541935,3.390503,3.008495,0.457435,0.591811,47.819065,0.444782,0.000769,132.800414,0.0,0.0,0.0,0.0,0.070006,1.994071,-0.042469,48.023721,0.0,0.000366,63.188017,0.0,1.0
1783460135.252895,896,1,8960.0,12145.915897,6380.83288,3388.927427,854.575832,3295.308194,878.911081,3000.0,295.308194,3.543698,3.506012,0.46024,0.875395,47.854821,0.338696,0.00077,132.962497,0.0,0.0,0.0,0.0,-0.062755,1.994008,0.097877,48.061821,0.02152,0.000366,63.19836,0.0,1.0
1783460135.262895,897,1,8970.0,12164.066481,6198.27686,3390.208049,829.200918,3306.696177,873.940065,3000.0,306.696177,3.680354,2.342018,0.462113,0.741406,47.888048,0.380831,0.000771,133.144869,0.0,0.0,0.0,0.0,0.319019,1.994327,-0.015077,47.918626,0.0,0.000366,63.19836,0.0,1.0
1783460135.272895,898,1,8980.0,12293.286745,6342.248192,3422.407223,847.516462,3320.581502,871.297704,3000.0,320.581502,3.846978,3.215704,0.464686,0.839532,47.825226,0.435779,0.000772,133.353281,0.0,0.0,0.0,0.0,-0.132029,1.994195,0.031458,48.000931,0.0,0.000366,63.19836,0.0,1.0
1783460135.282895,899,1,8990.0,12405.376649,6271.576959,3449.771037,837.140417,3336.084247,867.881976,3000.0,336.084247,4.033011,3.725686,0.467666,0.975384,47.850547,0.366437,0.000773,133.528623,0.0,0.0,0.0,0.0,0.05041,1.994245,-0.042695,47.958114,0.0,0.000366,63.19836,0.0,1.0
1783460135.292895,900,1,9000.0,12019.284837,6168.080891,3338.690232,822.410786,3336.396965,863.334857,3000.0,336.396965,4.036764,3.238652,0.470257,0.971364,47.751803,0.441917,0.000774,133.739647,0.0,0.0,0.0,0.0,0.331595,1.994577,0.070459,48.067855,0.0,0.000366,63.19836,0.0,1.0
1783460135.302895,901,1,9010.0,12121.052285,6113.685138,3363.222055,814.253293,3339.615976,858.4267,3000.0,339.615976,4.075392,4.024504,0.473477,1.224049,47.773985,0.394327,0.000775,133.928033,0.0,0.0,0.0,0.0,-0.33499,1.994242,-0.150296,47.952344,0.058911,0.000366,63.226609,0.0,1.0
1783460135.312895,902,1,9020.0,12187.977954,6414.312255,3378.04267,853.345311,3344.227179,857.918561,3000.0,344.227179,4.130726,3.71509,0.476449,0.783499,47.922302,0.325558,0.000776,134.084047,0.0,0.0,0.0,0.0,-0.130207,1.994112,0.035526,47.984818,0.0,0.000366,63.226609,0.0,1.0
1783460135.322895,903,1,9030.0,12356.863775,6464.700816,3421.058631,859.096454,3353.446953,858.036351,3000.0,353.446953,4.241363,2.574326,0.478509,0.93732,47.920036,0.550441,0.000778,134.347819,0.0,0.0,0.0,0.0,-0.630111,1.993482,-0.061527,48.004192,0.0,0.000366,63.226609,0.0,1.0
1783460135.332895,904,1,9040.0,12344.478357,6379.089382,3413.849103,846.781776,3360.695211,856.910893,3000.0,360.695211,4.328343,3.820871,0.481565,0.916397,47.849245,0.507498,0.000779,134.590653,0.0,0.0,0.0,0.0,0.133055,1.993615,0.026732,48.005307,0.0,0.000366,63.226609,0.0,1.0
1783460135.342895,905,1,9050.0,12151.758317,6336.89591,3356.839314,840.251391,3360.232504,855.244943,3000.0,360.232504,4.32279,4.062506,0.484815,0.798871,47.875821,0.464066,0.00078,134.812829,0.0,0.0,0.0,0.0,-0.064537,1.99355,-0.009518,48.032019,0.0,0.000366,63.226609,0.0,1.0
1783460135.352895,906,1,9060.0,12414.805573,6089.427229,3425.718977,806.546653,3368.09088,850.375114,3000.0,368.09088,4.417091,3.951407,0.487976,1.075653,47.929945,0.278511,0.000781,134.946319,0.0,0.0,0.0,0.0,-0.265444,1.993285,0.086359,47.96098,0.0,0.000366,63.226609,0.0,1.0
1783460135.362895,907,1,9070.0,12362.190341,6190.071297,3407.439454,818.973049,3372.812709,847.234907,3000.0,372.812709,4.473753,3.146622,0.490494,0.836069,47.859981,0.387519,0.000782,135.131785,0.0,0.0,0.0,0.0,0.013664,1.993298,-0.009108,48.024997,0.0,0.000366,63.226609,0.0,1.0
1783460135.372895,908,1,9080.0,12279.884338,6460.371102,3381.025423,853.793538,3373.798235,847.890771,3000.0,373.798235,4.485579,4.122647,0.493792,1.052649,47.841866,0.456881,0.000784,135.350366,0.0,0.0,0.0,0.0,-0.35036,1.992948,0.024412,48.045259,0.0,0.000366,63.226609,0.0,1.0
1783460135.382895,909,1,9090.0,12368.68222,6469.62136,3401.727783,854.075427,3377.149781,848.509236,3000.0,377.149781,4.525797,4.693251,0.497546,0.827525,47.868529,0.399564,0.000785,135.541631,0.0,0.0,0.0,0.0,-0.103685,1.992844,0.061519,48.057696,0.0,0.000366,63.226609,0.0,1.0
1783460135.392895,910,1,9100.0,12128.282919,6219.700875,3331.945857,820.180335,3371.72531,845.676346,3000.0,371.72531,4.460704,3.633002,0.500453,1.022602,47.897493,0.520861,0.000786,135.79111,0.0,0.0,0.0,0.0,-0.139774,1.992704,-0.054216,48.066477,0.010604,0.000366,63.231706,0.0,1.0
1783460135.402894,911,1,9110.0,11930.389671,6600.150845,3273.981798,869.394184,3359.996088,848.04813,3000.0,359.996088,4.319953,3.200556,0.503013,1.072001,47.850932,0.436431,0.000787,135.999947,0.0,0.0,0.0,0.0,0.417052,1.993121,-0.145707,47.983948,0.0,0.000366,63.231706,0.0,1.0
1783460135.412894,912,1,9120.0,12090.842989,6351.706668,3314.375819,835.750877,3354.521656,846.818405,3000.0,354.521656,4.25426,3.950565,0.506174,1.000381,47.845106,0.545911,0.000789,136.261139,0.0,0.0,0.0,0.0,0.210549,1.993332,-0.070593,47.981255,0.0,0.000366,63.231706,0.0,1.0
1783460135.422895,913,1,9130.0,12129.623138,6356.548684,3321.364496,835.471897,3350.542797,845.683754,3000.0,350.542797,4.206514,3.822206,0.509231,0.845912,47.870644,0.372692,0.00079,136.439549,0.0,0.0,0.0,0.0,-0.1522,1.99318,0.06768,47.924503,0.009372,0.000366,63.236197,0.0,1.0
1783460135.432895,914,1,9140.0,12183.892213,6603.824465,3332.574457,867.022906,3348.386596,847.817669,3000.0,348.386596,4.180639,2.958399,0.511598,1.102137,47.865971,0.425316,0.000791,136.64313,0.0,0.0,0.0,0.0,0.069548,1.993249,-0.105554,48.065549,0.027895,0.000366,63.249605,0.0,1.0
1783460135.442895,915,1,9150.0,11971.322453,6359.162472,3270.853129,833.988521,3339.08258,846.434754,3000.0,339.08258,4.068991,4.514687,0.51521,0.864831,47.869064,0.276333,0.000792,136.775409,0.0,0.0,0.0,0.0,-0.057954,1.993191,0.04176,47.972702,0.005804,0.000366,63.25239,0.0,1.0
1783460135.452895,916,1,9160.0,12074.954865,6405.719052,3295.566284,839.177168,3333.860625,845.708996,3000.0,333.860625,4.006327,3.786779,0.518239,0.852664,47.869839,0.399743,0.000793,136.966765,0.0,0.0,0.0,0.0,-0.449983,1.992741,0.046228,48.038446,0.031035,0.000366,63.267299,0.0,1.0
1783460135.462895,917,1,9170.0,12070.015058,6461.215079,3290.625697,845.524329,3328.672433,845.690529,3000.0,328.672433,3.944069,3.506422,0.521044,1.276647,47.820351,0.442749,0.000794,137.178489,0.0,0.0,0.0,0.0,0.122468,1.992864,0.067325,47.928686,0.080544,0.000366,63.305902,0.0,1.0
1783460135.472895,918,1,9180.0,12160.275317,6457.994134,3311.621818,844.18224,3326.626359,845.5397,3000.0,326.626359,3.919516,4.127008,0.524346,0.887093,47.982796,0.409262,0.000795,137.374864,0.0,0.0,0.0,0.0,-0.502839,1.992361,-0.002108,47.97735,0.0,0.000366,63.305902,0.0,1.0
1783460135.482895,919,1,9190.0,11851.002018,6545.475447,3223.885206,854.686674,3314.297421,846.454397,3000.0,314.297421,3.771569,2.718174,0.526521,0.979953,47.793984,0.357404,0.000796,137.545682,0.0,0.0,0.0,0.0,0.117658,1.992479,0.032518,47.971907,0.010856,0.000366,63.31111,0.0,1.0
1783460135.492895,920,1,9200.0,11831.594809,6426.771141,3215.107285,838.274497,3302.394605,845.636407,3000.0,302.394605,3.628735,2.265183,0.528333,0.994546,47.859364,0.283374,0.000797,137.681303,0.0,0.0,0.0,0.0,-0.072162,1.992407,0.108924,48.087903,0.0,0.000366,63.31111,0.0,1.0
1783460135.502895,921,1,9210.0,12188.230139,6533.241925,3308.422948,851.236733,3303.118006,846.19644,3000.0,303.118006,3.637416,3.558159,0.531179,0.932095,47.842604,0.308795,0.000798,137.829038,0.0,0.0,0.0,0.0,-0.41721,1.991989,0.003016,48.020562,0.0,0.000366,63.31111,0.0,1.0
1783460135.512895,922,1,9220.0,11788.375969,6619.912242,3196.414308,861.593784,3290.313562,847.736174,3000.0,290.313562,3.483763,3.261754,0.533789,0.791701,47.85114,0.375545,0.000799,138.008741,0.0,0.0,0.0,0.0,-0.235009,1.991754,0.022038,48.018886,0.042435,0.000367,63.331487,0.0,1.0
1783460135.522895,923,1,9230.0,12185.730121,6828.937286,3300.576956,887.835834,3291.545169,851.74614,3000.0,291.545169,3.498542,3.311382,0.536438,0.69006,47.917109,0.23707,0.0008,138.122338,0.0,0.0,0.0,0.0,-0.001716,1.991753,-0.00987,47.974881,0.020185,0.000367,63.341171,0.0,1.0
1783460135.532895,924,1,9240.0,11891.117301,6868.153893,3217.293642,891.968038,3282.634986,855.76833,3000.0,282.634986,3.39162,2.694269,0.538593,1.031398,47.899587,0.259666,0.0008,138.246717,0.0,0.0,0.0,0.0,0.028467,1.991781,0.171505,47.992398,0.00362,0.000367,63.342908,0.0,1.0
1783460135.542895,925,1,9250.0,12024.030816,6715.021122,3249.738058,871.137875,3278.687355,857.305285,3000.0,278.687355,3.344248,3.11914,0.541089,0.481978,47.849948,0.291962,0.000801,138.386421,0.0,0.0,0.0,0.0,0.759908,1.992541,-0.063805,48.006912,0.107639,0.000367,63.394582,0.0,1.0
1783460135.552895,926,1,9260.0,12028.1329,6806.315913,3247.336096,882.02798,3274.925204,859.777554,3000.0,274.925204,3.299102,3.131127,0.543593,0.488309,47.86472,0.310164,0.000802,138.53488,0.0,0.0,0.0,0.0,-0.450904,1.99209,-0.166328,48.049937,0.076868,0.000367,63.431517,0.0,1.0
1783460135.562895,927,1,9270.0,11838.399307,6617.269827,3192.664322,856.604508,3265.053898,859.46025,3000.0,265.053898,3.180647,3.33659,0.546263,0.857636,47.81869,0.315042,0.000803,138.685529,0.0,0.0,0.0,0.0,0.102829,1.992193,-0.150396,47.972952,0.0,0.000367,63.431517,0.0,1.0
1783460135.572895,928,1,9280.0,11696.275929,6535.966587,3150.936403,845.168093,3251.359799,858.031034,3000.0,251.359799,3.016318,2.536758,0.548292,0.727184,47.825692,0.34479,0.000804,138.850427,0.0,0.0,0.0,0.0,-0.049472,1.992143,-0.010512,47.970355,0.0,0.000367,63.431517,0.0,1.0
1783460135.582895,929,1,9290.0,12131.162771,6724.040172,3264.575557,868.552014,3252.94569,859.083132,3000.0,252.94569,3.035348,2.476261,0.550273,0.588527,47.824453,0.335954,0.000805,139.011095,0.0,0.0,0.0,0.0,-0.11629,1.992027,0.046079,48.033627,0.0,0.000367,63.431517,0.0,1.0
1783460135.592895,930,1,9300.0,11951.042127,6647.403448,3212.645733,857.729477,3248.109695,858.947766,3000.0,248.109695,2.977316,2.60609,0.552358,0.396264,47.90293,0.181302,0.000805,139.097944,0.0,0.0,0.0,0.0,-0.091306,1.991936,0.184739,47.950351,0.0,0.000367,63.431517,0.0,1.0
1783460135.602895,931,1,9310.0,12024.461229,6649.727615,3228.910105,857.107748,3245.805744,858.763765,3000.0,245.805744,2.949669,1.76772,0.553772,0.700215,47.92684,0.335586,0.000806,139.25878,0.0,0.0,0.0,0.0,0.087003,1.992023,-0.021707,47.952677,0.00137,0.000367,63.432174,0.0,1.0
1783460135.612895,932,1,9320.0,12181.96006,6571.995318,3267.693149,846.179655,3248.432233,857.505354,3000.0,248.432233,2.981187,2.33938,0.555644,0.65764,48.009611,0.388376,0.000807,139.445237,0.0,0.0,0.0,0.0,0.33823,1.992361,0.056277,47.96928,0.024497,0.000367,63.443925,0.0,1.0
1783460135.622895,933,1,9330.0,12351.909629,6559.902279,3309.729268,843.717335,3255.787877,856.126552,3000.0,255.787877,3.069455,2.547426,0.557682,0.694647,47.925879,0.40027,0.000808,139.63707,0.0,0.0,0.0,0.0,-0.049534,1.992312,-0.012561,48.157452,0.0,0.000367,63.443925,0.0,1.0
1783460135.632895,934,1,9340.0,12015.812457,6725.126895,3216.223891,864.041999,3251.040199,856.918097,3000.0,251.040199,3.012482,2.18904,0.559433,0.637383,47.893315,0.118662,0.000809,139.693902,0.0,0.0,0.0,0.0,0.021522,1.992333,0.018346,48.059245,0.006909,0.000367,63.447245,0.0,1.0
1783460135.642895,935,1,9350.0,12392.230901,6941.772715,3313.430722,890.922701,3258.527061,860.318557,3000.0,258.527061,3.102325,2.806521,0.561678,0.751783,47.884223,0.360034,0.00081,139.866301,0.0,0.0,0.0,0.0,-0.082621,1.99225,-0.18783,47.993678,0.045571,0.000367,63.469117,0.0,1.0
1783460135.652894,936,1,9360.0,12405.119789,6678.493516,3313.333277,856.217117,3265.103807,859.908413,3000.0,265.103807,3.181246,2.212797,0.563448,0.660052,47.90039,0.224544,0.00081,139.973859,0.0,0.0,0.0,0.0,-0.25187,1.991999,-0.006423,48.010792,0.02309,0.000367,63.480202,0.0,1.0
1783460135.662894,937,1,9370.0,12233.677413,6448.522705,3264.054806,825.85136,3264.977927,856.502708,3000.0,264.977927,3.179735,2.510456,0.565457,0.846534,47.829838,0.24952,0.000811,140.093204,0.0,0.0,0.0,0.0,-0.167725,1.991831,0.131712,48.055417,0.0,0.000367,63.480202,0.0,1.0
1783460135.672895,938,1,9380.0,12493.411234,6622.504421,3329.800435,847.228711,3272.756628,855.575308,3000.0,272.756628,3.27308,2.667046,0.56759,0.44417,47.856085,0.250986,0.000812,140.213316,0.0,0.0,0.0,0.0,-0.292137,1.991539,0.044484,47.950289,0.040292,0.000367,63.499522,0.0,1.0
1783460135.682895,939,1,9390.0,12517.477891,6756.038856,3332.661845,863.391547,3279.945254,856.356932,3000.0,279.945254,3.359343,3.339632,0.570262,0.776849,47.870889,0.301318,0.000813,140.35756,0.0,0.0,0.0,0.0,0.166755,1.991705,-0.10204,48.045484,0.0,0.000367,63.499522,0.0,1.0
1783460135.692895,940,1,9400.0,12579.526638,6738.782276,3345.618787,860.270078,3287.826078,856.748247,3000.0,287.826078,3.453913,2.442148,0.572216,0.998038,47.895804,0.369609,0.000814,140.534587,0.0,0.0,0.0,0.0,-0.133077,1.991572,-0.064347,48.004709,0.0,0.000367,63.499522,0.0,1.0
1783460135.702895,941,1,9410.0,12543.836985,6739.539803,3332.581558,859.452472,3293.196736,857.018669,3000.0,293.196736,3.518361,2.618981,0.574311,0.921711,47.93944,0.187495,0.000814,140.624471,0.0,0.0,0.0,0.0,-0.228476,1.991344,-0.029823,47.950894,0.0,0.000367,63.499522,0.0,1.0
1783460135.712895,942,1,9420.0,12690.396344,6786.43531,3367.939582,864.514052,3302.165877,857.768207,3000.0,302.165877,3.625991,2.166045,0.576044,0.602683,47.923458,0.338277,0.000815,140.786585,0.0,0.0,0.0,0.0,0.20438,1.991548,-0.052286,48.001703,0.0,0.000367,63.499522,0.0,1.0
1783460135.722895,943,1,9430.0,12620.596215,6798.465885,3345.86326,865.128214,3307.409563,858.504208,3000.0,307.409563,3.688915,3.216017,0.578617,0.644878,47.964559,0.363774,0.000816,140.961068,0.0,0.0,0.0,0.0,0.108928,1.991657,0.034462,47.977184,0.034804,0.000368,63.51622,0.0,1.0
1783460135.732895,944,1,9440.0,12612.829814,6654.937271,3340.262133,845.966602,3311.351871,857.250448,3000.0,311.351871,3.736222,2.453771,0.58058,0.590111,48.023669,0.360297,0.000817,141.134096,0.0,0.0,0.0,0.0,-0.102833,1.991554,0.150021,47.912877,0.048782,0.000368,63.539593,0.0,1.0
1783460135.742895,945,1,9450.0,12790.266798,6682.523403,3383.668465,848.5744,3320.029863,856.382843,3000.0,320.029863,3.840358,3.032605,0.583006,0.799957,47.989763,0.465118,0.000818,141.357305,0.0,0.0,0.0,0.0,-0.033512,1.991521,-0.06321,48.001173,0.0,0.000368,63.539593,0.0,1.0
1783460135.752895,946,1,9460.0,12696.392047,6652.225029,3355.28331,843.834042,3324.260276,855.127963,3000.0,324.260276,3.891123,2.810241,0.585254,0.758781,47.898621,0.305963,0.000819,141.503857,0.0,0.0,0.0,0.0,0.37966,1.991901,-0.170186,48.034977,0.026748,0.000368,63.552442,0.0,1.0
1783460135.762895,947,1,9470.0,12823.43066,6663.276606,3385.277365,844.343393,3331.582327,854.049506,3000.0,331.582327,3.978988,3.331815,0.587919,0.881797,47.953142,0.441244,0.00082,141.715447,0.0,0.0,0.0,0.0,-0.102186,1.991798,-0.079083,48.015656,0.022848,0.000368,63.563412,0.0,1.0
1783460135.772895,948,1,9480.0,12991.031927,6598.876956,3425.905044,835.30088,3342.901053,852.174643,3000.0,342.901053,4.114813,4.61195,0.591609,0.6456,48.011888,0.346716,0.000821,141.881912,0.0,0.0,0.0,0.0,-0.026663,1.991772,0.139996,48.093032,0.062206,0.000368,63.593329,0.0,1.0
1783460135.782895,949,1,9490.0,13028.444531,6725.274072,3432.150825,850.403465,3353.611026,851.997525,3000.0,353.611026,4.243332,2.784812,0.593837,0.754961,47.91744,0.472841,0.000823,142.108485,0.0,0.0,0.0,0.0,0.18008,1.991952,0.067697,48.06978,0.056735,0.000368,63.620601,0.0,1.0
1783460135.792895,950,1,9500.0,12959.254677,6358.735072,3410.330178,803.208641,3360.417324,847.118637,3000.0,360.417324,4.325008,4.051004,0.597078,0.918505,47.898613,0.445916,0.000824,142.322073,0.0,0.0,0.0,0.0,-0.323423,1.991628,-0.018122,47.927607,0.0,0.000368,63.620601,0.0,1.0
1783460135.802895,951,1,9510.0,12886.324087,6853.281151,3387.572052,864.767338,3363.675891,848.883507,3000.0,363.675891,4.364111,3.63777,0.599988,1.076151,47.918287,0.468277,0.000825,142.546463,0.0,0.0,0.0,0.0,-0.473827,1.991155,-0.058402,47.956096,0.0,0.000368,63.620601,0.0,1.0
1783460135.812895,952,1,9520.0,13016.707719,6688.777242,3418.253077,843.123182,3370.225154,848.307474,3000.0,370.225154,4.442702,3.816543,0.603041,0.968061,47.960515,0.44887,0.000826,142.761744,0.0,0.0,0.0,0.0,0.067312,1.991222,-0.046908,48.02709,0.016709,0.000368,63.628626,0.0,1.0
1783460135.822895,953,1,9530.0,12880.512118,6526.737668,3378.938121,821.834754,3371.27071,845.660202,3000.0,371.27071,4.455249,4.185802,0.60639,0.783198,47.906406,0.52698,0.000828,143.014201,0.0,0.0,0.0,0.0,0.168067,1.99139,0.078076,48.030144,0.0,0.000368,63.628626,0.0,1.0
1783460135.832895,954,1,9540.0,12791.189877,6902.157437,3351.988961,868.195904,3368.9569,847.913773,3000.0,368.9569,4.427483,4.035468,0.609618,0.841145,47.934795,0.392041,0.000829,143.202125,0.0,0.0,0.0,0.0,-0.026057,1.991364,0.047184,47.96452,0.075623,0.000368,63.664899,0.0,1.0
1783460135.842895,955,1,9550.0,12988.858923,6530.429532,3400.224849,820.577533,3372.709054,845.180149,3000.0,372.709054,4.472509,4.256341,0.613023,0.809923,47.936531,0.616479,0.000831,143.497644,0.0,0.0,0.0,0.0,0.023206,1.991387,0.017779,47.971138,0.0,0.000368,63.664899,0.0,1.0
1783460135.852895,956,1,9560.0,13003.139682,6908.756213,3400.402637,867.207893,3376.032284,847.382923,3000.0,376.032284,4.512387,4.159108,0.61635,1.073066,47.966288,0.527899,0.000832,143.750857,0.0,0.0,0.0,0.0,-0.082528,1.991305,-0.001316,47.996791,0.017967,0.000368,63.673522,0.0,1.0
1783460135.862895,957,1,9570.0,12897.16221,6381.964114,3369.164632,800.246284,3375.208166,842.669259,3000.0,375.208166,4.502498,3.323214,0.619009,1.049057,47.878298,0.511912,0.000834,143.995952,0.0,0.0,0.0,0.0,-0.286629,1.991018,-0.017236,47.930891,0.024519,0.000369,63.685274,0.0,1.0
1783460135.872895,958,1,9580.0,12808.651179,6267.464867,3342.54989,785.068668,3371.289173,836.9092,3000.0,371.289173,4.45547,3.684875,0.621957,1.02887,47.973142,0.459542,0.000835,144.216409,0.0,0.0,0.0,0.0,0.105649,1.991124,0.014844,48.010251,0.055053,0.000369,63.711705,0.0,1.0
1783460135.882895,959,1,9590.0,12967.554936,6403.403669,3380.488774,801.260105,3372.393125,833.34429,3000.0,372.393125,4.468717,4.318644,0.625412,1.128203,47.965035,0.403452,0.000836,144.409925,0.0,0.0,0.0,0.0,0.120558,1.991244,0.135019,47.976275,0.026957,0.000369,63.724638,0.0,1.0
1783460135.892895,960,1,9600.0,12792.660709,6397.946308,3331.42206,799.743288,3367.476597,829.98419,3000.0,367.476597,4.409719,4.106731,0.628697,1.069174,47.920402,0.354292,0.000837,144.579703,0.0,0.0,0.0,0.0,-0.185476,1.991059,0.16381,48.003108,0.034713,0.000369,63.741302,0.0,1.0
1783460135.902894,961,1,9610.0,13022.139774,6558.623612,3387.653427,818.974853,3369.897816,828.883256,3000.0,369.897816,4.438774,3.863393,0.631788,0.92771,47.995896,0.451132,0.000838,144.796228,0.0,0.0,0.0,0.0,-0.07876,1.99098,0.0432,47.998263,0.01595,0.000369,63.748957,0.0,1.0
1783460135.912894,962,1,9620.0,12796.106722,6252.998799,3325.39156,779.99985,3364.557066,823.994916,3000.0,364.557066,4.374685,2.489842,0.63378,0.741689,47.890718,0.391252,0.000839,144.983601,0.0,0.0,0.0,0.0,0.001882,1.990982,0.038502,48.027159,0.0,0.000369,63.748957,0.0,1.0
1783460135.922895,963,1,9630.0,13126.476663,6481.046786,3407.704222,807.607076,3369.734724,822.356132,3000.0,369.734724,4.436817,3.339433,0.636451,0.961749,47.955837,0.47197,0.000841,145.209938,0.0,0.0,0.0,0.0,-0.137287,1.990844,0.122988,47.922118,0.019118,0.000369,63.758119,0.0,1.0
1783460135.932895,964,1,9640.0,12931.586194,6480.701386,3353.627125,806.726314,3367.801812,820.79315,3000.0,367.801812,4.413622,3.144956,0.638967,0.983099,47.990391,0.447711,0.000842,145.424797,0.0,0.0,0.0,0.0,-0.130497,1.990714,-0.16331,48.015135,0.0,0.000369,63.758119,0.0,1.0
1783460135.942895,965,1,9650.0,12929.079623,6366.727988,3349.502493,791.71747,3365.605894,817.885582,3000.0,365.605894,4.387271,4.175278,0.642307,1.113717,47.944068,0.422507,0.000843,145.627364,0.0,0.0,0.0,0.0,0.487987,1.991202,-0.021087,47.9851,0.0,0.000369,63.758119,0.0,1.0
1783460135.952895,966,1,9660.0,12628.593756,6472.848778,3268.269606,804.080594,3353.92554,816.505083,3000.0,353.92554,4.247106,3.406666,0.645033,0.531246,47.89459,0.526828,0.000845,145.879686,0.0,0.0,0.0,0.0,0.215013,1.991417,0.186835,47.916521,0.0,0.000369,63.758119,0.0,1.0
1783460135.962895,967,1,9670.0,12822.250349,6312.340926,3314.95614,783.330828,3349.249212,813.187658,3000.0,349.249212,4.190991,3.876863,0.648134,0.825069,48.007622,0.39375,0.000846,146.068716,0.0,0.0,0.0,0.0,-0.0362,1.991381,0.120055,48.037968,0.0,0.000369,63.758119,0.0,1.0
1783460135.972895,968,1,9680.0,12243.789222,6689.968764,3162.135646,829.334971,3326.795584,814.802389,3000.0,326.795584,3.921547,3.162915,0.650665,0.903214,47.904584,0.382924,0.000847,146.252154,0.0,0.0,0.0,0.0,-0.202797,1.991178,-0.055332,47.873928,0.029283,0.000369,63.772138,0.0,1.0
1783460135.982895,969,1,9690.0,12590.789123,6339.928029,3248.397606,785.130406,3317.387826,811.835191,3000.0,317.387826,3.808654,3.700109,0.653625,0.804285,47.929529,0.298468,0.000848,146.395208,0.0,0.0,0.0,0.0,0.382509,1.99156,0.168981,47.947366,0.0,0.000369,63.772138,0.0,1.0
1783460135.992895,970,1,9700.0,12464.525652,6566.375357,3212.506611,812.335096,3304.802081,811.885181,3000.0,304.802081,3.657625,3.026531,0.656046,0.779375,47.992598,0.38237,0.000849,146.578717,0.0,0.0,0.0,0.0,-0.068924,1.991492,-0.014601,47.981775,0.03985,0.000369,63.791259,0.0,1.0
1783460136.002895,971,1,9710.0,12438.268766,6447.784459,3202.43789,796.84257,3292.518378,810.38092,3000.0,292.518378,3.510221,2.874199,0.658345,0.911528,47.934162,0.50593,0.00085,146.82123,0.0,0.0,0.0,0.0,-0.217068,1.991275,-0.118004,48.011915,0.014033,0.000369,63.797996,0.0,1.0
1783460136.012895,972,1,9720.0,12321.422795,6932.366283,3169.090225,855.847689,3277.706999,814.927597,3000.0,277.706999,3.332484,2.950546,0.660706,0.921102,47.986963,0.360558,0.000851,146.994251,0.0,0.0,0.0,0.0,-0.230655,1.991044,0.012558,48.026914,0.0,0.000369,63.797996,0.0,1.0
1783460136.022895,973,1,9730.0,12004.753891,6633.388214,3084.469139,818.095155,3254.518456,815.244353,3000.0,254.518456,3.054221,2.82191,0.662963,0.739433,47.943942,0.370784,0.000852,147.17202,0.0,0.0,0.0,0.0,-0.346867,1.990697,-0.047131,47.971106,0.047199,0.000369,63.820638,0.0,1.0
1783460136.032895,974,1,9740.0,12222.236489,6370.264598,3137.124355,784.837527,3240.431164,812.20367,3000.0,240.431164,2.885174,2.784125,0.665191,0.778324,47.95267,0.320634,0.000853,147.325773,0.0,0.0,0.0,0.0,-0.321324,1.990376,-0.045779,47.953443,0.0,0.000369,63.820638,0.0,1.0
1783460136.042895,975,1,9750.0,12304.782062,6355.001007,3155.072324,782.15397,3230.188103,809.1987,3000.0,230.188103,2.762257,2.612887,0.667281,0.731615,47.915653,0.448634,0.000854,147.540739,0.0,0.0,0.0,0.0,-0.065436,1.99031,-0.087458,47.953071,0.018343,0.000369,63.829434,0.0,1.0
1783460136.052895,976,1,9760.0,12116.815768,6491.452419,3103.692564,798.129396,3215.008639,808.09177,3000.0,215.008639,2.580104,0.94419,0.668036,0.431254,47.888633,0.32205,0.000855,147.694964,0.0,0.0,0.0,0.0,-0.15896,1.990151,-0.044964,48.002767,0.047878,0.00037,63.852416,0.0,1.0
1783460136.062895,977,1,9770.0,12209.395914,6614.095411,3124.20571,812.3761,3204.112287,808.520203,3000.0,204.112287,2.449347,1.626674,0.669338,0.4888,47.965671,0.165086,0.000856,147.774149,0.0,0.0,0.0,0.0,-0.022395,1.990129,0.005007,48.036025,0.0,0.00037,63.852416,0.0,1.0
1783460136.072895,978,1,9780.0,11994.511258,6506.163839,3066.08161,798.302312,3187.548606,807.498414,3000.0,187.548606,2.250583,2.731554,0.671523,0.590251,47.939052,0.166791,0.000856,147.854107,0.0,0.0,0.0,0.0,0.169559,1.990298,0.038082,47.955447,0.004169,0.00037,63.854416,0.0,1.0
1783460136.082895,979,1,9790.0,12199.899357,6597.479416,3115.398201,808.679806,3178.890557,807.616553,3000.0,178.890557,2.146687,1.385343,0.672631,0.253511,47.999121,0.232392,0.000857,147.965653,0.0,0.0,0.0,0.0,0.253382,1.990552,0.103388,47.964448,0.000839,0.00037,63.854818,0.0,1.0
1783460136.092895,980,1,9800.0,11826.208845,6266.139747,3016.890012,767.282418,3159.450492,803.583139,3000.0,159.450492,1.913406,1.433359,0.673778,0.543833,47.974342,0.190721,0.000857,148.05715,0.0,0.0,0.0,0.0,-0.379747,1.990172,0.011521,48.000317,0.000223,0.00037,63.854925,0.0,1.0
1783460136.102895,981,1,9810.0,11851.640981,6494.786189,3020.295867,794.469259,3142.751937,802.671751,3000.0,142.751937,1.713023,1.682011,0.675123,0.434843,47.876955,0.196149,0.000858,148.15106,0.0,0.0,0.0,0.0,-0.079386,1.990093,0.00936,48.036716,0.028219,0.00037,63.868481,0.0,1.0
1783460136.112895,982,1,9820.0,12124.828701,6529.767566,3086.769018,797.934937,3136.033986,802.19807,3000.0,136.033986,1.632408,1.681323,0.676468,0.200911,48.004705,0.054321,0.000858,148.177137,0.0,0.0,0.0,0.0,0.219673,1.990312,-0.085722,47.935223,0.023456,0.00037,63.879724,0.0,1.0
1783460136.122895,983,1,9830.0,11942.108171,6830.408801,3037.158741,833.824065,3124.168957,805.360669,3000.0,124.168957,1.490027,1.053769,0.677311,0.251091,47.970055,0.048509,0.000858,148.200407,0.0,0.0,0.0,0.0,-0.204607,1.990108,0.009882,47.937389,0.0,0.00037,63.879724,0.0,1.0
1783460136.132895,984,1,9840.0,11610.674713,6613.22138,2949.866543,806.490412,3103.252667,805.473644,3000.0,103.252667,1.239032,0.416453,0.677645,0.419135,48.015473,0.175789,0.000858,148.284812,0.0,0.0,0.0,0.0,-0.053031,1.990055,0.008669,47.937885,0.013734,0.00037,63.886308,0.0,1.0
1783460136.142895,985,1,9850.0,11910.948831,6637.081846,3023.08346,808.578499,3093.632362,805.784129,3000.0,93.632362,1.123588,0.27371,0.677864,-0.003642,47.965706,0.096207,0.000859,148.330959,0.0,0.0,0.0,0.0,0.535124,1.99059,-0.113165,47.921499,0.012838,0.00037,63.89246,0.0,1.0
1783460136.152894,986,1,9860.0,11712.656766,7067.617127,2969.740559,860.156243,3078.765346,811.221341,3000.0,78.765346,0.945184,0.158568,0.67799,0.438055,47.931733,0.093026,0.000859,148.375548,0.0,0.0,0.0,0.0,-0.06758,1.990522,-0.076632,48.067431,0.02245,0.00037,63.903252,0.0,1.0
1783460136.162894,987,1,9870.0,11636.227494,6872.72279,2947.372719,835.589397,3062.998231,813.658146,3000.0,62.998231,0.755979,0.198279,0.678149,0.367603,47.988832,0.012691,0.000859,148.381638,0.0,0.0,0.0,0.0,0.016807,1.990539,-0.067751,47.912494,0.05506,0.00037,63.929632,0.0,1.0
1783460136.172895,988,1,9880.0,11679.908094,6599.641635,2955.442332,801.575907,3050.091523,812.449922,3000.0,50.091523,0.601098,-0.228991,0.677966,0.171088,47.879472,0.0,0.000859,148.381638,0.0,0.0,0.0,0.0,0.048503,1.990588,-0.096435,48.030411,0.025719,0.00037,63.941985,0.0,1.0
1783460136.182895,989,1,9890.0,11884.710194,6707.110383,3004.224013,813.805102,3044.587422,812.58544,3000.0,44.587422,0.535049,0.062587,0.678016,0.015061,48.076609,0.097069,0.000859,148.428305,0.0,0.0,0.0,0.0,0.060851,1.990648,0.030337,48.091624,0.057762,0.00037,63.969764,0.0,1.0
1783460136.192895,990,1,9900.0,11534.365622,6815.497404,2912.718591,826.120897,3028.763162,813.938986,3000.0,28.763162,0.345158,1.185944,0.678965,0.04401,47.980304,0.0,0.000859,148.428305,0.0,0.0,0.0,0.0,0.12494,1.990773,-0.029127,48.065515,0.0,0.00037,63.969764,0.0,1.0
1783460136.202895,991,1,9910.0,11730.411545,6839.229851,2959.23601,828.161031,3020.419904,815.361191,3000.0,20.419904,0.245039,0.012856,0.678975,0.006083,47.996985,0.0,0.000859,148.428305,0.0,0.0,0.0,0.0,0.028612,1.990802,-0.108883,48.061162,0.0,0.00037,63.969764,0.0,1.0
1783460136.212895,992,1,9920.0,11694.915248,7056.978303,2947.30727,853.66673,3011.646388,819.191744,3000.0,11.646388,0.139757,-0.963217,0.678204,0.343582,47.957584,0.0,0.000859,148.428305,0.0,0.0,0.0,0.0,-0.004204,1.990798,0.085809,47.992465,0.026125,0.00037,63.982302,0.0,1.0
1783460136.222895,993,1,9930.0,11938.81975,7118.917643,3005.745154,860.292162,3010.93824,823.301786,3000.0,10.93824,0.131259,0.225386,0.678385,-0.062568,47.927751,0.0,0.000859,148.428305,0.0,0.0,0.0,0.0,-0.082497,1.990715,-0.047075,48.038944,0.0,0.00037,63.982302,0.0,1.0
1783460136.232895,994,1,9940.0,11735.282328,7042.739015,2951.529761,850.230062,3003.809222,825.994614,3000.0,3.809222,0.045711,-0.147543,0.678267,-0.00667,48.022568,0.123476,0.00086,148.487602,0.0,0.0,0.0,0.0,0.303834,1.991019,-0.060858,47.905524,0.001817,0.00037,63.983172,0.0,1.0
1783460136.242895,995,1,9950.0,11707.080989,6891.924348,2941.477635,831.186856,2996.329432,826.513838,3000.0,-3.670568,-0.044047,-0.451503,0.677905,0.176521,47.966743,0.0,0.00086,148.487602,0.0,0.0,0.0,0.0,0.240888,1.99126,0.034604,47.986349,0.010768,0.00037,63.98834,0.0,1.0
1783460136.252895,996,1,9960.0,12091.150968,7127.686885,3034.927452,858.757456,3000.961194,829.7382,3000.0,0.961194,0.011534,-0.065286,0.677853,0.074258,48.001976,0.108865,0.00086,148.539859,0.0,0.0,0.0,0.0,-0.086679,1.991173,0.049771,48.105241,0.0,0.00037,63.98834,0.0,1.0
1783460136.262895,997,1,9970.0,11903.389919,7278.956477,2984.801885,876.103086,2999.022077,834.374689,3000.0,-0.977923,-0.011735,0.912277,0.678583,0.128406,48.014607,0.0,0.00086,148.539859,0.0,0.0,0.0,0.0,-0.435851,1.990737,-0.071458,48.053553,0.0,0.00037,63.98834,0.0,1.0
1783460136.272895,998,1,9980.0,11897.40699,7117.961754,2980.312372,855.867145,2996.776913,836.523934,3000.0,-3.223087,-0.038677,-0.110207,0.678495,-0.060293,47.887049,0.036265,0.00086,148.557225,0.0,0.0,0.0,0.0,-0.005053,1.990732,0.019672,47.979573,0.026463,0.00037,64.001037,0.0,1.0
1783460136.282895,999,1,9990.0,11847.106591,7349.927609,2964.741389,882.874187,2992.93265,841.158959,3000.0,-7.06735,-0.084808,0.333756,0.678762,0.163585,47.986941,0.0,0.00086,148.557225,0.0,0.0,0.0,0.0,-0.265778,1.990467,-0.140438,48.001756,0.015501,0.00037,64.008477,0.0,1.0
1783460136.292895,1000,1,10000.0,12287.258343,7068.67839,3071.814586,848.241407,3002.398482,841.867204,3000.0,2.398482,0.028782,-0.223795,0.678583,-0.238146,48.137362,0.05253,0.00086,148.582512,0.0,0.0,0.0,-10.0,-9.679005,1.980788,1.166559,47.984408,0.589356,0.000372,64.291276,0.0,1.0
1783460136.302895,1001,1,10010.0,11710.723386,7100.722253,2924.756091,851.235435,2993.081395,842.804027,3000.0,-6.918605,-0.083023,-0.086841,0.678513,0.061705,48.059606,0.029426,0.00086,148.596654,0.0,0.0,0.0,-10.0,-10.15572,1.970632,1.131108,47.967931,0.673546,0.000374,64.614363,0.0,1.0
1783460136.312895,1002,1,10020.0,12093.028532,7253.877116,3017.222688,868.727798,2995.97835,845.396404,3000.0,-4.02165,-0.04826,0.770653,0.67913,0.098743,48.026385,0.0,0.00086,148.596654,0.0,0.0,0.0,-10.0,-9.758257,1.960874,1.106842,47.995193,0.549421,0.000375,64.878058,0.0,1.0
1783460136.322895,1003,1,10030.0,12321.566862,7385.300342,3071.178181,883.585285,3005.00233,849.215292,3000.0,5.00233,0.060028,-0.1289,0.679027,-0.136519,47.980314,0.02533,0.00086,148.608807,0.0,0.0,0.0,-10.0,-10.493195,1.95038,1.264847,48.047587,0.595805,0.000377,65.164328,0.0,1.0
1783460136.332895,1004,1,10040.0,12176.414299,7497.415753,3031.975672,896.105468,3008.239131,853.90431,3000.0,8.239131,0.09887,0.4206,0.679363,0.06055,47.975812,0.0,0.00086,148.608807,0.0,0.0,0.0,-10.0,-10.008302,1.940372,1.032507,48.017362,0.550067,0.000379,65.428456,0.0,0.0
1783460136.342895,1005,1,10050.0,12175.504515,7387.70521,3028.732466,882.114055,3010.698331,856.725285,3000.0,10.698331,0.12838,-0.067169,0.67931,-0.241352,48.030923,0.032119,0.00086,148.624234,0.0,0.0,0.0,-10.0,-9.968424,1.930404,1.221682,47.957235,0.647296,0.00038,65.738882,0.0,0.0
1783460136.352895,1006,1,10060.0,12179.656498,7557.362415,3026.753603,901.474642,3012.624964,861.20022,3000.0,12.624964,0.1515,-0.324243,0.67905,-0.072561,48.023788,0.037389,0.000861,148.64219,0.0,0.0,0.0,-10.0,-10.000391,1.920403,1.300207,47.918529,0.602077,0.000382,66.027388,0.0,0.0
1783460136.362895,1007,1,10070.0,12001.560622,7736.750226,2979.533421,921.956333,3008.653979,867.275832,3000.0,8.653979,0.103848,0.231817,0.679236,0.255779,48.092201,0.0,0.000861,148.64219,0.0,0.0,0.0,-10.0,-10.096469,1.910307,1.312333,47.961105,0.594701,0.000384,66.312613,0.0,0.0
1783460136.372895,1008,1,10080.0,12160.125567,7346.578542,3015.904158,874.592684,3009.524,868.007517,3000.0,9.524,0.114288,1.106471,0.680121,0.132371,47.993318,0.0,0.000861,148.64219,0.0,0.0,0.0,-10.0,-10.031381,1.900275,1.253032,48.088898,0.68288,0.000386,66.641003,0.0,0.0
1783460136.382895,1009,1,10090.0,12255.721208,7804.215272,3036.600894,928.15246,3012.773228,874.022011,3000.0,12.773228,0.153279,0.243448,0.680316,0.17413,48.025338,0.0,0.000861,148.64219,0.0,0.0,0.0,-10.0,-9.616672,1.890659,1.182864,47.967654,0.564427,0.000387,66.911745,0.0,0.0
1783460136.392895,1010,1,10100.0,12361.589417,7714.349202,3059.799361,916.556341,3018.416363,878.275444,3000.0,18.416363,0.220996,0.575712,0.680776,0.074104,47.945742,0.121811,0.000861,148.700594,0.0,0.0,0.0,-10.0,-9.825587,1.880833,1.232768,47.954884,0.570238,0.000389,67.185202,0.0,0.0
1783460136.402894,1011,1,10110.0,12331.464987,7523.080116,3049.323686,892.947195,3022.125242,879.742619,3000.0,22.125242,0.265503,0.543944,0.681211,0.086455,48.038531,0.104408,0.000861,148.75075,0.0,0.0,0.0,-10.0,-9.798073,1.871035,1.222014,47.955338,0.590455,0.00039,67.468356,0.0,0.0
1783460136.412894,1012,1,10120.0,12431.563161,7708.716014,3071.03833,914.076998,3027.994813,883.176057,3000.0,27.994813,0.335938,1.1614,0.68214,-0.137194,48.095008,0.0,0.000861,148.75075,0.0,0.0,0.0,-10.0,-10.353823,1.860681,1.127186,47.949158,0.663258,0.000392,67.786383,0.0,0.0
1783460136.422895,1013,1,10130.0,12097.119575,7776.766104,2985.468799,921.235866,3022.891691,886.982038,3000.0,22.891691,0.2747,0.119132,0.682236,-0.18209,48.042912,0.040983,0.000861,148.770439,0.0,0.0,0.0,-10.0,-10.304872,1.850376,1.282678,47.95676,0.528858,0.000394,68.040006,0.0,0.0
1783460136.432895,1014,1,10140.0,12369.692738,7683.784967,3049.727006,909.323665,3026.111929,889.216201,3000.0,26.111929,0.313343,-0.324874,0.681976,-0.016713,47.992391,0.025685,0.000861,148.782766,0.0,0.0,0.0,-10.0,-10.303839,1.840073,1.289831,48.023667,0.590302,0.000395,68.323491,0.0,0.0
1783460136.442895,1015,1,10150.0,12460.296554,7809.134163,3069.03856,923.247389,3031.263125,892.619319,3000.0,31.263125,0.375157,0.509119,0.682383,0.0633,48.023554,0.137605,0.000862,148.848849,0.0,0.0,0.0,-10.0,-10.130912,1.829942,1.26833,47.964569,0.574837,0.000397,68.599209,0.0,0.0
1783460136.452895,1016,1,10160.0,12050.67979,7592.636225,2965.226326,896.768058,3023.338709,893.034193,3000.0,23.338709,0.280065,0.482592,0.682769,-0.129132,48.071125,0.101023,0.000862,148.897412,0.0,0.0,0.0,-10.0,-10.08454,1.819857,1.256574,48.024115,0.640197,0.000399,68.906658,0.0,0.0
1783460136.462895,1017,1,10170.0,12009.252757,7911.900673,2952.12703,933.557602,3014.793307,897.086534,3000.0,14.793307,0.17752,0.704458,0.683333,0.002554,48.046231,0.0,0.000862,148.897412,0.0,0.0,0.0,-10.0,-9.448597,1.810409,1.268052,47.988646,0.65416,0.000401,69.220581,0.0,0.0
1783460136.472895,1018,1,10180.0,12104.866712,7930.750619,2972.707935,934.862548,3009.743063,900.864136,3000.0,9.743063,0.116917,0.459651,0.6837,0.256903,48.011727,0.170834,0.000863,148.979432,0.0,0.0,0.0,-10.0,-9.754112,1.800654,1.280913,48.041854,0.644248,0.000402,69.53009,0.0,0.0
1783460136.482895,1019,1,10190.0,12154.630895,7932.032264,2981.999729,934.096047,3006.413863,904.187327,3000.0,6.413863,0.076966,0.800411,0.684341,0.07151,48.07193,0.0,0.000863,148.979432,0.0,0.0,0.0,-10.0,-9.616304,1.791038,1.233139,48.073464,0.623617,0.000404,69.829884,0.0,0.0
1783460136.492895,1020,1,10200.0,12039.105077,8054.605877,2950.761048,947.600691,2999.735525,908.528663,3000.0,-0.264475,-0.003174,-0.431872,0.683995,-0.265931,47.983211,0.101753,0.000863,149.028256,0.0,0.0,0.0,-10.0,-10.187146,1.780851,1.156156,48.047868,0.620269,0.000406,70.12791,0.0,0.0
1783460136.502895,1021,1,10210.0,11893.654499,7955.24148,2912.256244,934.994102,2989.238011,911.175207,3000.0,-10.761989,-0.129144,-0.32674,0.683734,0.156862,48.055761,0.0,0.000863,149.028256,0.0,0.0,0.0,-10.0,-10.320827,1.77053,1.07286,48.027671,0.627839,0.000408,70.429446,0.0,0.0
1783460136.512895,1022,1,10220.0,11978.207568,7853.306978,2930.089914,922.110408,2982.14024,912.268727,3000.0,-17.85976,-0.214317,-0.784514,0.683106,0.166072,47.901993,0.060915,0.000863,149.057435,0.0,0.0,0.0,-10.0,-10.106506,1.760424,1.167214,48.110901,0.625541,0.000409,70.7304,0.0,0.0
1783460136.522895,1023,1,10230.0,11920.418104,7992.701053,2913.103153,937.560241,2973.855789,914.797878,3000.0,-26.144211,-0.313731,-0.960692,0.682338,-0.103421,47.949079,0.021924,0.000863,149.067948,0.0,0.0,0.0,-10.0,-10.329535,1.750094,1.194574,47.980623,0.623104,0.000411,71.029369,0.0,0.0
1783460136.532895,1024,1,10240.0,11852.498283,7998.200508,2893.676339,937.289122,2964.234255,917.047003,3000.0,-35.765745,-0.429189,-0.424724,0.681998,-0.050885,48.057765,0.042476,0.000863,149.088361,0.0,0.0,0.0,-10.0,-9.482336,1.740612,1.287457,48.00941,0.646732,0.000413,71.339861,0.0,0.0
1783460136.542895,1025,1,10250.0,11612.106616,7965.58553,2832.221126,932.556355,2948.39268,918.597938,3000.0,-51.60732,-0.619288,-1.21514,0.681026,0.256255,48.074356,0.0,0.000863,149.088361,0.0,0.0,0.0,-10.0,-9.731948,1.73088,1.228726,47.946707,0.593399,0.000414,71.624376,0.0,0.0
1783460136.552895,1026,1,10260.0,11677.417816,8362.210965,2845.374712,978.03637,2936.030523,924.541781,3000.0,-63.969477,-0.767634,-0.729429,0.680442,0.276997,48.044376,0.213314,0.000864,149.190846,0.0,0.0,0.0,-10.0,-10.178405,1.720701,1.2673,47.999718,0.580191,0.000416,71.902866,0.0,0.0
1783460136.562895,1027,1,10270.0,11658.302407,8338.832254,2837.950927,974.352357,2924.260972,929.522839,3000.0,-75.739028,-0.908868,-0.399326,0.680123,0.102769,48.006727,0.16701,0.000864,149.271022,0.0,0.0,0.0,-10.0,-9.687202,1.711014,1.140494,47.956913,0.573187,0.000418,72.177749,0.0,0.0
1783460136.572895,1028,1,10280.0,11415.834023,8202.496362,2776.224227,957.489848,2906.496562,932.31954,3000.0,-93.503438,-1.122041,-0.80005,0.679483,0.178097,47.959614,0.079779,0.000864,149.309284,0.0,0.0,0.0,-10.0,-10.277165,1.700737,1.258167,48.025096,0.623699,0.000419,72.477281,0.0,0.0
1783460136.582895,1029,1,10290.0,11483.288059,8249.687808,2789.914494,962.062718,2892.506714,935.293858,3000.0,-107.493286,-1.289919,-0.602066,0.679001,0.360627,48.110439,0.117981,0.000865,149.366045,0.0,0.0,0.0,-10.0,-10.289336,1.690448,1.098081,48.082669,0.551869,0.000421,72.742635,0.0,0.0
1783460136.592895,1030,1,10300.0,11517.965013,8140.1356,2795.622576,948.365313,2880.880618,936.601003,3000.0,-119.119382,-1.429433,-1.225516,0.678021,0.504571,48.121435,0.086899,0.000865,149.407862,0.0,0.0,0.0,-10.0,-9.953861,1.680494,1.215026,47.930467,0.625572,0.000423,73.042474,0.0,0.0
1783460136.602895,1031,1,10310.0,11455.679524,8139.27218,2777.807838,947.344968,2868.511884,937.675399,3000.0,-131.488116,-1.577857,-0.543322,0.677586,0.09774,48.086949,0.115435,0.000865,149.463372,0.0,0.0,0.0,-10.0,-10.260773,1.670233,1.258791,47.994044,0.580434,0.000424,73.321048,0.0,0.0
1783460136.612895,1032,1,10320.0,11560.89913,7956.433458,2800.605409,925.166681,2860.363107,936.424528,3000.0,-139.636893,-1.675643,-1.955144,0.676022,0.25572,48.065131,0.166667,0.000866,149.54348,0.0,0.0,0.0,-10.0,-10.016536,1.660217,1.125274,47.95135,0.612945,0.000426,73.614964,0.0,0.0
1783460136.622895,1033,1,10330.0,10989.902459,8256.358168,2659.705339,959.112275,2836.284175,938.693302,3000.0,-163.715825,-1.96459,-1.750104,0.674622,0.597844,48.072576,0.234581,0.000866,149.656249,0.0,0.0,0.0,-10.0,-9.944264,1.650272,1.02269,48.019281,0.593511,0.000428,73.899963,0.0,0.0
1783460136.632895,1034,1,10340.0,11344.013303,8046.897019,2742.749831,933.875863,2825.060054,938.211558,3000.0,-174.939946,-2.099279,-2.216549,0.672849,0.620274,48.013982,0.269019,0.000867,149.785416,0.0,0.0,0.0,-10.0,-10.332472,1.63994,1.1942,48.021229,0.593858,0.000429,74.185141,0.0,0.0
1783460136.642895,1035,1,10350.0,11093.580236,8317.320155,2679.608753,964.326974,2807.605898,940.8231,3000.0,-192.394102,-2.308729,-2.874481,0.670549,0.382427,47.970016,0.156719,0.000868,149.860594,0.0,0.0,0.0,-10.0,-10.197728,1.629742,1.231398,47.986907,0.622785,0.000431,74.483996,0.0,0.0
1783460136.652894,1036,1,10360.0,11243.6351,8412.066727,2713.232408,974.370663,2796.281079,944.177856,3000.0,-203.718921,-2.444627,-2.149729,0.668829,0.08849,48.070864,0.338331,0.000869,150.023233,0.0,0.0,0.0,-10.0,-10.307834,1.619434,1.149701,48.0332,0.619161,0.000433,74.781399,0.0,0.0
1783460136.662894,1037,1,10370.0,11113.492589,8279.655592,2679.241222,958.108651,2782.236296,945.570936,3000.0,-217.763704,-2.613164,-3.107728,0.666343,0.691795,48.030844,0.434905,0.00087,150.232121,0.0,0.0,0.0,-10.0,-9.582665,1.609852,1.190591,48.065913,0.57293,0.000434,75.056783,0.0,0.0
1783460136.672895,1038,1,10380.0,11045.082819,8283.286259,2660.183723,957.605348,2767.589987,946.774377,3000.0,-232.410013,-2.78892,-1.843054,0.664869,0.40017,48.165432,0.308413,0.000871,150.38067,0.0,0.0,0.0,-10.0,-9.698376,1.600153,1.175125,48.001752,0.595591,0.000436,75.342678,0.0,0.0
1783460136.682895,1039,1,10390.0,10958.297271,8175.695915,2636.741403,944.257469,2751.888157,946.522686,3000.0,-248.111843,-2.977342,-2.095379,0.663192,0.997363,47.987477,0.241592,0.000871,150.496603,0.0,0.0,0.0,-10.0,-10.467388,1.589686,1.180252,47.993287,0.618512,0.000438,75.639522,0.0,0.0
1783460136.692895,1040,1,10400.0,10830.284099,7921.924344,2603.433678,914.068194,2734.07362,943.277237,3000.0,-265.92638,-3.191117,-3.116611,0.660699,0.756672,48.05398,0.478526,0.000873,150.726554,0.0,0.0,0.0,-10.0,-9.59489,1.580091,1.194358,48.034759,0.624973,0.000439,75.939726,0.0,0.0
1783460136.702895,1041,1,10410.0,11104.177569,8348.826455,2666.709311,962.400744,2725.989903,945.189588,3000.0,-274.010097,-3.288121,-2.759354,0.658492,0.591213,48.023538,0.32596,0.000874,150.883092,0.0,0.0,0.0,-10.0,-10.204387,1.569887,1.129802,48.013246,0.538243,0.000441,76.198154,0.0,0.0
1783460136.712895,1042,1,10420.0,10721.346641,8547.945037,2572.300058,984.408258,2707.547121,949.111455,3000.0,-292.452879,-3.509435,-3.938067,0.655341,0.913596,48.077192,0.283694,0.000874,151.019484,0.0,0.0,0.0,-10.0,-9.800146,1.560086,1.1012,48.009677,0.592505,0.000443,76.482614,0.0,0.0
1783460136.722895,1043,1,10430.0,10822.645864,8211.587263,2594.114541,944.765553,2693.935212,948.676864,3000.0,-306.064788,-3.672777,-2.694748,0.653185,0.918452,48.136801,0.325443,0.000875,151.176142,0.0,0.0,0.0,-10.0,-10.013739,1.550073,1.245635,48.031765,0.540112,0.000444,76.742039,0.0,0.0
1783460136.732895,1044,1,10440.0,10803.463402,8333.461373,2587.036255,957.869123,2681.107337,949.59609,3000.0,-318.892663,-3.826712,-2.265374,0.651373,0.582944,48.120111,0.278615,0.000876,151.310211,0.0,0.0,0.0,-10.0,-9.906725,1.540166,1.2006,47.968029,0.590292,0.000446,77.02519,0.0,0.0
1783460136.742895,1045,1,10450.0,10884.295632,8383.558345,2603.898477,962.705265,2671.842274,950.907008,3000.0,-328.157726,-3.937893,-3.269207,0.648758,1.012582,48.00817,0.336438,0.000877,151.471729,0.0,0.0,0.0,-10.0,-10.3639,1.529802,1.211574,48.017969,0.630581,0.000447,77.327982,0.0,0.0
1783460136.752895,1046,1,10460.0,10832.513404,8372.115468,2589.03284,960.472138,2661.905142,951.863521,3000.0,-338.094858,-4.057138,-4.215476,0.645385,0.917669,48.034628,0.452839,0.000878,151.689249,0.0,0.0,0.0,-10.0,-10.111842,1.51969,1.204302,48.078487,0.653537,0.000449,77.642193,0.0,0.0
1783460136.762895,1047,1,10470.0,10829.505092,8119.639864,2585.841713,930.617749,2652.77753,949.738944,3000.0,-347.22247,-4.16667,-2.981225,0.643,0.891205,48.059786,0.382833,0.000879,151.873238,0.0,0.0,0.0,-10.0,-10.213748,1.509476,1.215408,48.058423,0.640448,0.000451,77.949982,0.0,0.0
1783460136.772895,1048,1,10480.0,10768.024043,7995.627152,2568.708025,915.529827,2642.68919,946.318032,3000.0,-357.31081,-4.28773,-4.41492,0.639468,0.970952,48.022851,0.434377,0.00088,152.081838,0.0,0.0,0.0,-10.0,-9.980309,1.499496,1.266038,47.895103,0.596049,0.000453,78.235461,0.0,0.0
1783460136.782895,1049,1,10490.0,10868.511359,8208.923854,2590.207664,939.057066,2636.391407,945.591935,3000.0,-363.608593,-4.363303,-3.52474,0.636649,0.844198,48.05522,0.508967,0.000882,152.326423,0.0,0.0,0.0,-10.0,-10.235561,1.489261,1.228781,48.033682,0.583457,0.000454,78.515717,0.0,0.0
1783460136.792895,1050,1,10500.0,10864.172172,8129.869854,2586.70766,929.127983,2630.429357,943.94554,3000.0,-369.570643,-4.434848,-3.457321,0.633883,0.858581,48.022258,0.499474,0.000883,152.566281,0.0,0.0,0.0,-10.0,-9.914929,1.479346,1.247061,47.914216,0.531126,0.000456,78.770201,0.0,0.0
1783460136.802895,1051,1,10510.0,10812.765421,8189.509437,2572.018416,935.053409,2623.420044,943.056327,3000.0,-376.579956,-4.518959,-3.784816,0.630855,0.975734,48.063114,0.310014,0.000884,152.715284,0.0,0.0,0.0,-10.0,-9.67063,1.469675,1.267123,48.072675,0.564235,0.000457,79.041444,0.0,0.0
1783460136.812895,1052,1,10520.0,10744.194624,8217.171862,2553.27819,937.319984,2615.003022,942.482693,3000.0,-384.996978,-4.619964,-4.259234,0.627447,0.999764,48.089538,0.506319,0.000886,152.95877,0.0,0.0,0.0,-10.0,-10.483084,1.459192,1.164732,48.011638,0.671303,0.000459,79.363748,0.0,0.0
1783460136.822895,1053,1,10530.0,11098.696931,8228.635468,2635.018265,937.736236,2617.404851,942.008047,3000.0,-382.595149,-4.591142,-3.590465,0.624575,1.248265,48.094325,0.451133,0.000887,153.175739,0.0,0.0,0.0,-10.0,-9.411046,1.449781,1.223843,48.040275,0.624198,0.000461,79.663614,0.0,0.0
1783460136.832895,1054,1,10540.0,10944.344632,8325.938187,2595.907171,947.924651,2614.825129,942.599707,3000.0,-385.174871,-4.622098,-3.904995,0.621451,1.119692,48.088495,0.402503,0.000888,153.369297,0.0,0.0,0.0,-10.0,-10.018064,1.439763,1.240693,48.015495,0.542953,0.000463,79.924316,0.0,0.0
1783460136.842895,1055,1,10550.0,11241.984132,8522.436945,2663.977282,969.376714,2620.723388,945.277408,3000.0,-379.276612,-4.551319,-3.758481,0.618444,1.063985,48.156232,0.512458,0.000889,153.616078,0.0,0.0,0.0,-10.0,-9.979861,1.429783,1.11736,48.093762,0.606968,0.000464,80.216229,0.0,0.0
1783460136.852895,1056,1,10560.0,11060.2326,8291.802119,2618.426278,942.250241,2620.447734,944.974691,3000.0,-379.552266,-4.554627,-3.813413,0.615394,0.736994,48.109556,0.557985,0.000891,153.884522,0.0,0.0,0.0,-10.0,-10.084221,1.419699,1.265425,47.989145,0.599324,0.000466,80.50384,0.0,0.0
1783460136.862895,1057,1,10570.0,11164.878436,8470.282744,2640.699725,961.621504,2622.877973,946.639373,3000.0,-377.122027,-4.525464,-3.77629,0.612373,1.213872,48.046814,0.464411,0.000892,154.107656,0.0,0.0,0.0,-10.0,-9.455764,1.410243,1.315282,47.946706,0.58281,0.000467,80.783278,0.0,0.0
1783460136.872895,1058,1,10580.0,11387.225781,8276.271423,2690.743332,938.707534,2631.021816,945.846189,3000.0,-368.978184,-4.427738,-3.627593,0.60947,1.002038,48.039097,0.444265,0.000893,154.321077,0.0,0.0,0.0,-10.0,-10.219154,1.400024,1.272152,48.027682,0.617926,0.000469,81.080054,0.0,0.0
1783460136.882895,1059,1,10590.0,11437.413625,8379.280158,2700.050431,949.493502,2639.30525,946.21092,3000.0,-360.69475,-4.328337,-3.495356,0.606674,1.095474,48.024397,0.388469,0.000894,154.507637,0.0,0.0,0.0,-10.0,-10.225467,1.389798,1.326611,48.022131,0.597289,0.000471,81.366885,0.0,0.0
1783460136.892895,1060,1,10600.0,11490.634798,8704.196499,2710.055377,985.380736,2647.795265,950.127902,3000.0,-352.204735,-4.226457,-3.844154,0.603599,0.937099,48.135709,0.508573,0.000896,154.752442,0.0,0.0,0.0,-10.0,-10.395068,1.379403,1.221235,47.966774,0.588171,0.000472,81.649012,0.0,0.0
1783460136.902894,1061,1,10610.0,11415.181393,8329.322516,2689.722289,942.053442,2652.826508,949.320456,3000.0,-347.173492,-4.166082,-3.58718,0.600729,1.042719,48.119235,0.473765,0.000897,154.980414,0.0,0.0,0.0,-10.0,-10.234182,1.369169,1.167397,48.076519,0.602144,0.000474,81.938501,0.0,0.0
1783460136.912894,1062,1,10620.0,11467.077435,8191.938881,2699.406176,925.642811,2658.416068,946.952691,3000.0,-341.583932,-4.099007,-3.776802,0.597708,0.865057,48.069495,0.352342,0.000898,155.149783,0.0,0.0,0.0,-10.0,-10.076801,1.359092,1.107031,48.099025,0.502572,0.000476,82.180234,0.0,0.0
1783460136.922895,1063,1,10630.0,11574.571169,8539.10905,2722.1475,963.963392,2666.06384,948.653761,3000.0,-333.93616,-4.007234,-3.438066,0.594957,0.743329,48.097682,0.35319,0.000899,155.319659,0.0,0.0,0.0,-10.0,-10.001753,1.349091,1.151769,47.876489,0.640854,0.000477,82.487052,0.0,0.0
1783460136.932895,1064,1,10640.0,11718.268814,8571.807205,2753.352635,966.745173,2676.538495,950.462903,3000.0,-323.461505,-3.881538,-2.752159,0.592755,1.091519,48.014978,0.398846,0.0009,155.511165,0.0,0.0,0.0,-10.0,-10.24148,1.338849,1.176448,47.984519,0.640943,0.000479,82.794606,0.0,0.0
1783460136.942895,1065,1,10650.0,11524.818588,8908.435746,2705.356476,1003.767408,2679.996653,955.793353,3000.0,-320.003347,-3.84004,-3.419082,0.59002,0.681442,48.063152,0.332968,0.000901,155.6712,0.0,0.0,0.0,-10.0,-10.081022,1.328768,1.16421,47.966542,0.596062,0.000481,83.080516,0.0,0.0
1783460136.952895,1066,1,10660.0,11486.926621,8427.276221,2693.932134,948.661488,2681.668911,955.080167,3000.0,-318.331089,-3.819973,-3.509914,0.587212,0.826534,47.986599,0.425376,0.000902,155.875323,0.0,0.0,0.0,-10.0,-9.642177,1.319126,1.14353,48.016176,0.582741,0.000482,83.360326,0.0,0.0
1783460136.962895,1067,1,10670.0,11432.198715,8581.231357,2678.584516,965.086938,2681.298783,956.080844,3000.0,-318.701217,-3.824415,-2.618176,0.585118,0.85097,48.113079,0.406593,0.000904,156.070947,0.0,0.0,0.0,-10.0,-9.786117,1.30934,1.190029,48.02937,0.656901,0.000484,83.675831,0.0,0.0
1783460136.972895,1068,1,10680.0,11620.522163,8628.64344,2720.159682,969.510499,2685.962091,957.423809,3000.0,-314.037909,-3.768455,-2.568751,0.583063,0.892252,48.12935,0.43869,0.000905,156.282086,0.0,0.0,0.0,-10.0,-10.166742,1.299173,1.179201,47.920893,0.533599,0.000486,83.931537,0.0,0.0
1783460136.982895,1069,1,10690.0,11745.076029,8992.903592,2746.743693,1009.493387,2693.255883,962.630767,3000.0,-306.744117,-3.680929,-2.57057,0.581006,0.66327,48.081006,0.473265,0.000906,156.509636,0.0,0.0,0.0,-10.0,-10.157381,1.289016,1.235033,47.929043,0.585038,0.000487,84.21194,0.0,0.0
1783460136.992895,1070,1,10700.0,11896.415313,8780.506933,2779.536288,984.72975,2703.609532,964.840665,3000.0,-296.390468,-3.556686,-2.965613,0.578634,0.661787,48.104558,0.392717,0.000907,156.698551,0.0,0.0,0.0,-10.0,-9.903427,1.279112,1.098147,48.004508,0.564373,0.000489,84.482864,0.0,0.0
1783460137.002895,1071,1,10710.0,11875.741984,8563.805831,2772.115309,959.530065,2711.830225,964.309605,3000.0,-288.169775,-3.458037,-2.990118,0.576242,1.029001,48.159179,0.25983,0.000908,156.823683,0.0,0.0,0.0,-10.0,-10.149563,1.268963,1.208072,48.031278,0.482395,0.00049,84.714565,0.0,0.0
1783460137.012895,1072,1,10720.0,12098.336683,8975.274473,2821.440458,1004.694904,2724.983453,968.348135,3000.0,-275.016547,-3.300199,-2.524467,0.574222,0.797693,48.140451,0.279901,0.000909,156.958429,0.0,0.0,0.0,-10.0,-9.935023,1.259028,1.18407,47.946328,0.596836,0.000492,85.000726,0.0,0.0
1783460137.022895,1073,1,10730.0,11820.734901,8736.721512,2754.132083,977.079759,2728.481289,969.221298,3000.0,-271.518711,-3.258225,-2.921509,0.571885,0.716633,48.065456,0.297091,0.000909,157.101227,0.0,0.0,0.0,-10.0,-10.213343,1.248814,1.259785,47.977013,0.644986,0.000494,85.310171,0.0,0.0
1783460137.032895,1074,1,10740.0,11595.796925,8839.246113,2699.20785,987.625264,2724.968476,971.061694,3000.0,-275.031524,-3.300378,-2.0238,0.570266,0.413055,48.20129,0.279155,0.00091,157.235783,0.0,0.0,0.0,-10.0,-10.115073,1.238699,1.051369,47.946109,0.582778,0.000495,85.58959,0.0,0.0
1783460137.042895,1075,1,10750.0,11964.762467,8709.614359,2782.502899,972.236021,2731.872607,971.179127,3000.0,-268.127393,-3.217529,-3.138009,0.567755,0.650781,48.10695,0.336524,0.000911,157.397675,0.0,0.0,0.0,-10.0,-10.186117,1.228513,1.26697,47.961121,0.543391,0.000497,85.850207,0.0,0.0
1783460137.052895,1076,1,10760.0,11955.344392,9194.169751,2777.728716,1025.372091,2737.37534,976.598423,3000.0,-262.62466,-3.151496,-1.400358,0.566635,0.688643,48.091673,0.348976,0.000912,157.565503,0.0,0.0,0.0,-10.0,-10.000546,1.218513,1.188282,47.942905,0.617397,0.000499,86.146205,0.0,0.0
1783460137.062895,1077,1,10770.0,12039.257013,9043.683163,2794.627905,1007.65272,2744.245648,979.703853,3000.0,-255.754352,-3.069052,-2.118362,0.56494,0.755414,48.113623,0.48736,0.000913,157.799989,0.0,0.0,0.0,-10.0,-10.051141,1.208461,1.187011,47.991089,0.6451,0.0005,86.455795,0.0,0.0
1783460137.072895,1078,1,10780.0,12126.022513,9153.425352,2812.157354,1018.934177,2752.395053,983.626885,3000.0,-247.604947,-2.971259,-2.449804,0.562981,0.863805,48.209248,0.270264,0.000914,157.930281,0.0,0.0,0.0,-10.0,-9.626095,1.198835,1.061124,48.070711,0.599016,0.000502,86.743746,0.0,0.0
1783460137.082895,1079,1,10790.0,11719.502425,9143.927989,2715.362008,1016.933604,2747.951087,986.957557,3000.0,-252.048913,-3.024587,-1.891192,0.561468,0.488578,48.123986,0.28157,0.000915,158.065784,0.0,0.0,0.0,-10.0,-9.47872,1.189357,1.230559,48.046644,0.653588,0.000504,87.057773,0.0,0.0
1783460137.092895,1080,1,10800.0,11929.545897,9118.064629,2761.468958,1013.118292,2749.573232,989.573631,3000.0,-250.426768,-3.005121,-3.310186,0.55882,0.801541,48.187295,0.339821,0.000916,158.229535,0.0,0.0,0.0,-10.0,-9.895346,1.179461,1.213829,47.862303,0.568683,0.000505,87.329958,0.0,0.0
1783460137.102895,1081,1,10810.0,11926.00924,9438.596165,2758.096494,1047.762757,2750.596023,995.392543,3000.0,-249.403977,-2.992848,-1.506552,0.557614,0.688319,48.147056,0.242372,0.000917,158.34623,0.0,0.0,0.0,-10.0,-10.137401,1.169324,1.03179,47.897288,0.550109,0.000507,87.593445,0.0,0.0
1783460137.112895,1082,1,10820.0,11472.83026,9237.128817,2650.838785,1024.450516,2738.625155,998.298341,3000.0,-261.374845,-3.136498,-3.354365,0.554931,0.853523,48.114318,0.287989,0.000917,158.484794,0.0,0.0,0.0,-10.0,-9.865994,1.159458,1.115902,47.997239,0.583393,0.000509,87.873458,0.0,0.0
1783460137.122895,1083,1,10830.0,11690.291583,9370.257005,2698.589931,1038.255624,2733.820928,1002.294069,3000.0,-266.179072,-3.194149,-2.431184,0.552986,0.871546,48.163111,0.436786,0.000919,158.695163,0.0,0.0,0.0,-10.0,-9.989463,1.149468,1.194526,47.993088,0.63676,0.00051,88.179059,0.0,0.0
1783460137.132895,1084,1,10840.0,11668.573736,9549.799295,2691.091729,1057.173354,2728.693424,1007.781997,3000.0,-271.306576,-3.255679,-2.883605,0.550679,0.533323,48.101715,0.33473,0.00092,158.856174,0.0,0.0,0.0,-10.0,-9.659405,1.139809,1.269708,48.026304,0.649186,0.000512,88.490839,0.0,0.0
1783460137.142895,1085,1,10850.0,11997.761422,9361.469347,2764.461157,1035.369882,2732.985552,1010.540786,3000.0,-267.014448,-3.204173,-2.543024,0.548645,0.602952,48.112746,0.343778,0.000921,159.021575,0.0,0.0,0.0,-10.0,-10.030284,1.129779,1.140563,48.037388,0.551058,0.000514,88.755553,0.0,0.0
1783460137.152894,1086,1,10860.0,11792.919433,9406.602722,2714.760459,1039.403616,2730.798541,1013.427069,3000.0,-269.201459,-3.230418,-2.639166,0.546533,0.630693,48.202485,0.364205,0.000922,159.197131,0.0,0.0,0.0,-10.0,-9.939886,1.119839,1.239583,47.985676,0.626236,0.000515,89.056056,0.0,0.0
1783460137.162894,1087,1,10870.0,11798.608598,9828.047547,2713.571435,1084.97305,2728.731288,1020.581667,3000.0,-271.268712,-3.255225,-2.484472,0.544546,0.828629,48.117272,0.266183,0.000922,159.325211,0.0,0.0,0.0,-10.0,-10.328046,1.109511,1.20668,47.958302,0.646613,0.000517,89.366161,0.0,0.0
1783460137.172895,1088,1,10880.0,11441.525521,9632.911171,2629.027004,1062.453438,2716.766774,1024.768844,3000.0,-283.233226,-3.398799,-2.719817,0.54237,0.711992,48.156345,0.271835,0.000923,159.456117,0.0,0.0,0.0,-10.0,-10.167095,1.099344,1.187003,47.986342,0.56473,0.000519,89.637154,0.0,0.0
1783460137.182895,1089,1,10890.0,11714.72199,9336.333283,2689.330117,1028.797056,2713.474375,1025.171665,3000.0,-286.525625,-3.438307,-2.614528,0.540278,0.980813,48.03855,0.340269,0.000924,159.619577,0.0,0.0,0.0,-10.0,-9.970039,1.089374,1.166445,48.005664,0.569417,0.00052,89.910507,0.0,0.0
1783460137.192895,1090,1,10900.0,11543.684011,9659.417893,2647.633947,1063.422153,2705.573524,1028.996714,3000.0,-294.426476,-3.533118,-2.348403,0.538399,0.922972,48.144629,0.393762,0.000925,159.809152,0.0,0.0,0.0,-10.0,-10.206247,1.079167,1.159942,47.952038,0.636991,0.000522,90.215957,0.0,0.0
1783460137.202895,1091,1,10910.0,11783.577912,9748.154877,2700.178257,1072.207686,2704.926092,1033.317811,3000.0,-295.073908,-3.540887,-3.596486,0.535522,0.559084,48.187521,0.35824,0.000926,159.981779,0.0,0.0,0.0,-10.0,-10.183309,1.068984,1.299597,48.089339,0.65207,0.000524,90.529533,0.0,0.0
1783460137.212895,1092,1,10920.0,11464.474863,9908.971877,2624.650839,1088.898008,2695.293061,1038.875831,3000.0,-304.706939,-3.656483,-2.957375,0.533156,0.833387,48.156671,0.283358,0.000927,160.118235,0.0,0.0,0.0,-10.0,-10.237276,1.058747,1.160731,47.923562,0.644821,0.000526,90.838554,0.0,0.0
1783460137.222895,1093,1,10930.0,11496.747371,9935.932984,2629.631146,1090.86181,2687.413632,1044.074429,3000.0,-312.586368,-3.751036,-3.470975,0.53038,1.017636,48.096706,0.577263,0.000928,160.395879,0.0,0.0,0.0,-10.0,-9.695405,1.049051,1.105465,48.048296,0.572249,0.000527,91.11351,0.0,0.0
1783460137.232895,1094,1,10940.0,11245.660198,9951.722078,2569.849223,1091.596572,2673.305902,1048.826643,3000.0,-326.694098,-3.920329,-2.729672,0.528196,0.81919,48.198168,0.409139,0.00093,160.593077,0.0,0.0,0.0,-10.0,-9.539225,1.039512,1.121757,48.116782,0.579262,0.000529,91.392232,0.0,0.0
1783460137.242895,1095,1,10950.0,11591.525073,10272.082802,2646.466912,1125.707704,2670.085224,1056.514749,3000.0,-329.914776,-3.958977,-3.243295,0.525601,0.791853,48.077239,0.571745,0.000931,160.867956,0.0,0.0,0.0,-10.0,-9.788666,1.029724,1.187243,48.008925,0.528424,0.00053,91.645923,0.0,0.0
1783460137.252895,1096,1,10960.0,11359.055462,9916.385077,2591.025425,1085.735592,2660.598048,1059.436834,3000.0,-339.401952,-4.072823,-3.057255,0.523155,0.89647,48.173213,0.361835,0.000932,161.042264,0.0,0.0,0.0,-10.0,-9.839392,1.019884,1.228412,48.006284,0.616647,0.000532,91.941952,0.0,0.0
1783460137.262895,1097,1,10970.0,11448.380967,10175.425787,2609.020275,1113.082128,2654.408715,1064.801363,3000.0,-345.591285,-4.147095,-3.126802,0.520654,0.792574,48.097601,0.425145,0.000933,161.246748,0.0,0.0,0.0,-10.0,-10.374538,1.00951,1.222239,47.965064,0.516175,0.000534,92.189536,0.0,0.0
1783460137.272895,1098,1,10980.0,11296.319437,9687.422414,2572.02173,1058.73469,2644.522277,1064.194696,3000.0,-355.477723,-4.265733,-3.728353,0.517671,0.693477,48.166006,0.450337,0.000935,161.463657,0.0,0.0,0.0,-10.0,-9.989042,0.999521,1.157312,48.015559,0.515439,0.000535,92.437026,0.0,0.0
1783460137.282895,1099,1,10990.0,11547.968609,9747.4107,2626.926435,1064.32146,2642.410776,1064.207372,3000.0,-357.589224,-4.291071,-3.963878,0.5145,1.012519,48.197785,0.469408,0.000936,161.689902,0.0,0.0,0.0,-10.0,-10.019966,0.989501,1.093884,48.012115,0.653918,0.000537,92.750986,0.0,0.0
1783460137.292895,1100,1,11000.0,11468.494095,9860.541197,2606.475931,1075.695403,2638.098594,1065.356175,3000.0,-361.901406,-4.342817,-4.059146,0.511253,1.191342,48.08283,0.348799,0.000937,161.857614,0.0,0.0,0.0,-10.0,-9.690541,0.97981,1.141087,48.020866,0.619689,0.000538,93.048566,0.0,0.0
1783460137.302895,1101,1,11010.0,11507.794962,10216.144121,2613.032462,1113.476198,2635.090658,1070.168178,3000.0,-364.909342,-4.378912,-3.979463,0.508069,1.148194,48.111642,0.467377,0.000938,162.082477,0.0,0.0,0.0,-10.0,-10.351482,0.969459,1.296902,48.123134,0.621906,0.00054,93.347847,0.0,0.0
1783460137.312895,1102,1,11020.0,11409.360876,10116.207444,2588.330507,1101.583388,2629.47944,1073.309699,3000.0,-370.52056,-4.446247,-4.036882,0.50484,0.719106,48.129211,0.451889,0.000939,162.299967,0.0,0.0,0.0,-10.0,-10.045202,0.959413,1.16595,48.058568,0.545117,0.000542,93.609822,0.0,0.0
1783460137.322895,1103,1,11030.0,11654.810534,10103.390671,2641.616168,1099.190281,2630.935848,1075.897757,3000.0,-369.064152,-4.42877,-4.070577,0.501583,0.907558,48.095357,0.468804,0.000941,162.52544,0.0,0.0,0.0,-10.0,-9.754598,0.949659,1.179796,48.005684,0.566322,0.000543,93.881689,0.0,0.0
1783460137.332895,1104,1,11040.0,11543.789678,10347.322968,2614.082807,1124.709018,2628.913483,1080.778883,3000.0,-371.086517,-4.453038,-4.367686,0.498089,0.815937,48.106024,0.469059,0.000942,162.751086,0.0,0.0,0.0,-10.0,-10.222737,0.939436,1.211957,47.953509,0.59168,0.000545,94.16542,0.0,0.0
1783460137.342895,1105,1,11050.0,11694.328019,9676.978923,2645.77557,1050.893639,2630.936933,1077.790359,3000.0,-369.063067,-4.428757,-4.113609,0.494798,0.945126,48.140222,0.402217,0.000943,162.944714,0.0,0.0,0.0,-10.0,-10.303509,0.929133,1.359353,47.972003,0.585756,0.000547,94.446419,0.0,0.0
1783460137.352895,1106,1,11060.0,11743.204115,9900.598927,2654.43131,1074.206032,2633.756258,1077.431926,3000.0,-366.243742,-4.394925,-3.755309,0.491794,0.980089,48.149426,0.479416,0.000945,163.17555,0.0,0.0,0.0,-10.0,-10.238618,0.918894,1.204986,48.058415,0.560925,0.000548,94.715991,0.0,0.0
1783460137.362895,1107,1,11070.0,11700.431752,10312.401661,2642.373928,1117.875519,2634.790379,1081.476285,3000.0,-365.209621,-4.382515,-3.858029,0.488708,1.229989,48.125445,0.424929,0.000946,163.380049,0.0,0.0,0.0,-10.0,-10.029246,0.908865,1.211775,47.967875,0.650728,0.00055,95.028132,0.0,0.0
1783460137.372895,1108,1,11080.0,11643.715673,10085.325496,2627.192164,1092.273519,2633.878593,1082.556009,3000.0,-366.121407,-4.393457,-2.805064,0.486464,1.022595,48.157104,0.472866,0.000947,163.607767,0.0,0.0,0.0,-10.0,-9.666307,0.899198,1.27215,47.964363,0.568502,0.000552,95.30081,0.0,0.0
1783460137.382895,1109,1,11090.0,11767.084179,10622.915694,2652.633945,1149.458867,2636.129235,1089.246294,3000.0,-363.870765,-4.366449,-3.72039,0.483487,0.856544,48.201531,0.301599,0.000948,163.753143,0.0,0.0,0.0,-10.0,-10.033049,0.889165,1.103159,47.980724,0.604123,0.000553,95.590672,0.0,0.0
1783460137.392895,1110,1,11100.0,11842.882768,10258.868749,2667.315939,1109.066892,2639.87164,1091.228354,3000.0,-360.12836,-4.32154,-2.838592,0.481216,0.919744,48.195537,0.37917,0.000949,163.935886,0.0,0.0,0.0,-10.0,-9.89951,0.879266,1.195992,48.074673,0.570707,0.000555,95.865038,0.0,0.0
1783460137.402894,1111,1,11110.0,11952.437932,10214.090478,2689.567492,1103.232095,2645.835142,1092.428728,3000.0,-354.164858,-4.249978,-3.1183,0.478722,0.899527,48.101226,0.289197,0.00095,164.074993,0.0,0.0,0.0,-10.0,-9.86168,0.869404,1.127107,48.024271,0.61743,0.000556,96.161554,0.0,0.0
1783460137.412894,1112,1,11120.0,12054.906043,10342.868606,2710.185711,1116.1369,2653.55721,1094.799545,3000.0,-346.44279,-4.157313,-4.386461,0.475213,0.888674,48.165279,0.558918,0.000951,164.344198,0.0,0.0,0.0,-10.0,-10.1991,0.859205,1.264326,48.003607,0.557225,0.000558,96.429042,0.0,0.0
1783460137.422895,1113,1,11130.0,12145.096262,9913.720044,2728.009044,1068.864695,2662.49143,1092.20606,3000.0,-337.50857,-4.050103,-3.446359,0.472455,1.111645,48.07615,0.2978,0.000952,164.487368,0.0,0.0,0.0,-10.0,-10.086968,0.849118,1.142547,47.991886,0.604282,0.00056,96.719048,0.0,0.0
1783460137.432895,1114,1,11140.0,12169.705015,10248.834493,2731.082813,1104.003716,2670.722396,1093.385826,3000.0,-329.277604,-3.951331,-3.312387,0.469806,1.070934,48.207404,0.384571,0.000953,164.67276,0.0,0.0,0.0,-10.0,-9.991443,0.839127,1.215032,47.991802,0.61295,0.000561,97.013214,0.0,0.0
1783460137.442895,1115,1,11150.0,12275.101704,10458.630036,2752.264956,1125.59247,2680.507503,1096.60649,3000.0,-319.492497,-3.83391,-2.834211,0.467538,0.666635,48.135757,0.329878,0.000954,164.831549,0.0,0.0,0.0,-10.0,-10.441861,0.828685,1.318417,48.045488,0.602879,0.000563,97.30287,0.0,0.0
1783460137.452895,1116,1,11160.0,12331.773231,10348.201427,2762.494003,1112.709831,2690.345883,1098.216824,3000.0,-309.654117,-3.715849,-3.84728,0.46446,0.876008,48.185437,0.49157,0.000955,165.068414,0.0,0.0,0.0,-10.0,-10.089383,0.818595,1.145578,48.095786,0.615752,0.000565,97.599021,0.0,0.0
1783460137.462895,1117,1,11170.0,12741.308751,10146.596582,2851.680562,1090.055139,2709.706045,1097.400656,3000.0,-290.293955,-3.483527,-3.282954,0.461834,0.714485,48.205824,0.571776,0.000957,165.344044,0.0,0.0,0.0,-10.0,-10.141399,0.808454,1.248677,47.970102,0.654951,0.000567,97.913202,0.0,0.0
1783460137.472895,1118,1,11180.0,12838.017014,10231.501967,2870.755146,1098.193413,2729.031937,1097.479932,3000.0,-270.968063,-3.251617,-2.433772,0.459887,0.836313,48.018403,0.435606,0.000958,165.553215,0.0,0.0,0.0,-10.0,-9.334101,0.79912,1.231569,47.945527,0.583864,0.000568,98.193138,0.0,0.0
1783460137.482895,1119,1,11190.0,12754.48497,10557.272969,2849.527473,1132.147235,2743.491401,1100.946662,3000.0,-256.508599,-3.078103,-2.061519,0.458238,0.828139,48.183225,0.278532,0.000959,165.687421,0.0,0.0,0.0,-10.0,-9.846048,0.789274,1.444104,47.971682,0.58921,0.00057,98.475792,0.0,0.0
1783460137.492895,1120,1,11200.0,12965.241707,10417.043383,2894.027167,1116.111791,2761.555693,1102.463175,3000.0,-238.444307,-2.861332,-2.395647,0.456321,0.478325,48.101131,0.35869,0.00096,165.859954,0.0,0.0,0.0,-10.0,-10.294385,0.778979,1.2532,47.979936,0.634444,0.000572,98.780198,0.0,0.0
1783460137.502895,1121,1,11210.0,13171.957439,10377.57709,2937.546262,1110.891392,2782.674561,1103.305997,3000.0,-217.325439,-2.607905,-1.317882,0.455267,0.510925,48.146696,0.351029,0.000961,166.028963,0.0,0.0,0.0,-10.0,-10.385598,0.768594,1.299272,47.944197,0.60145,0.000573,99.068558,0.0,0.0
1783460137.512895,1122,1,11220.0,13089.002274,9988.279435,2916.444357,1068.26518,2798.726937,1099.801915,3000.0,-201.273063,-2.415277,-1.702889,0.453905,0.488201,48.158674,0.337345,0.000962,166.191424,0.0,0.0,0.0,-10.0,-10.140699,0.758453,1.277173,48.051164,0.677038,0.000575,99.393883,0.0,0.0
1783460137.522895,1123,1,11230.0,12932.713194,10303.973787,2879.054585,1101.047956,2808.366255,1099.926519,3000.0,-191.633745,-2.299605,-1.378516,0.452802,0.481077,48.12908,0.145959,0.000962,166.261673,0.0,0.0,0.0,-10.0,-9.775948,0.748677,1.2851,48.067645,0.599629,0.000577,99.68211,0.0,0.0
1783460137.532895,1124,1,11240.0,13150.150761,9723.614391,2924.855596,1038.108298,2822.344976,1093.744697,3000.0,-177.655024,-2.13186,-1.920327,0.451266,0.570367,48.124434,0.175051,0.000963,166.345915,0.0,0.0,0.0,-10.0,-9.797773,0.738879,1.241621,47.995419,0.517136,0.000578,99.930312,0.0,0.0
1783460137.542895,1125,1,11250.0,13165.999789,9938.766312,2925.777731,1060.135073,2834.756906,1090.383735,3000.0,-165.243094,-1.982917,-0.988767,0.450475,0.215067,48.202137,0.263473,0.000964,166.472915,0.0,0.0,0.0,-10.0,-9.890518,0.728989,1.164811,48.104084,0.565289,0.00058,100.202239,0.0,0.0
1783460137.552895,1126,1,11260.0,13303.736629,10228.006212,2953.760353,1090.018424,2849.03732,1090.347204,3000.0,-150.96268,-1.811552,-1.217118,0.449501,0.335644,48.141504,0.195642,0.000964,166.567099,0.0,0.0,0.0,-10.0,-10.602723,0.718386,1.053764,48.038873,0.497199,0.000581,100.441088,0.0,0.0
1783460137.562895,1127,1,11270.0,13363.199995,10088.21766,2964.330079,1074.16692,2862.872451,1088.729175,3000.0,-137.127549,-1.645531,-1.705452,0.448136,0.28021,48.204807,0.141892,0.000964,166.635498,0.0,0.0,0.0,-10.0,-10.622607,0.707764,1.248213,48.012805,0.600443,0.000583,100.729378,0.0,0.0
1783460137.572895,1128,1,11280.0,13372.434914,9770.074389,2963.748873,1039.369616,2874.977622,1083.793219,3000.0,-125.022378,-1.500269,-0.235191,0.447948,0.321682,48.22703,0.185589,0.000965,166.725002,0.0,0.0,0.0,-10.0,-10.024979,0.697739,1.326679,48.062738,0.647718,0.000585,101.040689,0.0,0.0
1783460137.582895,1129,1,11290.0,13463.583129,9894.061712,2981.307159,1051.627463,2887.737166,1080.576644,3000.0,-112.262834,-1.347154,-0.538527,0.447518,0.321876,48.174917,0.068855,0.000965,166.758173,0.0,0.0,0.0,-10.0,-10.373199,0.687365,1.288618,48.005588,0.56225,0.000586,101.3106,0.0,0.0
1783460137.592895,1130,1,11300.0,13604.571695,9849.210501,3009.860994,1045.933858,2902.392025,1077.112365,3000.0,-97.607975,-1.171296,-1.272385,0.4465,0.129516,48.202222,0.14872,0.000966,166.82986,0.0,0.0,0.0,-10.0,-10.036633,0.677329,1.348961,48.000547,0.580529,0.000588,101.589257,0.0,0.0
1783460137.602895,1131,1,11310.0,13780.67332,10187.359073,3046.125844,1080.886904,2919.640084,1077.489819,3000.0,-80.359916,-0.964319,-1.381801,0.445394,0.492201,48.193009,0.043725,0.000966,166.850932,0.0,0.0,0.0,-10.0,-9.706332,0.667622,1.265716,48.09572,0.638455,0.00059,101.896327,0.0,0.0
1783460137.612895,1132,1,11320.0,13633.597514,10028.433862,3010.953515,1063.084862,2930.597695,1076.049323,3000.0,-69.402305,-0.832828,-0.709184,0.444827,0.308468,48.101658,0.131241,0.000966,166.914061,0.0,0.0,0.0,-10.0,-10.100973,0.657521,1.10148,47.929829,0.562144,0.000591,102.165761,0.0,0.0
1783460137.622895,1133,1,11330.0,13875.611104,10121.840817,3061.697066,1072.039628,2946.32962,1075.648354,3000.0,-53.67038,-0.644045,-0.440958,0.444474,0.283706,48.158448,0.114817,0.000966,166.969355,0.0,0.0,0.0,-10.0,-9.861971,0.647659,1.184033,47.962153,0.566134,0.000593,102.437291,0.0,0.0
1783460137.632895,1134,1,11340.0,13713.28898,10050.296012,3023.211856,1063.523388,2955.555488,1074.435857,3000.0,-44.444512,-0.533334,-0.46767,0.4441,-0.113674,48.211654,0.10629,0.000967,167.020599,0.0,0.0,0.0,-10.0,-10.265736,0.637394,1.275706,48.033951,0.604829,0.000594,102.727814,0.0,0.0
1783460137.642895,1135,1,11350.0,13801.21011,10200.180066,3039.914121,1078.433135,2965.678524,1074.835585,3000.0,-34.321476,-0.411858,-0.384997,0.443792,0.329911,48.182773,0.0,0.000967,167.020599,0.0,0.0,0.0,-10.0,-10.288068,0.627106,1.261934,48.022023,0.632245,0.000596,103.031431,0.0,0.0
1783460137.652894,1136,1,11360.0,14071.018728,10253.841589,3096.615037,1083.152281,2981.390906,1075.667254,3000.0,-18.609094,-0.223309,-0.373463,0.443493,0.182707,48.22678,0.0,0.000967,167.020599,0.0,0.0,0.0,-10.0,-9.851517,0.617254,1.285309,48.048181,0.676106,0.000598,103.356288,0.0,0.0
1783460137.662894,1137,1,11370.0,14303.648768,10004.939375,3145.041506,1055.930277,3001.028978,1073.693557,3000.0,1.028978,0.012348,-0.225738,0.443313,0.110633,48.196081,0.065009,0.000967,167.051931,0.0,0.0,0.0,-10.0,-9.922742,0.607331,1.061,47.972403,0.569615,0.0006,103.629546,0.0,0.0
1783460137.672895,1138,1,11380.0,13595.586747,10055.40758,2986.728196,1060.324174,2999.312884,1072.356618,3000.0,-0.687116,-0.008245,0.78929,0.443944,-0.157644,48.240083,0.0,0.000967,167.051931,0.0,0.0,0.0,-10.0,-10.177955,0.597153,1.191304,48.021708,0.656487,0.000602,103.944802,0.0,0.0
1783460137.682895,1139,1,11390.0,13889.066803,9999.751387,3048.522125,1053.529558,3005.217993,1070.473912,3000.0,5.217993,0.062616,-0.038002,0.443914,0.062886,48.133203,0.0,0.000967,167.051931,0.0,0.0,0.0,-10.0,-10.027863,0.587126,1.037841,48.016679,0.597493,0.000603,104.231698,0.0,0.0
1783460137.692895,1140,1,11400.0,13844.306997,9895.277136,3036.032236,1041.60812,3008.915702,1067.587333,3000.0,8.915702,0.106988,0.056452,0.443959,0.269368,48.165801,0.0,0.000967,167.051931,0.0,0.0,0.0,-10.0,-9.988197,0.577137,1.322319,47.986213,0.603124,0.000605,104.521115,0.0,0.0
1783460137.702895,1141,1,11410.0,13800.324673,9806.253127,3023.734591,1031.332494,3010.693969,1063.961849,3000.0,10.693969,0.128328,0.377807,0.444261,0.081112,48.202432,0.0,0.000967,167.051931,0.0,0.0,0.0,-10.0,-9.750591,0.567387,1.144381,48.033337,0.610727,0.000607,104.814467,0.0,0.0
1783460137.712895,1142,1,11420.0,13774.736482,9824.853521,3015.485219,1032.383908,3011.268919,1060.804055,3000.0,11.268919,0.135227,-0.493983,0.443866,0.071184,48.203208,0.0,0.000967,167.051931,0.0,0.0,0.0,-10.0,-10.110188,0.557277,1.160555,48.015528,0.611149,0.000608,105.107914,0.0,0.0
1783460137.722895,1143,1,11430.0,14016.436292,10142.073178,3065.712225,1064.784586,3017.802116,1061.202108,3000.0,17.802116,0.213625,0.301259,0.444107,0.21619,48.135748,0.0,0.000967,167.051931,0.0,0.0,0.0,-10.0,-9.921835,0.547355,1.170202,48.065556,0.554645,0.00061,105.374507,0.0,0.0
1783460137.732895,1144,1,11440.0,14043.045582,10231.483861,3068.847374,1073.232573,3023.927546,1062.405155,3000.0,23.927546,0.287131,-0.179911,0.443963,-0.045874,48.280378,0.02913,0.000967,167.065995,0.0,0.0,0.0,-10.0,-10.234136,0.537121,1.144585,48.026497,0.642612,0.000612,105.683131,0.0,0.0
1783460137.742895,1145,1,11450.0,13542.694316,9903.196411,2956.920156,1037.88958,3015.88666,1059.953597,3000.0,15.88666,0.19064,-0.152006,0.443841,0.328848,48.197785,0.083261,0.000967,167.106125,0.0,0.0,0.0,-10.0,-10.199141,0.526921,1.174182,47.872125,0.640471,0.000613,105.989738,0.0,0.0
1783460137.752895,1146,1,11460.0,14099.715291,9877.34205,3075.854121,1034.276654,3023.082755,1057.385903,3000.0,23.082755,0.276993,-0.343011,0.443567,0.429173,48.169168,0.036496,0.000967,167.123705,0.0,0.0,0.0,-10.0,-9.756334,0.517165,1.234068,47.961663,0.685795,0.000615,106.318657,0.0,0.0
1783460137.762895,1147,1,11470.0,13699.097852,10034.069428,2985.853935,1049.771867,3018.615297,1056.624499,3000.0,18.615297,0.223384,-0.125101,0.443467,0.02627,48.21471,0.0,0.000967,167.123705,0.0,0.0,0.0,-10.0,-9.932401,0.507233,1.291924,47.973819,0.644498,0.000617,106.627847,0.0,0.0
1783460137.772895,1148,1,11480.0,14010.431348,10042.088307,3051.052123,1049.695642,3022.507716,1055.931613,3000.0,22.507716,0.270093,-0.280979,0.443242,-0.064526,48.216843,0.065531,0.000967,167.155302,0.0,0.0,0.0,-10.0,-9.954864,0.497278,1.060304,48.041156,0.556067,0.000619,106.894988,0.0,0.0
1783460137.782895,1149,1,11490.0,14113.193166,10322.434545,3070.755693,1078.061049,3028.297473,1058.144557,3000.0,28.297473,0.33957,1.001308,0.444043,0.048906,48.222294,0.0,0.000967,167.155302,0.0,0.0,0.0,-10.0,-10.070587,0.487207,1.384551,47.903044,0.613798,0.00062,107.189016,0.0,0.0
1783460137.792895,1150,1,11500.0,13851.494577,10062.16493,3011.194473,1049.965036,3026.245113,1057.326605,3000.0,26.245113,0.314941,0.023583,0.444062,0.190539,48.200611,0.0,0.000967,167.155302,0.0,0.0,0.0,-10.0,-10.22299,0.476984,1.23619,47.926485,0.63373,0.000622,107.49274,0.0,0.0
1783460137.802895,1151,1,11510.0,13523.855785,10239.104073,2937.414376,1067.49999,3015.585425,1058.343943,3000.0,15.585425,0.187025,-0.39483,0.443746,0.257024,48.287472,0.0,0.000967,167.155302,0.0,0.0,0.0,-10.0,-9.612641,0.467372,1.215248,48.02042,0.661391,0.000624,107.810343,0.0,0.0
1783460137.812895,1152,1,11520.0,13824.288068,10153.942332,3000.062515,1057.702326,3013.722675,1058.279782,3000.0,13.722675,0.164672,-0.250871,0.443545,0.275025,48.174754,0.107601,0.000968,167.207138,0.0,0.0,0.0,-10.0,-9.94568,0.457426,1.252878,47.901509,0.598543,0.000626,108.097054,0.0,0.0
1783460137.822895,1153,1,11530.0,13959.309835,10086.948431,3026.736738,1049.812499,3015.284363,1057.433054,3000.0,15.284363,0.183412,-0.11062,0.443457,0.192888,48.194872,0.0,0.000968,167.207138,0.0,0.0,0.0,-10.0,-9.924535,0.447501,1.195571,47.958885,0.548587,0.000627,108.36015,0.0,0.0
1783460137.832895,1154,1,11540.0,14022.777595,9912.830633,3037.86343,1030.796946,3017.993851,1054.769443,3000.0,17.993851,0.215926,0.048462,0.443496,0.248763,48.189529,0.047754,0.000968,167.230151,0.0,0.0,0.0,-10.0,-10.128447,0.437373,1.15055,47.92266,0.666346,0.000629,108.679481,0.0,0.0
1783460137.842895,1155,1,11550.0,13937.370561,10096.688457,3016.746875,1049.006593,3017.844214,1054.193158,3000.0,17.844214,0.214131,0.175103,0.443636,-0.085769,48.214932,0.0,0.000968,167.230151,0.0,0.0,0.0,-10.0,-9.917387,0.427456,1.237252,47.989907,0.625472,0.000631,108.979644,0.0,0.0
1783460137.852895,1156,1,11560.0,13983.612616,10122.10278,3024.137676,1050.737313,3018.599429,1053.847573,3000.0,18.599429,0.223193,-0.578118,0.443173,-0.063176,48.203508,0.120546,0.000968,167.288258,0.0,0.0,0.0,-10.0,-10.013523,0.417442,1.216251,48.002597,0.585132,0.000632,109.260523,0.0,0.0
1783460137.862895,1157,1,11570.0,13951.844463,9805.024993,3014.659564,1016.942955,3018.126646,1050.157111,3000.0,18.126646,0.21752,-0.204908,0.443009,0.318394,48.253473,0.0,0.000968,167.288258,0.0,0.0,0.0,-10.0,-9.880635,0.407561,1.166148,47.945524,0.608789,0.000634,109.55241,0.0,0.0
1783460137.872895,1158,1,11580.0,13792.898718,10317.177755,2977.741519,1069.137591,3013.28043,1052.055159,3000.0,13.28043,0.159365,0.021383,0.443026,-0.075362,48.209222,0.0,0.000968,167.288258,0.0,0.0,0.0,-10.0,-9.811663,0.39775,1.256021,47.954106,0.627999,0.000636,109.853562,0.0,0.0
1783460137.882895,1159,1,11590.0,14129.712598,10173.596072,3047.824115,1053.349032,3017.425673,1052.184547,3000.0,17.425673,0.209108,0.683279,0.443573,-0.047449,48.26357,0.029628,0.000968,167.302557,0.0,0.0,0.0,-10.0,-9.709854,0.38804,1.218975,48.026392,0.532544,0.000637,110.109323,0.0,0.0
1783460137.892895,1160,1,11600.0,13758.769992,10142.072793,2965.252154,1049.179944,3011.16485,1051.884086,3000.0,11.16485,0.133978,-0.430986,0.443228,-0.153113,48.087061,0.0,0.000968,167.302557,0.0,0.0,0.0,-10.0,-9.941174,0.378099,1.103263,48.029087,0.526167,0.000639,110.362036,0.0,0.0
1783460137.902894,1161,1,11610.0,14321.168547,10357.943086,3083.80029,1070.588433,3019.881103,1053.754521,3000.0,19.881103,0.238573,-1.016927,0.442415,-0.248569,48.212942,0.0,0.000968,167.302557,0.0,0.0,0.0,-10.0,-10.182644,0.367916,1.227079,47.901718,0.624845,0.00064,110.661348,0.0,0.0
1783460137.912894,1162,1,11620.0,14034.823654,9921.05344,3019.540373,1024.549409,3019.840215,1050.83401,3000.0,19.840215,0.238083,0.842893,0.443089,0.148362,48.179994,0.106607,0.000969,167.35392,0.0,0.0,0.0,-10.0,-10.163472,0.357753,1.061336,47.990505,0.603435,0.000642,110.95094,0.0,0.0
1783460137.922895,1163,1,11630.0,14084.0973,10186.086299,3027.535963,1051.014923,3020.763705,1050.852101,3000.0,20.763705,0.249164,0.250377,0.443289,0.029002,48.221751,0.108343,0.000969,167.406165,0.0,0.0,0.0,-10.0,-10.009871,0.347743,1.256726,47.979698,0.568351,0.000644,111.223633,0.0,0.0
1783460137.932895,1164,1,11640.0,13923.121316,10284.833142,2990.361107,1060.292077,3017.115393,1051.796099,3000.0,17.115393,0.205385,0.250037,0.443489,-0.149356,48.151418,0.151014,0.000969,167.47888,0.0,0.0,0.0,-10.0,-9.903346,0.337839,1.165899,48.004891,0.573104,0.000645,111.498751,0.0,0.0
1783460137.942895,1165,1,11650.0,14232.722818,10275.808625,3054.232364,1058.452391,3021.56943,1052.461728,3000.0,21.56943,0.258833,-0.56154,0.44304,-0.116033,48.226656,0.0,0.000969,167.47888,0.0,0.0,0.0,-10.0,-9.786294,0.328053,1.179974,47.985569,0.626524,0.000647,111.799392,0.0,0.0
1783460137.952895,1166,1,11660.0,14319.502155,10404.893292,3070.219158,1070.829498,3027.407397,1054.298505,3000.0,27.407397,0.328889,-0.083769,0.442973,0.126987,48.24821,0.011073,0.000969,167.484223,0.0,0.0,0.0,-10.0,-10.083513,0.31797,1.234299,48.043312,0.574451,0.000649,112.075377,0.0,0.0
1783460137.962895,1167,1,11670.0,14436.340826,10136.553288,3092.618,1042.319104,3035.23267,1053.100565,3000.0,35.23267,0.422792,-0.427995,0.442631,0.178417,48.213669,0.0,0.000969,167.484223,0.0,0.0,0.0,-10.0,-10.238392,0.307731,1.226487,48.013465,0.637634,0.00065,112.381527,0.0,0.0
1783460137.972895,1168,1,11680.0,14462.402297,10233.556922,3095.548437,1051.392834,3042.470562,1052.929792,3000.0,42.470562,0.509647,0.919285,0.443366,0.407767,48.213485,0.01073,0.000969,167.489396,0.0,0.0,0.0,-10.0,-9.994746,0.297737,1.15952,47.932024,0.603727,0.000652,112.670906,0.0,0.0
1783460137.982895,1169,1,11690.0,14515.907177,10172.581503,3104.342852,1044.234201,3049.895237,1052.060233,3000.0,49.895237,0.598743,1.016734,0.44418,0.537392,48.23285,0.0,0.000969,167.489396,0.0,0.0,0.0,-10.0,-10.004045,0.287732,1.23897,47.994185,0.60129,0.000654,112.95949,0.0,0.0
1783460137.992895,1170,1,11700.0,14657.268035,10178.483408,3131.894879,1043.947016,3059.735194,1051.248911,3000.0,59.735194,0.716822,0.88038,0.444884,0.048129,48.30876,0.020766,0.000969,167.499428,0.0,0.0,0.0,-10.0,-10.444171,0.277288,1.262412,47.936845,0.753218,0.000656,113.320559,0.0,0.0
1783460138.002895,1171,1,11710.0,14896.10852,10493.370796,3180.211042,1075.324078,3074.192296,1053.656428,3000.0,74.192296,0.890308,0.295763,0.44512,0.304083,48.258043,0.069719,0.00097,167.533073,0.0,0.0,0.0,-10.0,-10.132807,0.267155,1.143501,48.023984,0.623413,0.000658,113.619946,0.0,0.0
1783460138.012895,1172,1,11720.0,14707.614437,10348.087852,3137.289769,1059.531179,3081.763992,1054.243903,3000.0,81.763992,0.981168,1.234662,0.446108,0.40768,48.221943,0.069774,0.00097,167.566719,0.0,0.0,0.0,-10.0,-9.837893,0.257318,1.048115,47.974414,0.567316,0.000659,113.892113,0.0,0.0
1783460138.022895,1173,1,11730.0,14799.899606,10454.56971,3154.283804,1069.521198,3090.46637,1055.771632,3000.0,90.46637,1.085596,1.43975,0.44726,0.549835,48.30166,0.080077,0.00097,167.605398,0.0,0.0,0.0,-10.0,-9.941438,0.247376,1.152945,48.017449,0.586739,0.000661,114.17385,0.0,0.0
1783460138.032895,1174,1,11740.0,15081.590434,10594.638098,3211.58229,1082.927233,3105.00028,1058.487193,3000.0,105.00028,1.260003,0.79148,0.447893,0.474473,48.25504,0.092011,0.00097,167.649798,0.0,0.0,0.0,-10.0,-10.18881,0.237187,1.326182,47.948602,0.673064,0.000663,114.496575,0.0,0.0
1783460138.042895,1175,1,11750.0,15406.000794,10510.007957,3277.872509,1073.362515,3125.744948,1059.974725,3000.0,125.744948,1.508939,1.369433,0.448989,0.308048,48.17438,0.226332,0.000971,167.758832,0.0,0.0,0.0,-10.0,-10.14487,0.227042,1.192596,48.106181,0.607997,0.000664,114.789059,0.0,0.0
1783460138.052895,1176,1,11760.0,15590.806801,10735.041325,3314.372194,1095.41238,3148.380217,1063.51849,3000.0,148.380217,1.780563,1.892321,0.450503,0.502353,48.321384,0.161624,0.000971,167.836931,0.0,0.0,0.0,-10.0,-10.130761,0.216912,1.190169,47.943296,0.565596,0.000666,115.060224,0.0,0.0
1783460138.062895,1177,1,11770.0,15210.298844,10643.910515,3230.734674,1085.190537,3158.262752,1065.685695,3000.0,158.262752,1.899153,1.771949,0.45192,0.372789,48.197691,0.126425,0.000972,167.897865,0.0,0.0,0.0,-10.0,-10.29996,0.206612,1.116855,47.917706,0.609247,0.000668,115.352161,0.0,0.0
1783460138.072895,1178,1,11780.0,15444.545399,10376.681775,3277.704881,1057.047379,3172.595807,1064.821863,3000.0,172.595807,2.07115,1.74887,0.453319,0.533287,48.258276,0.186826,0.000972,167.988023,0.0,0.0,0.0,-10.0,-9.902977,0.196709,1.217629,47.914088,0.647446,0.000669,115.662379,0.0,0.0
1783460138.082895,1179,1,11790.0,15570.448872,10556.942268,3301.621898,1074.497941,3188.078938,1065.789471,3000.0,188.078938,2.256947,2.143707,0.455034,0.69836,48.161494,0.415947,0.000973,168.18835,0.0,0.0,0.0,-10.0,-10.148637,0.18656,1.115559,47.908256,0.561335,0.000671,115.931305,0.0,0.0
1783460138.092895,1180,1,11800.0,15578.216205,10392.28274,3300.469535,1056.842313,3201.56581,1064.894755,3000.0,201.56581,2.41879,1.334308,0.456102,0.63599,48.123648,0.152513,0.000974,168.261744,0.0,0.0,0.0,-10.0,-9.468853,0.177091,1.237124,47.988232,0.608297,0.000673,116.223216,0.0,0.0
1783460138.102895,1181,1,11810.0,15699.276795,10597.632864,3323.301608,1076.812823,3216.174106,1066.086562,3000.0,216.174106,2.594089,2.209227,0.457869,0.601614,48.235121,0.213733,0.000974,168.364839,0.0,0.0,0.0,-10.0,-10.143364,0.166948,1.293597,47.954332,0.603721,0.000674,116.512726,0.0,0.0
1783460138.112895,1182,1,11820.0,15544.329261,10257.962876,3287.717695,1041.417551,3224.759336,1063.619661,3000.0,224.759336,2.697112,1.72642,0.45925,0.516642,48.242797,0.378488,0.000975,168.547432,0.0,0.0,0.0,-10.0,-10.120014,0.156828,1.188612,47.984339,0.667271,0.000676,116.832912,0.0,0.0
1783460138.122895,1183,1,11830.0,15973.501373,10421.293334,3375.634272,1057.104987,3242.864329,1062.968194,3000.0,242.864329,2.914372,2.68943,0.461402,0.569168,48.24843,0.204822,0.000976,168.646256,0.0,0.0,0.0,-10.0,-10.351577,0.146476,1.164302,47.977447,0.568131,0.000678,117.105486,0.0,0.0
1783460138.132895,1184,1,11840.0,15861.290589,10486.616441,3349.090074,1062.832747,3255.611418,1062.954649,3000.0,255.611418,3.067337,2.039662,0.463033,0.835774,48.254151,0.297605,0.000977,168.789863,0.0,0.0,0.0,-10.0,-9.960402,0.136516,1.287555,48.048428,0.63252,0.000679,117.409402,0.0,0.0
1783460138.142895,1185,1,11850.0,15900.582384,10837.557722,3354.553246,1097.4742,3267.484437,1066.406604,3000.0,267.484437,3.209813,2.444326,0.464989,0.856536,48.250148,0.317705,0.000978,168.943156,0.0,0.0,0.0,-10.0,-9.80128,0.126715,1.129644,47.904773,0.657155,0.000681,117.724211,0.0,0.0
1783460138.152894,1186,1,11860.0,16175.171771,10484.541072,3409.606191,1060.830463,3284.539048,1065.84899,3000.0,284.539048,3.414469,2.989652,0.467381,0.661482,48.310913,0.355087,0.000979,169.114701,0.0,0.0,0.0,-10.0,-10.205899,0.116509,1.286124,48.057374,0.664677,0.000683,118.043637,0.0,0.0
1783460138.162894,1187,1,11870.0,15834.918787,10427.88764,3335.071354,1054.209365,3290.602924,1064.685027,3000.0,290.602924,3.487235,2.62424,0.46948,0.849675,48.288827,0.316644,0.00098,169.267605,0.0,0.0,0.0,-10.0,-10.080937,0.106428,1.226072,48.035858,0.648951,0.000685,118.355366,0.0,0.0
1783460138.172895,1188,1,11880.0,15950.817475,10236.134774,3356.653509,1033.953008,3298.528995,1061.611825,3000.0,298.528995,3.582348,2.939518,0.471832,0.701967,48.295379,0.319248,0.000981,169.421787,0.0,0.0,0.0,-10.0,-9.872938,0.096555,1.149765,48.117929,0.57518,0.000687,118.632131,0.0,0.0
1783460138.182895,1189,1,11890.0,16134.082915,10823.296038,3392.363944,1092.342746,3309.789189,1064.684917,3000.0,309.789189,3.71747,4.090745,0.475104,0.762269,48.205358,0.380389,0.000982,169.605155,0.0,0.0,0.0,-10.0,-9.993847,0.086561,1.199194,47.999468,0.650953,0.000688,118.944585,0.0,0.0
1783460138.192895,1190,1,11900.0,16138.262372,10816.071856,3390.391255,1090.696322,3319.461436,1067.286058,3000.0,319.461436,3.833537,2.184708,0.476852,0.595777,48.280321,0.413251,0.000983,169.804674,0.0,0.0,0.0,-10.0,-9.712329,0.076849,1.316834,48.008304,0.527751,0.00069,119.19795,0.0,0.0
1783460138.202895,1191,1,11910.0,16435.492242,10384.81317,3449.935399,1046.328783,3335.118312,1065.19033,3000.0,335.118312,4.02142,3.460567,0.47962,0.674118,48.20763,0.435318,0.000984,170.01453,0.0,0.0,0.0,-10.0,-9.951674,0.066897,1.173598,48.039143,0.59266,0.000691,119.482658,0.0,0.0
1783460138.212895,1192,1,11920.0,16413.225334,10349.255607,3442.371085,1041.87137,3347.988645,1062.858434,3000.0,347.988645,4.175864,3.346148,0.482297,0.55892,48.264885,0.488231,0.000985,170.250175,0.0,0.0,0.0,-10.0,-10.198419,0.056699,1.080556,48.024919,0.601351,0.000693,119.771457,0.0,0.0
1783460138.222895,1193,1,11930.0,16339.208784,10463.033978,3423.975018,1052.442647,3357.107009,1061.816856,3000.0,357.107009,4.285284,3.123868,0.484796,0.820409,48.211657,0.371518,0.000986,170.42929,0.0,0.0,0.0,-10.0,-9.708383,0.04699,1.293159,47.981674,0.604323,0.000695,120.061421,0.0,0.0
1783460138.232895,1194,1,11940.0,16747.328854,10311.243744,3506.559643,1036.305904,3375.041325,1059.26576,3000.0,375.041325,4.500496,3.473979,0.487576,1.090489,48.283557,0.444122,0.000988,170.643728,0.0,0.0,0.0,-10.0,-9.905194,0.037085,1.175259,47.93515,0.611075,0.000697,120.354341,0.0,0.0
1783460138.242895,1195,1,11950.0,16574.025096,10145.391769,3467.369267,1018.784111,3386.120678,1055.217595,3000.0,386.120678,4.633448,4.031799,0.490801,0.77631,48.238921,0.500182,0.000989,170.88501,0.0,0.0,0.0,-10.0,-9.660072,0.027425,1.198363,47.961447,0.577873,0.000698,120.631497,1.0,0.0
1783460138.252895,1196,1,11960.0,16561.1613,10117.423196,3461.781208,1015.126073,3395.199942,1051.208443,3000.0,395.199942,4.742399,4.554828,0.494445,0.713588,48.172923,0.528132,0.00099,171.139427,0.0,0.0,0.0,-10.0,-9.865774,0.017559,1.151383,47.993479,0.568288,0.0007,120.904238,1.0,0.0
1783460138.262895,1197,1,11970.0,16385.020497,10496.795275,3422.10119,1052.310303,3398.428092,1051.318629,3000.0,398.428092,4.781137,3.087982,0.496915,1.189885,48.256975,0.474579,0.000992,171.368444,0.0,0.0,0.0,-10.0,-9.635619,0.007924,1.285989,48.002664,0.646707,0.000701,121.214674,1.0,0.0
1783460138.272895,1198,1,11980.0,16167.02596,10108.704834,3373.753331,1012.55808,3395.46712,1047.442574,3000.0,395.46712,4.745605,4.583315,0.500582,1.202895,48.220253,0.375418,0.000993,171.549472,0.0,0.0,0.0,-10.0,-9.873291,0.0,1.133752,47.886932,0.589169,0.000703,121.496809,1.0,0.0
1783460138.282895,1199,1,11990.0,16190.10722,10385.010951,3375.752131,1039.367235,3393.101322,1046.63504,3000.0,393.101322,4.717216,3.119179,0.503077,0.89452,48.300032,0.441913,0.000994,171.762915,0.0,0.0,0.0,-10.0,-9.685712,0.0,1.291483,47.952119,0.64589,0.000705,121.806527,1.0,0.0
1783460138.292895,1200,1,12000.0,16481.034485,10080.402732,3433.548851,1008.040273,3397.955025,1042.775564,3000.0,397.955025,4.77546,3.267403,0.505691,1.203976,48.187203,0.592953,0.000996,172.048643,0.0,0.0,0.0,0.0,0.19548,0.000195,-0.083605,47.882538,0.0,0.000705,121.806527,1.0,0.0
1783460138.302895,1201,1,12010.0,16400.74806,9919.022177,3413.977531,991.076321,3399.877726,1037.605639,3000.0,399.877726,4.798533,4.063243,0.508942,0.835954,48.302093,0.496455,0.000997,172.288441,0.0,0.0,0.0,0.0,0.596993,0.000792,0.029206,48.091561,0.052382,0.000705,121.831718,1.0,0.0
1783460138.312895,1202,1,12020.0,16365.327132,9840.655844,3403.770202,982.428204,3400.344823,1032.087896,3000.0,400.344823,4.804138,4.163022,0.512272,0.963872,48.25784,0.413622,0.000998,172.488046,0.0,0.0,0.0,0.0,0.186462,0.000979,-0.009997,47.985243,0.004166,0.000705,121.833718,1.0,0.0
1783460138.322895,1203,1,12030.0,15744.501941,10223.261074,3271.924759,1019.776666,3384.934415,1030.856773,3000.0,384.934415,4.619213,3.714312,0.515244,1.281803,48.260845,0.594794,0.001,172.775099,0.0,0.0,0.0,0.0,-0.210699,0.000768,-0.020639,47.962327,0.021517,0.000705,121.844038,1.0,0.0
1783460138.332895,1204,1,12040.0,16336.162055,9721.880548,3392.060227,968.958194,3385.789513,1024.666915,3000.0,385.789513,4.629474,4.076023,0.518504,0.91253,48.178562,0.375263,0.001001,172.955895,0.0,0.0,0.0,0.0,0.092651,0.000861,-0.049256,48.010965,0.0,0.000705,121.844038,1.0,0.0
1783460138.342895,1205,1,12050.0,16124.117891,9748.199959,3345.252674,970.7751,3380.925092,1019.277733,3000.0,380.925092,4.571101,3.522484,0.521322,1.16797,48.25924,0.529458,0.001002,173.211407,0.0,0.0,0.0,0.0,-0.036101,0.000825,0.124888,47.946511,0.058437,0.000705,121.872056,1.0,0.0
1783460138.352895,1206,1,12060.0,16349.702807,9777.973823,3389.241875,972.932719,3381.923106,1014.643232,3000.0,381.923106,4.583077,4.185208,0.524671,0.974786,48.290988,0.526401,0.001004,173.465612,0.0,0.0,0.0,0.0,0.326114,0.001151,-0.067308,47.921923,0.0,0.000705,121.872056,1.0,0.0
1783460138.362895,1207,1,12070.0,15917.816486,9879.052829,3296.979388,982.175923,3371.72986,1011.396501,3000.0,371.72986,4.460758,3.546365,0.527508,0.887314,48.297799,0.504255,0.001005,173.709156,0.0,0.0,0.0,0.0,0.182205,0.001333,-0.056906,47.993344,0.063234,0.000705,121.902404,1.0,0.0
1783460138.372895,1208,1,12080.0,15874.59481,9844.554324,3285.305217,977.93586,3361.358903,1008.050437,3000.0,361.358903,4.336307,3.761605,0.530517,0.920673,48.329662,0.39361,0.001006,173.899386,0.0,0.0,0.0,0.0,0.158557,0.001492,-0.043362,47.981266,0.0,0.000705,121.902404,1.0,0.0
1783460138.382895,1209,1,12090.0,16182.459406,9840.34141,3346.248843,976.708825,3359.545696,1004.916276,3000.0,359.545696,4.314548,4.147463,0.533835,0.997099,48.221939,0.375866,0.001007,174.080636,0.0,0.0,0.0,0.0,-0.472904,0.001019,0.005238,48.03731,0.0,0.000705,121.902404,1.0,0.0
1783460138.392895,1210,1,12100.0,15996.213162,10059.356474,3305.002719,997.62213,3353.000539,1004.186861,3000.0,353.000539,4.236006,3.490299,0.536627,0.955095,48.242553,0.43998,0.001009,174.292893,0.0,0.0,0.0,0.0,-0.363207,0.000656,-0.098914,47.945616,0.025905,0.000706,121.914825,1.0,0.0
1783460138.402894,1211,1,12110.0,15761.758318,9681.612007,3253.872485,959.367003,3341.105172,999.704875,3000.0,341.105172,4.093262,3.737008,0.539617,0.738959,48.169517,0.289144,0.001009,174.432173,0.0,0.0,0.0,0.0,0.410802,0.001066,-0.017336,47.961976,0.0,0.000706,121.914825,1.0,0.0
1783460138.412894,1212,1,12120.0,15928.709165,9584.47859,3285.624828,948.958276,3334.447531,994.630215,3000.0,334.447531,4.01337,2.55525,0.541661,1.117303,48.283429,0.374206,0.00101,174.612852,0.0,0.0,0.0,0.0,-0.392404,0.000674,0.157598,48.065799,0.059325,0.000706,121.94334,1.0,0.0
1783460138.422895,1213,1,12130.0,15979.700025,9666.759756,3293.425397,956.315887,3329.524875,990.798783,3000.0,329.524875,3.954298,2.987551,0.544051,0.851187,48.330216,0.378754,0.001011,174.795905,0.0,0.0,0.0,0.0,-0.283802,0.00039,-0.004256,47.964761,0.066886,0.000706,121.975421,1.0,0.0
1783460138.432895,1214,1,12140.0,15608.018307,9462.163328,3214.17181,935.304448,3315.682507,985.249349,3000.0,315.682507,3.78819,2.960683,0.54642,0.622,48.106923,0.301506,0.001012,174.94095,0.0,0.0,0.0,0.0,-0.318971,7.1e-05,0.022623,48.065599,0.018226,0.000706,121.984182,1.0,0.0
1783460138.442895,1215,1,12150.0,15616.367481,9603.561811,3213.244338,948.499932,3303.389927,981.574407,3000.0,303.389927,3.640679,3.278729,0.549043,0.774275,48.184486,0.326408,0.001013,175.098228,0.0,0.0,0.0,0.0,0.216118,0.000287,0.026155,48.019047,0.0,0.000706,121.984182,1.0,0.0
1783460138.452895,1216,1,12160.0,15752.269061,9500.917082,3238.542159,937.590501,3295.608195,977.176017,3000.0,295.608195,3.547298,2.782572,0.551269,0.589306,48.3206,0.312814,0.001014,175.249382,0.0,0.0,0.0,0.0,-0.065831,0.000221,-0.090528,47.966072,0.0,0.000706,121.984182,1.0,0.0
1783460138.462895,1217,1,12170.0,15881.158843,9513.898091,3262.35802,938.100058,3291.618174,973.268421,3000.0,291.618174,3.499418,2.275744,0.553089,0.825149,48.224227,0.286153,0.001015,175.387377,0.0,0.0,0.0,0.0,-0.462368,0.0,-0.069462,48.026331,0.0,0.000706,121.984182,1.0,0.0
1783460138.472895,1218,1,12180.0,15503.13862,9420.875631,3182.089208,928.165087,3278.474698,968.758088,3000.0,278.474698,3.341696,2.717218,0.555263,0.751249,48.184039,0.253945,0.001016,175.509738,0.0,0.0,0.0,0.0,-0.07945,0.0,0.031389,48.068279,0.0,0.000706,121.984182,1.0,0.0
1783460138.482895,1219,1,12190.0,15477.221319,9399.16693,3174.163519,925.266638,3265.957356,964.408943,3000.0,265.957356,3.191488,2.575651,0.557324,0.589346,48.177529,0.2388,0.001016,175.624786,0.0,0.0,0.0,0.0,0.067907,6.8e-05,0.045687,47.965471,0.0,0.000706,121.984182,1.0,0.0
1783460138.492895,1220,1,12200.0,15804.037983,9474.821239,3238.532374,931.94963,3262.666358,961.163011,3000.0,262.666358,3.151996,3.200793,0.559884,0.628391,48.292559,0.290265,0.001017,175.764962,0.0,0.0,0.0,0.0,-0.322737,0.0,0.067771,48.029558,0.028045,0.000706,121.997651,1.0,0.0
1783460138.502895,1221,1,12210.0,15889.234819,9486.218242,3253.324082,932.306461,3261.545285,958.277356,3000.0,261.545285,3.138543,2.300937,0.561725,0.393207,48.213921,0.313957,0.001018,175.916333,0.0,0.0,0.0,0.0,-0.145946,0.0,0.033296,48.070508,0.0,0.000706,121.997651,1.0,0.0
1783460138.512895,1222,1,12220.0,15617.721429,9617.401432,3195.114859,944.425673,3253.573634,956.892188,3000.0,253.573634,3.042884,2.394786,0.563641,0.664884,48.134782,0.163991,0.001018,175.995269,0.0,0.0,0.0,0.0,0.225127,0.000225,0.028077,48.063057,0.089763,0.000706,122.040794,1.0,0.0
1783460138.522895,1223,1,12230.0,15772.912991,9326.908287,3224.225877,915.150445,3250.051903,952.718014,3000.0,250.051903,3.000623,2.371809,0.565538,0.683671,48.299682,0.242251,0.001019,176.112276,0.0,0.0,0.0,0.0,0.395941,0.000621,-0.154418,48.026252,0.0516,0.000706,122.065576,1.0,0.0
1783460138.532895,1224,1,12240.0,15863.701229,9420.521766,3240.135055,923.580565,3248.861881,949.804269,3000.0,248.861881,2.986343,1.87753,0.56704,0.908332,48.304387,0.242137,0.00102,176.229239,0.0,0.0,0.0,0.0,-0.470927,0.00015,-0.075577,47.972143,0.0,0.000706,122.065576,1.0,0.0
1783460138.542895,1225,1,12250.0,15886.543004,9371.982946,3242.151633,918.071799,3248.056652,946.631022,3000.0,248.056652,2.97668,2.493015,0.569035,0.621078,48.307189,0.321636,0.001021,176.384612,0.0,0.0,0.0,0.0,0.573724,0.000724,-0.049567,48.0152,0.0,0.000706,122.065576,1.0,0.0
1783460138.552895,1226,1,12260.0,15837.955764,9419.873921,3229.599463,922.010498,3245.841789,944.168969,3000.0,245.841789,2.950101,2.675031,0.571175,0.813313,48.294679,0.239943,0.001021,176.500492,0.0,0.0,0.0,0.0,-0.685231,3.9e-05,-0.166808,48.103272,0.0,0.000706,122.065576,1.0,0.0
1783460138.562895,1227,1,12270.0,16113.995765,9133.483227,3283.210221,893.250193,3250.326001,939.077092,3000.0,250.326001,3.003912,2.045794,0.572811,0.765994,48.294719,0.368325,0.001022,176.678373,0.0,0.0,0.0,0.0,-0.125715,0.0,0.064873,48.006109,0.073626,0.000707,122.100921,1.0,0.0
1783460138.572895,1228,1,12280.0,16029.542968,9388.525122,3263.343438,917.445452,3251.888093,936.913928,3000.0,251.888093,3.022657,1.777264,0.574233,0.92484,48.327892,0.232831,0.001023,176.790895,0.0,0.0,0.0,0.0,0.330598,0.000331,-0.067447,48.012105,0.0,0.000707,122.100921,1.0,0.0
1783460138.582895,1229,1,12290.0,15759.930852,9163.995039,3205.844356,894.775756,3246.362845,932.700111,3000.0,246.362845,2.956354,2.161661,0.575962,0.816283,48.192948,0.250836,0.001024,176.911781,0.0,0.0,0.0,0.0,-0.247391,8.3e-05,0.062059,48.013333,0.033494,0.000707,122.117003,1.0,0.0
1783460138.592895,1230,1,12300.0,15955.513108,9222.190513,3242.990469,899.725904,3245.95816,929.40269,3000.0,245.95816,2.951498,2.915322,0.578295,0.595061,48.228993,0.308299,0.001024,177.06047,0.0,0.0,0.0,0.0,0.116038,0.000199,0.005603,47.936433,0.0,0.000707,122.117003,1.0,0.0
1783460138.602895,1231,1,12310.0,15933.721777,9710.60098,3235.930499,946.606107,3244.75484,931.123032,3000.0,244.75484,2.937058,2.519923,0.580311,0.390847,48.228898,0.200744,0.001025,177.157286,0.0,0.0,0.0,0.0,0.584929,0.000784,0.050111,47.976629,0.049838,0.000707,122.140913,1.0,0.0
1783460138.612895,1232,1,12320.0,16350.560462,9023.284349,3317.889704,878.891333,3253.531024,925.899862,3000.0,253.531024,3.042372,1.97588,0.581891,0.478901,48.233213,0.298918,0.001026,177.301464,0.0,0.0,0.0,0.0,-0.052727,0.000731,0.048834,48.015997,0.0,0.000707,122.140913,1.0,0.0
1783460138.622895,1233,1,12330.0,16394.682831,8815.156946,3324.144937,857.922817,3262.004694,919.102157,3000.0,262.004694,3.144056,2.534297,0.583919,0.509399,48.269536,0.383732,0.001027,177.48669,0.0,0.0,0.0,0.0,-0.172475,0.000559,-0.166943,48.099608,0.05687,0.000707,122.168267,1.0,0.0
1783460138.632895,1234,1,12340.0,16506.857853,8960.170971,3344.177037,871.32943,3271.865375,914.324885,3000.0,271.865375,3.262384,2.977707,0.586301,0.762518,48.267939,0.436458,0.001028,177.697359,0.0,0.0,0.0,0.0,0.562109,0.001121,0.017679,48.020856,0.058848,0.000707,122.196527,1.0,0.0
1783460138.642895,1235,1,12350.0,16369.051682,9129.926711,3313.573215,887.118385,3276.870316,911.604235,3000.0,276.870316,3.322444,2.779727,0.588525,1.005396,48.319408,0.130935,0.001029,177.760626,0.0,0.0,0.0,0.0,0.466434,0.001588,-0.012138,47.933944,0.055025,0.000707,122.222902,1.0,0.0
1783460138.652894,1236,1,12360.0,16505.41181,9163.668487,3338.473262,889.676552,3284.262669,909.411466,3000.0,284.262669,3.411152,2.815009,0.590777,0.973302,48.287684,0.284449,0.001029,177.89798,0.0,0.0,0.0,0.0,-0.450922,0.001137,-0.068499,47.976239,0.0,0.000707,122.222902,1.0,0.0
1783460138.662894,1237,1,12370.0,16676.403547,8924.822716,3370.332164,865.787167,3294.591009,905.049036,3000.0,294.591009,3.535092,2.790363,0.593009,1.005066,48.204552,0.39519,0.00103,178.088479,0.0,0.0,0.0,0.0,-0.094407,0.001042,0.169407,48.023558,0.0,0.000707,122.222902,1.0,0.0
1783460138.672895,1238,1,12380.0,16331.49314,8981.472826,3297.959035,870.578949,3294.995172,901.602028,3000.0,294.995172,3.539942,2.291679,0.594842,0.920124,48.179283,0.391068,0.001031,178.276893,0.0,0.0,0.0,0.0,0.060194,0.001102,0.112343,48.080752,0.057155,0.000707,122.250383,1.0,0.0
1783460138.682895,1239,1,12390.0,16471.851469,9145.783517,3323.618133,885.790171,3298.429927,900.020842,3000.0,298.429927,3.581159,2.37647,0.596744,1.105784,48.246318,0.478933,0.001033,178.50796,0.0,0.0,0.0,0.0,0.228389,0.001331,-0.034044,47.960127,0.0,0.000707,122.250383,1.0,0.0
1783460138.692895,1240,1,12400.0,16557.237364,9103.324535,3338.152694,880.96689,3303.196659,898.115447,3000.0,303.196659,3.63836,3.664007,0.599675,0.990722,48.340878,0.233351,0.001033,178.620764,0.0,0.0,0.0,0.0,-0.276295,0.001054,-0.031674,48.114813,0.094325,0.000708,122.295767,1.0,0.0
1783460138.702895,1241,1,12410.0,16597.070544,9164.294057,3343.487217,886.152528,3308.031526,896.919155,3000.0,308.031526,3.696378,3.157599,0.602201,1.094491,48.283528,0.493962,0.001035,178.859267,0.0,0.0,0.0,0.0,0.064549,0.001119,-0.055818,47.959801,0.0,0.000708,122.295767,1.0,0.0
1783460138.712895,1242,1,12420.0,16867.437888,9350.233574,3395.216966,903.40421,3318.493779,897.56766,3000.0,318.493779,3.821925,4.259991,0.605609,0.929941,48.253092,0.330702,0.001036,179.018841,0.0,0.0,0.0,0.0,0.053812,0.001173,0.06783,47.889389,0.0,0.000708,122.295767,1.0,0.0
1783460138.722895,1243,1,12430.0,16526.523571,9546.083297,3323.918659,921.584872,3319.144764,899.969382,3000.0,319.144764,3.829737,3.549724,0.608449,0.776868,48.27169,0.492489,0.001037,179.256574,0.0,0.0,0.0,0.0,-0.111802,0.001061,0.029104,47.995291,0.014009,0.000708,122.302491,1.0,0.0
1783460138.732895,1244,1,12440.0,16835.600018,9284.096808,3383.360132,895.572039,3326.850609,899.529647,3000.0,326.850609,3.922207,2.922559,0.610787,0.727828,48.262918,0.37028,0.001038,179.435282,0.0,0.0,0.0,0.0,0.008136,0.001069,0.098073,47.97394,0.0,0.000708,122.302491,1.0,0.0
1783460138.742895,1245,1,12450.0,16872.728267,9168.190886,3388.098046,883.681049,3334.200301,897.944788,3000.0,334.200301,4.010404,3.083866,0.613254,0.740981,48.182059,0.377305,0.001039,179.617075,0.0,0.0,0.0,0.0,0.280149,0.001349,0.162863,47.980903,0.016193,0.000708,122.310261,1.0,0.0
1783460138.752895,1246,1,12460.0,16934.534636,9276.720273,3397.779823,893.424103,3341.829844,897.492719,3000.0,341.829844,4.101958,2.891461,0.615567,1.033425,48.283261,0.284125,0.00104,179.75426,0.0,0.0,0.0,0.0,0.130235,0.00148,0.03896,47.955417,0.0,0.000708,122.310261,1.0,0.0
1783460138.762895,1247,1,12470.0,17071.07403,9327.519988,3422.428635,897.59615,3351.501699,897.503062,3000.0,351.501699,4.21802,4.45527,0.619131,0.740377,48.224944,0.37035,0.001041,179.932861,0.0,0.0,0.0,0.0,-0.203758,0.001276,-0.058252,47.999081,0.0,0.000708,122.310261,1.0,0.0
1783460138.772895,1248,1,12480.0,16727.826645,9107.316091,3350.926812,875.70347,3351.432712,895.323103,3000.0,351.432712,4.217193,4.007408,0.622337,0.91531,48.275193,0.399353,0.001042,180.125649,0.0,0.0,0.0,0.0,-0.230076,0.001046,-0.017165,48.043842,0.044871,0.000708,122.331818,1.0,0.0
1783460138.782895,1249,1,12490.0,17056.789524,9668.594724,3414.089176,928.928236,3358.951488,898.683616,3000.0,358.951488,4.307418,4.565639,0.62599,0.945957,48.243045,0.442874,0.001043,180.339305,0.0,0.0,0.0,0.0,0.047592,0.001093,-0.041929,47.923735,0.015693,0.000708,122.339339,1.0,0.0
1783460138.792895,1250,1,12500.0,16716.1057,9211.925633,3343.22114,884.344861,3357.063846,897.249741,3000.0,357.063846,4.284766,2.731101,0.628174,1.108208,48.178121,0.580769,0.001045,180.619108,0.0,0.0,0.0,0.0,-0.228734,0.000865,0.039559,47.994377,0.0,0.000708,122.339339,1.0,0.0
1783460138.802895,1251,1,12510.0,16692.709633,9375.719797,3335.873228,899.349621,3354.520972,897.459729,3000.0,354.520972,4.254252,3.256614,0.63078,1.07034,48.244327,0.371862,0.001046,180.798511,0.0,0.0,0.0,0.0,0.033546,0.000898,0.050963,48.034687,0.076477,0.000708,122.376074,1.0,0.0
1783460138.812895,1252,1,12520.0,16663.700514,9055.143589,3327.416237,867.905136,3351.268404,894.50427,3000.0,351.268404,4.215221,3.967219,0.633954,0.816547,48.254472,0.339893,0.001047,180.962525,0.0,0.0,0.0,0.0,-0.107056,0.000791,-0.043597,48.015131,0.014884,0.000708,122.383221,1.0,0.0
1783460138.822895,1253,1,12530.0,16677.310805,9159.019983,3327.476218,877.160733,3348.413341,892.769916,3000.0,348.413341,4.18096,3.857829,0.63704,0.695218,48.238429,0.399976,0.001048,181.155467,0.0,0.0,0.0,0.0,0.064845,0.000856,0.09919,48.027237,0.03282,0.000708,122.398983,1.0,0.0
1783460138.832895,1254,1,12540.0,16613.308235,9289.610674,3312.063045,888.957959,3344.051306,892.38872,3000.0,344.051306,4.128616,2.664881,0.639172,0.989237,48.194004,0.490774,0.001049,181.39199,0.0,0.0,0.0,0.0,-0.060425,0.000795,0.131019,47.97317,0.0,0.000708,122.398983,1.0,0.0
1783460138.842895,1255,1,12550.0,16426.904816,9505.992257,3272.291796,908.939499,3335.440165,894.043798,3000.0,335.440165,4.025282,3.466502,0.641945,1.031743,48.151204,0.434107,0.001051,181.601018,0.0,0.0,0.0,0.0,0.394539,0.00119,0.135388,47.953014,0.085076,0.000709,122.439779,1.0,0.0
1783460138.852895,1256,1,12560.0,16406.018122,9129.70265,3265.529085,872.264584,3327.050835,891.865877,3000.0,327.050835,3.92461,3.752171,0.644947,0.705052,48.254695,0.359495,0.001052,181.774491,0.0,0.0,0.0,0.0,0.497046,0.001687,0.008672,48.092516,0.025472,0.000709,122.452029,1.0,0.0
1783460138.862895,1257,1,12570.0,16418.434241,9715.69499,3265.400605,927.512648,3319.652807,895.430554,3000.0,319.652807,3.835834,3.228515,0.647529,0.925879,48.27183,0.532795,0.001053,182.031681,0.0,0.0,0.0,0.0,-0.356838,0.00133,0.132951,47.918753,0.0,0.000709,122.452029,1.0,0.0
1783460138.872895,1258,1,12580.0,16229.335008,9398.493247,3225.225558,896.517639,3308.321538,895.539262,3000.0,308.321538,3.699858,2.976719,0.649911,0.881216,48.15022,0.304783,0.001054,182.178435,0.0,0.0,0.0,0.0,0.149543,0.00148,0.067652,47.932031,0.0,0.000709,122.452029,1.0,0.0
1783460138.882895,1259,1,12590.0,16552.647231,9563.887468,3286.864025,911.569894,3305.746636,897.142325,3000.0,305.746636,3.66896,1.604141,0.651194,0.888729,48.209761,0.206005,0.001055,182.277749,0.0,0.0,0.0,0.0,0.365018,0.001845,-0.017655,48.032805,0.034566,0.000709,122.468633,1.0,0.0
1783460138.892895,1260,1,12600.0,16359.957077,9270.629846,3246.02323,882.917128,3298.579827,895.719806,3000.0,298.579827,3.582958,2.580028,0.653258,0.887907,48.254318,0.372393,0.001056,182.457445,0.0,0.0,0.0,0.0,-0.174923,0.00167,-0.136643,48.060159,0.0,0.000709,122.468633,1.0,0.0
1783460138.902894,1261,1,12610.0,16433.66775,9745.433088,3258.062599,927.400452,3293.71776,898.88787,3000.0,293.71776,3.524613,4.079541,0.656522,0.708039,48.154318,0.284593,0.001056,182.594489,0.0,0.0,0.0,0.0,0.519993,0.00219,-0.012764,48.024439,0.009034,0.000709,122.472971,1.0,0.0
1783460138.912894,1262,1,12620.0,16142.126023,9567.972069,3197.727025,909.791322,3282.198872,899.978216,3000.0,282.198872,3.386386,3.705392,0.659486,1.125827,48.268215,0.22361,0.001057,182.702422,0.0,0.0,0.0,0.0,0.213479,0.002403,-0.016821,47.970734,0.0,0.000709,122.472971,1.0,0.0
1783460138.922895,1263,1,12630.0,16321.109415,9521.953965,3230.6234,904.698714,3276.009815,900.450265,3000.0,276.009815,3.312118,2.743283,0.661681,0.703044,48.289452,0.2786,0.001058,182.836956,0.0,0.0,0.0,0.0,0.237639,0.002641,0.13641,48.014447,0.030311,0.000709,122.487525,1.0,0.0
1783460138.932895,1264,1,12640.0,15636.420882,9343.780475,3092.646535,887.067767,3254.006221,899.112016,3000.0,254.006221,3.048075,1.414881,0.662813,0.691849,48.284015,0.323779,0.001059,182.993289,0.0,0.0,0.0,0.0,-0.095084,0.002546,0.081864,47.986887,0.004701,0.000709,122.48978,1.0,0.0
1783460138.942895,1265,1,12650.0,15940.05519,9079.994005,3150.208536,861.343305,3241.550499,895.335144,3000.0,241.550499,2.898606,2.179399,0.664556,0.653664,48.223793,0.276457,0.001059,183.126607,0.0,0.0,0.0,0.0,0.346492,0.002892,-0.015248,47.999051,0.0,0.000709,122.48978,1.0,0.0
1783460138.952895,1266,1,12660.0,15571.676971,9682.000193,3074.975705,917.725137,3221.561524,897.574144,3000.0,221.561524,2.658738,2.08148,0.666221,0.612718,48.212334,0.156856,0.00106,183.202231,0.0,0.0,0.0,0.0,-0.230988,0.002661,0.123855,48.053062,0.0,0.000709,122.48978,1.0,0.0
1783460138.962895,1267,1,12670.0,15630.528144,9496.646274,3084.161039,899.445582,3205.073466,897.761288,3000.0,205.073466,2.460882,2.764012,0.668433,0.457469,48.19376,0.216132,0.00106,183.306394,0.0,0.0,0.0,0.0,-0.057818,0.002604,0.175972,48.018366,0.0,0.000709,122.48978,1.0,0.0
1783460138.972895,1268,1,12680.0,15602.297452,9254.484483,3076.162747,875.818721,3189.604179,895.567031,3000.0,189.604179,2.27525,1.620618,0.669729,0.49649,48.282148,0.093024,0.001061,183.351308,0.0,0.0,0.0,0.0,0.076903,0.00268,0.019601,47.97976,0.016523,0.000709,122.497708,1.0,0.0
1783460138.982895,1269,1,12690.0,15694.778865,9080.871591,3091.958011,858.711262,3177.886639,891.881454,3000.0,177.886639,2.13464,1.796009,0.671166,0.453842,48.338589,0.22571,0.001061,183.460412,0.0,0.0,0.0,0.0,0.237501,0.002918,-0.08077,48.038968,0.046652,0.000709,122.520119,1.0,0.0
1783460138.992895,1270,1,12700.0,15652.123144,9235.426571,3081.126603,872.638731,3166.275435,889.957182,3000.0,166.275435,1.995305,2.250848,0.672967,0.250816,48.268098,0.224709,0.001062,183.568875,0.0,0.0,0.0,0.0,-0.047389,0.002871,-0.051172,47.999491,0.0,0.000709,122.520119,1.0,0.0
1783460139.002895,1271,1,12710.0,15804.785697,9636.282141,3108.730467,909.798471,3159.370039,891.941311,3000.0,159.370039,1.91244,2.453455,0.674929,0.427148,48.249527,0.216722,0.001063,183.673443,0.0,0.0,0.0,0.0,0.192943,0.003064,0.033646,47.944114,0.0,0.000709,122.520119,1.0,0.0
1783460139.012895,1272,1,12720.0,15536.037847,9907.619131,3053.466558,934.68105,3146.661621,896.215285,3000.0,146.661621,1.759939,1.190205,0.675881,0.327975,48.229829,0.292708,0.001063,183.814615,0.0,0.0,0.0,0.0,0.058793,0.003122,-0.021338,48.002237,0.004131,0.000709,122.522102,1.0,0.0
1783460139.022895,1273,1,12730.0,15347.72833,9473.267365,3014.086475,893.002422,3130.752604,895.893998,3000.0,130.752604,1.569031,1.673008,0.67722,0.492503,48.323842,0.135733,0.001064,183.880206,0.0,0.0,0.0,0.0,-0.028964,0.003093,-0.030378,48.016965,0.032504,0.000709,122.53771,1.0,0.0
1783460139.032895,1274,1,12740.0,15336.302339,9341.220063,3009.478481,879.863742,3116.199709,894.290973,3000.0,116.199709,1.394397,0.701402,0.677781,0.155794,48.199421,0.082793,0.001064,183.920112,0.0,0.0,0.0,0.0,-0.058162,0.003035,0.082285,48.036775,0.0,0.000709,122.53771,1.0,0.0
1783460139.042895,1275,1,12750.0,14915.82638,9278.909388,2924.671839,873.309119,3093.216364,892.192787,3000.0,93.216364,1.118596,1.290374,0.678813,0.223378,48.247416,0.082621,0.001064,183.959975,0.0,0.0,0.0,0.0,0.212018,0.003247,0.028244,47.992549,0.0,0.000709,122.53771,1.0,0.0
1783460139.052895,1276,1,12760.0,15148.567425,9244.433337,2967.979511,869.382446,3078.187942,889.911753,3000.0,78.187942,0.938255,0.84123,0.679486,-0.030645,48.329009,0.103776,0.001065,184.010129,0.0,0.0,0.0,0.0,0.283119,0.00353,0.056093,48.040966,0.0,0.000709,122.53771,1.0,0.0
1783460139.062895,1277,1,12770.0,14958.81185,9035.615034,2928.506627,849.078938,3060.226184,885.828472,3000.0,60.226184,0.722714,0.949809,0.680246,0.206071,48.275662,0.0,0.001065,184.010129,0.0,0.0,0.0,0.0,-0.014029,0.003516,-0.091439,47.915105,0.00013,0.000709,122.537772,1.0,0.0
1783460139.072895,1278,1,12780.0,14771.434673,9939.159825,2889.560773,933.254444,3039.746335,890.571069,3000.0,39.746335,0.476956,0.634856,0.680754,0.290595,48.291122,0.067481,0.001065,184.042716,0.0,0.0,0.0,0.0,-0.271494,0.003245,0.019451,48.085814,0.0,0.000709,122.537772,1.0,0.0
1783460139.082895,1279,1,12790.0,15194.941906,9219.332463,2970.082468,864.98819,3031.386671,888.012781,3000.0,31.386671,0.37664,0.750775,0.681355,-0.014627,48.298128,0.141488,0.001065,184.111053,0.0,0.0,0.0,0.0,-0.048707,0.003196,0.00862,48.027936,0.026819,0.000709,122.550653,1.0,0.0
1783460139.092895,1280,1,12800.0,15224.337372,9216.329842,2973.503393,864.030923,3024.440678,885.614595,3000.0,24.440678,0.293288,0.172873,0.681493,0.079376,48.264496,0.0,0.001065,184.111053,0.0,0.0,0.0,0.0,0.156321,0.003352,0.09488,48.009005,0.01634,0.000709,122.558498,1.0,0.0
1783460139.102895,1281,1,12810.0,14872.261271,9278.928102,2902.470974,869.220431,3009.804313,883.975179,3000.0,9.804313,0.117652,0.041879,0.681526,0.052681,48.212128,0.054399,0.001065,184.137279,0.0,0.0,0.0,0.0,0.303213,0.003656,-0.02806,48.008048,0.045734,0.000709,122.580453,1.0,0.0
1783460139.112895,1282,1,12820.0,14907.036324,8982.608602,2906.988363,840.805797,2997.466399,879.658241,3000.0,-2.533601,-0.030403,0.254135,0.68173,-0.022074,48.262187,0.0,0.001065,184.137279,0.0,0.0,0.0,0.0,0.090321,0.003746,-0.007143,47.974715,0.040782,0.00071,122.600018,1.0,0.0
1783460139.122895,1283,1,12830.0,14899.828887,9294.995387,2903.318177,869.368236,2986.168612,878.62924,3000.0,-13.831388,-0.165977,0.709468,0.682297,-0.057816,48.237657,0.023083,0.001065,184.148414,0.0,0.0,0.0,0.0,-0.052372,0.003694,0.043927,47.948202,0.0,0.00071,122.600018,1.0,0.0
1783460139.132895,1284,1,12840.0,14849.309918,9173.481645,2891.220778,857.334733,2974.774872,876.499789,3000.0,-25.225128,-0.302702,0.031394,0.682322,0.15528,48.22999,0.0,0.001065,184.148414,0.0,0.0,0.0,0.0,0.157785,0.003851,-0.05793,48.017745,0.0,0.00071,122.600018,1.0,0.0
1783460139.142895,1285,1,12850.0,14761.467988,9168.407106,2871.880932,856.19366,2962.427599,874.469176,3000.0,-37.572401,-0.450869,-0.257747,0.682116,0.228182,48.254508,0.206384,0.001066,184.248004,0.0,0.0,0.0,0.0,-0.212923,0.003638,0.164385,48.086601,0.0,0.00071,122.600018,1.0,0.0
1783460139.152894,1286,1,12860.0,14727.767593,8988.54595,2863.096344,838.744568,2950.507849,870.896716,3000.0,-49.492151,-0.593906,-0.647291,0.681598,0.216764,48.274371,0.109909,0.001066,184.301062,0.0,0.0,0.0,0.0,-0.447455,0.003191,-0.15772,48.008849,0.053153,0.00071,122.625536,1.0,0.0
1783460139.162894,1287,1,12870.0,14994.527723,9401.091589,2912.689923,876.558656,2945.969698,871.46291,3000.0,-54.030302,-0.648364,-1.093421,0.680724,0.154745,48.302635,0.07647,0.001066,184.337999,0.0,0.0,0.0,0.0,0.343531,0.003535,0.075298,47.985313,0.0,0.00071,122.625536,1.0,0.0
1783460139.172895,1288,1,12880.0,14744.977997,9030.185139,2861.991071,841.321597,2935.892262,868.448778,3000.0,-64.107738,-0.769293,0.344821,0.681,-0.070084,48.237423,0.163897,0.001067,184.417058,0.0,0.0,0.0,0.0,0.075903,0.00361,-0.139516,47.995445,0.021928,0.00071,122.636061,1.0,0.0
1783460139.182895,1289,1,12890.0,15052.380527,8930.18582,2919.391103,831.359425,2933.912123,864.739843,3000.0,-66.087877,-0.793055,-0.635117,0.680491,0.386829,48.199009,0.211399,0.001067,184.51895,0.0,0.0,0.0,0.0,-0.139676,0.003471,0.004919,47.993742,0.034774,0.00071,122.65275,1.0,0.0
1783460139.192895,1290,1,12900.0,15291.425771,8930.915997,2963.454607,830.782883,2937.457221,861.344147,3000.0,-62.542779,-0.750513,-1.52348,0.679273,0.101861,48.165588,0.0,0.001067,184.51895,0.0,0.0,0.0,0.0,-0.103548,0.003367,-0.023315,47.99152,0.0,0.00071,122.65275,1.0,0.0
1783460139.202895,1291,1,12910.0,15189.571848,9251.565067,2941.435292,859.944081,2937.93459,861.20414,3000.0,-62.06541,-0.744785,-0.789814,0.678641,0.42365,48.159971,0.143242,0.001068,184.587936,0.0,0.0,0.0,0.0,0.193978,0.003561,0.004263,48.006988,0.00712,0.00071,122.656168,1.0,0.0
1783460139.212895,1292,1,12920.0,14937.995066,8627.805971,2890.478921,801.344208,2932.23991,855.218147,3000.0,-67.76009,-0.813121,-0.174574,0.678501,0.258509,48.265187,0.057038,0.001068,184.615465,0.0,0.0,0.0,0.0,-0.223776,0.003337,-0.072414,47.929949,0.0,0.00071,122.656168,1.0,0.0
1783460139.222895,1293,1,12930.0,15266.097137,8963.406278,2951.681581,831.870652,2934.57291,852.883398,3000.0,-65.42709,-0.785125,-0.770851,0.677884,0.404418,48.212386,0.092301,0.001068,184.659966,0.0,0.0,0.0,0.0,0.432082,0.00377,0.14455,48.071599,0.056503,0.00071,122.68333,1.0,0.0
1783460139.232895,1294,1,12940.0,15027.525087,8777.131777,2903.308556,813.953488,2930.821188,848.990407,3000.0,-69.178812,-0.830146,-0.999023,0.677085,0.402281,48.173569,0.048121,0.001068,184.683148,0.0,0.0,0.0,0.0,-0.15209,0.003617,-0.063836,47.955976,0.067426,0.00071,122.715665,1.0,0.0
1783460139.242895,1295,1,12950.0,15375.234629,8843.632909,2968.192013,819.487219,2935.305687,846.040088,3000.0,-64.694313,-0.776332,-1.23056,0.676101,0.092862,48.252667,0.059474,0.001069,184.711845,0.0,0.0,0.0,0.0,-0.027149,0.00359,-0.041648,48.01726,0.00586,0.00071,122.718479,1.0,0.0
1783460139.252895,1296,1,12960.0,15397.274416,8975.08657,2970.153244,831.026534,2939.487394,844.538733,3000.0,-60.512606,-0.726151,-0.255051,0.675897,0.119413,48.243551,0.0,0.001069,184.711845,0.0,0.0,0.0,0.0,-0.135663,0.003455,0.070189,48.000311,0.0,0.00071,122.718479,1.0,0.0
1783460139.262895,1297,1,12970.0,15093.987873,8690.016367,2909.403985,804.010766,2935.877385,840.485936,3000.0,-64.122615,-0.769471,-0.946562,0.675139,0.052137,48.291474,0.200042,0.001069,184.808449,0.0,0.0,0.0,0.0,0.107318,0.003562,-0.080237,48.082465,0.058346,0.00071,122.746533,1.0,0.0
1783460139.272895,1298,1,12980.0,15332.938079,8875.204218,2953.1853,820.511946,2937.954334,838.488537,3000.0,-62.045666,-0.744548,-1.002724,0.674337,0.012591,48.329731,0.124296,0.001069,184.86852,0.0,0.0,0.0,0.0,0.011274,0.003573,0.02327,48.007043,0.028561,0.00071,122.760244,1.0,0.0
1783460139.282895,1299,1,12990.0,15585.997446,9030.575498,2999.614597,834.233302,2945.353566,838.063014,3000.0,-54.646434,-0.655757,-0.979312,0.673554,0.143781,48.241035,0.0,0.001069,184.86852,0.0,0.0,0.0,0.0,0.422689,0.003996,0.016445,47.925672,0.002906,0.00071,122.761637,1.0,0.0
1783460139.292895,1300,1,13000.0,15329.350297,8453.153016,2947.95198,780.291048,2945.665376,832.285817,3000.0,-54.334624,-0.652015,0.111624,0.673643,0.193393,48.254672,0.167456,0.00107,184.949326,0.0,0.0,0.0,0.0,0.388528,0.004384,0.005591,47.958249,0.0,0.00071,122.761637,1.0,0.0
1783460139.302895,1301,1,13010.0,15517.705709,8596.270856,2981.880421,792.892008,2950.011181,828.346436,3000.0,-49.988819,-0.599866,-0.348249,0.673365,0.312856,48.308399,0.0,0.00107,184.949326,0.0,0.0,0.0,0.0,-0.062502,0.004322,0.100001,47.970557,0.0,0.00071,122.761637,1.0,0.0
1783460139.312895,1302,1,13020.0,15525.911028,8902.167239,2981.165712,820.476243,2953.749725,827.559417,3000.0,-46.250275,-0.555003,-0.6804,0.67282,0.237235,48.235139,0.095716,0.00107,184.995494,0.0,0.0,0.0,0.0,-0.01333,0.004309,0.01887,47.94219,0.0,0.00071,122.761637,1.0,0.0
1783460139.322895,1303,1,13030.0,15281.848969,8615.902575,2932.050838,793.482969,2951.145858,824.151772,3000.0,-48.854142,-0.58625,-0.422654,0.672482,0.169117,48.264,0.0,0.00107,184.995494,0.0,0.0,0.0,0.0,0.117573,0.004426,-0.037987,47.92501,0.0,0.00071,122.761637,1.0,0.0
1783460139.332895,1304,1,13040.0,15614.279004,8362.029212,2993.535085,769.511891,2956.232566,818.687784,3000.0,-43.767434,-0.525209,0.2678,0.672696,-0.065359,48.225015,0.073031,0.00107,185.030714,0.0,0.0,0.0,0.0,-0.227062,0.004199,-0.073687,48.028504,0.0,0.00071,122.761637,1.0,0.0
1783460139.342895,1305,1,13050.0,15326.067303,8591.898777,2936.028219,790.059658,2953.808044,815.824971,3000.0,-46.191956,-0.554303,-0.38838,0.672386,0.214613,48.205611,0.136778,0.001071,185.096648,0.0,0.0,0.0,0.0,-0.074886,0.004124,-0.125373,47.951956,0.010415,0.00071,122.766631,1.0,0.0
1783460139.352895,1306,1,13060.0,15491.693634,8152.373066,2965.484999,749.069501,2955.209279,809.149424,3000.0,-44.790721,-0.537489,-1.10938,0.671498,0.143363,48.255372,0.0,0.001071,185.096648,0.0,0.0,0.0,0.0,0.09296,0.004217,-0.012251,48.000909,0.000581,0.00071,122.76691,1.0,0.0
1783460139.362895,1307,1,13070.0,15531.412098,8597.775916,2970.813332,789.390291,2957.081765,807.173511,3000.0,-42.918235,-0.515019,-0.022981,0.67148,0.121758,48.288401,0.051507,0.001071,185.12152,0.0,0.0,0.0,0.0,-0.08485,0.004132,-0.202131,48.039238,0.021983,0.000711,122.77747,1.0,0.0
1783460139.372895,1308,1,13080.0,15162.758527,8166.091342,2898.080758,749.182692,2950.001644,801.374429,3000.0,-49.998356,-0.59998,-0.516716,0.671066,-0.012706,48.219949,0.174432,0.001071,185.205631,0.0,0.0,0.0,0.0,-0.019608,0.004113,0.02041,48.020151,0.015153,0.000711,122.784747,1.0,0.0
1783460139.382895,1309,1,13090.0,15028.511654,8698.819105,2870.227589,797.44713,2940.428757,800.981699,3000.0,-59.571243,-0.714855,0.516763,0.67148,0.122385,48.284787,0.149587,0.001072,185.277859,0.0,0.0,0.0,0.0,0.42388,0.004537,-0.041799,48.084669,0.0,0.000711,122.784747,1.0,0.0
1783460139.392895,1310,1,13100.0,15451.165046,8661.974418,2948.695619,793.463305,2941.420781,800.22986,3000.0,-58.579219,-0.702951,-0.663283,0.670949,-0.008614,48.290695,0.0,0.001072,185.277859,0.0,0.0,0.0,0.0,-0.007736,0.004529,0.01691,47.983328,0.0,0.000711,122.784747,1.0,0.0
1783460139.402894,1311,1,13110.0,15329.821288,8450.628854,2923.306882,773.512939,2939.247113,797.558168,3000.0,-60.752887,-0.729035,-0.987143,0.670159,0.248039,48.283638,0.092606,0.001072,185.322573,0.0,0.0,0.0,0.0,-0.151493,0.004377,0.010612,48.10633,0.007108,0.000711,122.788166,1.0,0.0
1783460139.412894,1312,1,13120.0,15076.765305,8168.329953,2872.859243,747.103349,2931.280569,792.512686,3000.0,-68.719431,-0.824633,-0.115189,0.670067,0.016001,48.224729,0.029643,0.001072,185.336868,0.0,0.0,0.0,0.0,-0.040418,0.004337,0.118625,48.031416,0.0,0.000711,122.788166,1.0,0.0
1783460139.422895,1313,1,13130.0,15162.537772,8256.833693,2887.002622,754.623034,2925.967215,788.723721,3000.0,-74.032785,-0.888393,-0.578324,0.669605,0.194268,48.139732,0.027808,0.001072,185.350255,0.0,0.0,0.0,0.0,-0.363115,0.003974,-0.045116,48.020664,0.0,0.000711,122.788166,1.0,0.0
1783460139.432895,1314,1,13140.0,15225.725845,8438.583908,2896.827596,770.646932,2922.470461,786.916042,3000.0,-77.529539,-0.930354,-0.356424,0.66932,0.280372,48.257014,0.002438,0.001072,185.351431,0.0,0.0,0.0,0.0,-0.376699,0.003597,0.123197,47.990706,0.0,0.000711,122.788166,1.0,0.0
1783460139.442895,1315,1,13150.0,15060.366501,8867.199061,2863.187548,809.174059,2915.356511,789.141843,3000.0,-84.643489,-1.015722,-1.382377,0.668214,0.332483,48.129989,0.266578,0.001073,185.479736,0.0,0.0,0.0,0.0,0.015341,0.003612,-0.044951,47.950992,0.0,0.000711,122.788166,1.0,0.0
1783460139.452895,1316,1,13160.0,15023.788109,8447.477772,2854.063091,770.286727,2908.001301,787.256332,3000.0,-91.998699,-1.103984,-0.698877,0.667655,0.227553,48.228263,0.153927,0.001073,185.553972,0.0,0.0,0.0,0.0,0.320496,0.003933,-0.052484,47.940712,0.015158,0.000711,122.795433,1.0,0.0
1783460139.462895,1317,1,13170.0,14875.078732,8269.836283,2823.667185,753.515834,2897.881207,783.882282,3000.0,-102.118793,-1.225426,-1.624844,0.666355,0.549085,48.256,0.117688,0.001074,185.610763,0.0,0.0,0.0,0.0,-0.192679,0.00374,0.094966,47.996809,0.0,0.000711,122.795433,1.0,0.0
1783460139.472895,1318,1,13180.0,14511.468701,8422.860422,2752.554761,766.876518,2880.442033,782.181706,3000.0,-119.557967,-1.434696,-0.9315,0.665609,0.045535,48.153469,0.233782,0.001074,185.723337,0.0,0.0,0.0,0.0,0.558542,0.004299,-0.16632,47.941756,0.0,0.000711,122.795433,1.0,0.0
1783460139.482895,1319,1,13190.0,14762.341613,8619.080533,2798.017743,784.146826,2870.551119,782.378218,3000.0,-129.448881,-1.553387,-2.408503,0.663683,0.230075,48.221968,0.034158,0.001074,185.739809,0.0,0.0,0.0,0.0,0.068043,0.004367,-0.090134,47.956543,0.067718,0.000711,122.827909,1.0,0.0
1783460139.492895,1320,1,13200.0,14504.250091,9045.961636,2747.017063,822.360149,2855.727032,786.376411,3000.0,-144.272968,-1.731276,-2.334903,0.661815,0.340709,48.235187,0.246134,0.001075,185.858532,0.0,0.0,0.0,0.0,-0.349431,0.004017,0.07295,48.056115,0.035471,0.000711,122.844955,1.0,0.0
1783460139.502895,1321,1,13210.0,14389.969258,8848.559953,2723.309852,803.805598,2839.83697,788.119329,3000.0,-160.16303,-1.921956,-1.32049,0.660758,0.363552,48.314356,0.192728,0.001076,185.951647,0.0,0.0,0.0,0.0,-0.11936,0.003898,-0.001083,48.011926,0.012198,0.000711,122.850811,1.0,0.0
1783460139.512895,1322,1,13220.0,14773.157252,8724.731133,2793.71355,791.95744,2834.30216,788.503141,3000.0,-165.69784,-1.988374,-2.406542,0.658833,0.593285,48.203094,0.189439,0.001076,186.042963,0.0,0.0,0.0,0.0,0.021497,0.00392,-0.016036,48.024919,0.003946,0.000711,122.852706,1.0,0.0
1783460139.522895,1323,1,13230.0,14683.655193,9117.58917,2774.68919,826.992215,2827.148603,792.352048,3000.0,-172.851397,-2.074217,-1.356342,0.657748,0.506027,48.274047,0.182047,0.001077,186.130845,0.0,0.0,0.0,0.0,-0.158785,0.003761,0.063411,47.986395,0.0,0.000711,122.852706,1.0,0.0
1783460139.532895,1324,1,13240.0,14376.890003,8923.617294,2714.669562,808.787066,2813.651119,793.99555,3000.0,-186.348881,-2.236187,-2.434893,0.6558,0.578887,48.155028,0.238543,0.001077,186.245715,0.0,0.0,0.0,0.0,0.280677,0.004041,0.024192,48.043024,0.006907,0.000711,122.856024,1.0,0.0
1783460139.542895,1325,1,13250.0,14672.595076,8930.987415,2768.414165,808.844143,2808.222684,795.480409,3000.0,-191.777316,-2.301328,-1.570692,0.654544,0.393264,48.200721,0.221314,0.001078,186.35239,0.0,0.0,0.0,0.0,-0.130923,0.003911,-0.103139,47.920943,0.085847,0.000711,122.897163,1.0,0.0
1783460139.552895,1326,1,13260.0,14264.571954,8911.360014,2689.398936,806.45792,2793.963834,796.57816,3000.0,-206.036166,-2.472434,-1.466297,0.65337,0.585661,48.269146,0.19662,0.001079,186.447297,0.0,0.0,0.0,0.0,-0.100145,0.00381,-0.009035,47.987241,0.0,0.000711,122.897163,1.0,0.0
1783460139.562895,1327,1,13270.0,14409.578164,8844.682356,2714.690686,799.82056,2784.451057,796.9024,3000.0,-215.548943,-2.586587,-2.123215,0.651672,0.457555,48.23446,0.256536,0.001079,186.571035,0.0,0.0,0.0,0.0,-0.159001,0.003651,0.12895,48.021348,0.0,0.000711,122.897163,1.0,0.0
1783460139.572895,1328,1,13280.0,14130.135399,9003.211328,2660.040549,813.543192,2769.521796,798.566479,3000.0,-230.478204,-2.765738,-1.578469,0.650409,0.824282,48.243115,0.092746,0.00108,186.615779,0.0,0.0,0.0,0.0,-0.277419,0.003374,0.03232,47.924778,0.014176,0.000711,122.903957,1.0,0.0
1783460139.582895,1329,1,13290.0,13757.421943,9322.941022,2587.927378,841.800544,2747.730466,802.889886,3000.0,-252.269534,-3.027234,-2.572216,0.648351,0.627001,48.153375,0.239244,0.00108,186.730983,0.0,0.0,0.0,0.0,-0.538307,0.002836,0.009644,47.991976,0.022961,0.000711,122.914976,1.0,0.0
1783460139.592895,1330,1,13300.0,13971.201679,9246.046224,2626.165729,834.229734,2733.142697,806.023871,3000.0,-266.857303,-3.202288,-2.402064,0.64643,0.759818,48.236464,0.27475,0.001081,186.863513,0.0,0.0,0.0,0.0,-0.026614,0.002809,0.000738,48.014599,0.0,0.000711,122.914976,1.0,0.0
1783460139.602895,1331,1,13310.0,14216.419665,8924.377639,2670.251628,804.602041,2725.595769,805.881688,3000.0,-274.404231,-3.292851,-2.394543,0.644514,0.750361,48.177675,0.431649,0.001082,187.071472,0.0,0.0,0.0,0.0,0.10178,0.002911,-0.047578,47.926976,0.021171,0.000711,122.925122,1.0,0.0
1783460139.612895,1332,1,13320.0,13967.681766,9112.887565,2621.561893,820.980862,2713.111704,807.391605,3000.0,-286.888296,-3.44266,-2.296433,0.642677,0.946402,48.278285,0.310427,0.001083,187.221341,0.0,0.0,0.0,0.0,-0.221102,0.00269,0.028996,47.996787,0.0,0.000711,122.925122,1.0,0.0
1783460139.622895,1333,1,13330.0,13560.790288,9158.721439,2543.284,824.491052,2692.732379,809.10155,3000.0,-307.267621,-3.687211,-3.180487,0.640133,0.757885,48.176886,0.37938,0.001084,187.404114,0.0,0.0,0.0,0.0,-0.245095,0.002445,-0.029513,48.035814,0.012436,0.000711,122.931096,1.0,0.0
1783460139.632895,1334,1,13340.0,13967.840712,9193.592291,2617.661303,827.009801,2683.72385,810.892375,3000.0,-316.27615,-3.795314,-4.025148,0.636912,1.030499,48.30098,0.289112,0.001085,187.543758,0.0,0.0,0.0,0.0,0.1077,0.002552,0.032778,47.933207,0.0,0.000711,122.931096,1.0,0.0
1783460139.642895,1335,1,13350.0,13172.167223,9523.569206,2466.697982,856.051165,2657.680746,815.408254,3000.0,-342.319254,-4.107831,-3.641699,0.633999,0.987459,48.29585,0.468394,0.001086,187.769972,0.0,0.0,0.0,0.0,0.101767,0.002654,0.075921,47.966173,0.0,0.000711,122.931096,1.0,0.0
1783460139.652894,1336,1,13360.0,13797.178391,9432.013199,2581.807334,847.186814,2648.575936,818.58611,3000.0,-351.424064,-4.217089,-3.480534,0.631215,0.906291,48.296277,0.473582,0.001087,187.998695,0.0,0.0,0.0,0.0,0.281116,0.002935,0.077078,47.994271,0.0,0.000711,122.931096,1.0,0.0
1783460139.662894,1337,1,13370.0,13790.931547,9318.678224,2578.708217,836.380992,2640.19181,820.365598,3000.0,-359.80819,-4.317698,-2.668547,0.62908,0.807646,48.223797,0.382694,0.001089,188.183245,0.0,0.0,0.0,0.0,-0.28179,0.002653,0.014422,48.04025,0.023101,0.000711,122.942194,1.0,0.0
1783460139.672895,1338,1,13380.0,13547.868319,9253.244774,2531.36553,829.887424,2627.132657,821.317781,3000.0,-372.867343,-4.474408,-3.575699,0.626219,0.904844,48.254449,0.515821,0.00109,188.432152,0.0,0.0,0.0,0.0,0.060339,0.002714,-0.022989,47.852688,0.0,0.000711,122.942194,1.0,0.0
1783460139.682895,1339,1,13390.0,13570.860389,9424.659216,2533.76781,844.629653,2615.928875,823.648968,3000.0,-384.071125,-4.608854,-3.758738,0.623212,0.726957,48.188847,0.504538,0.001091,188.675282,0.0,0.0,0.0,0.0,-0.006863,0.002707,0.027977,47.907997,0.033584,0.000712,122.958283,1.0,0.0
1783460139.692895,1340,1,13400.0,13712.432263,9484.774554,2558.289601,849.382796,2609.012162,826.222351,3000.0,-390.987838,-4.691854,-4.393432,0.619698,0.726709,48.158257,0.538414,0.001093,188.934573,0.0,0.0,0.0,0.0,0.278507,0.002985,-0.098645,48.048124,0.039641,0.000712,122.97733,1.0,0.0
1783460139.702895,1341,1,13410.0,13814.810193,9168.641251,2575.46797,820.460067,2604.986859,825.646122,3000.0,-395.013141,-4.740158,-4.396886,0.61618,0.842919,48.247422,0.564326,0.001094,189.206846,0.0,0.0,0.0,0.0,-0.100854,0.002885,0.133955,47.988572,0.004111,0.000712,122.979303,1.0,0.0
1783460139.712895,1342,1,13420.0,13807.981006,9655.302611,2572.27664,863.36536,2601.061633,829.418046,3000.0,-398.938367,-4.78726,-3.707615,0.613214,1.000241,48.179097,0.419092,0.001096,189.408761,0.0,0.0,0.0,0.0,-0.218901,0.002666,0.055567,48.038991,0.0,0.000712,122.979303,1.0,0.0
1783460139.722895,1343,1,13430.0,13686.290317,9899.870398,2547.708547,884.575166,2594.659263,834.933758,3000.0,-405.340737,-4.864089,-4.188391,0.609863,1.184041,48.265259,0.45596,0.001097,189.628831,0.0,0.0,0.0,0.0,-0.38193,0.002284,0.106265,47.970929,0.0,0.000712,122.979303,1.0,0.0
1783460139.732895,1344,1,13440.0,14025.237891,9579.66645,2608.861215,855.327362,2596.363497,836.973119,3000.0,-403.636503,-4.843638,-4.318272,0.606409,0.899489,48.186213,0.491056,0.001098,189.865453,0.0,0.0,0.0,0.0,-0.228422,0.002055,0.004748,47.929764,0.0,0.000712,122.979303,1.0,0.0
1783460139.742895,1345,1,13450.0,13837.977321,9907.465967,2572.114744,883.937484,2593.453647,841.669555,3000.0,-406.546353,-4.878556,-4.055388,0.603164,1.196056,48.163596,0.481974,0.0011,190.097589,0.0,0.0,0.0,0.0,0.452437,0.002508,-0.097318,47.957638,0.0,0.000712,122.979303,1.0,0.0
1783460139.752895,1346,1,13460.0,13765.45034,10141.964661,2556.732975,904.187043,2589.047166,847.921304,3000.0,-410.952834,-4.931434,-4.555506,0.59952,1.067799,48.2013,0.576833,0.001101,190.37563,0.0,0.0,0.0,0.0,-0.231104,0.002277,-0.115106,48.02116,0.0,0.000712,122.979303,1.0,0.0
1783460139.762895,1347,1,13470.0,13961.273548,9658.845283,2591.179203,860.476194,2589.30301,849.176793,3000.0,-410.69699,-4.928364,-4.223591,0.596141,0.953108,48.16256,0.474139,0.001102,190.603987,0.0,0.0,0.0,0.0,0.098111,0.002375,-0.100855,48.037164,0.056943,0.000712,123.006657,1.0,0.0
1783460139.772895,1348,1,13480.0,14192.706929,9660.965348,2632.178585,860.026589,2594.448079,850.261772,3000.0,-405.551921,-4.866623,-3.748116,0.593143,1.325459,48.219471,0.44214,0.001104,190.817185,0.0,0.0,0.0,0.0,-0.175993,0.002199,-0.074986,48.001579,0.04602,0.000712,123.028747,1.0,0.0
1783460139.782895,1349,1,13490.0,14033.185362,10158.908064,2600.664448,903.683445,2595.194044,855.60394,3000.0,-404.805956,-4.857671,-4.256824,0.589737,1.049037,48.173175,0.448059,0.001105,191.033029,0.0,0.0,0.0,0.0,0.447786,0.002647,-0.030602,48.004024,0.0,0.000712,123.028747,1.0,0.0
1783460139.792895,1350,1,13500.0,14298.05792,10370.587062,2647.788504,921.829961,2601.505379,862.226542,3000.0,-398.494621,-4.781935,-3.426183,0.586996,0.979629,48.268329,0.472111,0.001106,191.260909,0.0,0.0,0.0,0.0,-0.054829,0.002592,0.102075,48.005077,0.012288,0.000712,123.034646,1.0,0.0
1783460139.802895,1351,1,13510.0,13723.570815,10216.14625,2539.520876,907.429719,2594.067239,866.74686,3000.0,-405.932761,-4.871193,-4.464239,0.583425,0.975515,48.182214,0.513444,0.001108,191.508298,0.0,0.0,0.0,0.0,0.099311,0.002691,0.06877,48.005303,0.0,0.000712,123.034646,1.0,0.0
1783460139.812895,1352,1,13520.0,14365.631875,9860.906368,2656.366841,875.228376,2601.543191,867.595011,3000.0,-398.456809,-4.781482,-4.297919,0.579986,1.01635,48.224475,0.299826,0.001109,191.652887,0.0,0.0,0.0,0.0,-0.065547,0.002625,-0.049948,48.050154,0.0,0.000712,123.034646,1.0,0.0
1783460139.822895,1353,1,13530.0,14525.329732,10034.599255,2683.911628,889.98663,2611.427403,869.834173,3000.0,-388.572597,-4.662871,-4.10956,0.576699,0.940717,48.166719,0.491009,0.00111,191.88939,0.0,0.0,0.0,0.0,-0.239319,0.002386,-0.070402,47.993344,0.050453,0.000712,123.05886,1.0,0.0
1783460139.832895,1354,1,13540.0,14488.979821,9951.629501,2675.21784,881.976027,2619.082256,871.048358,3000.0,-380.917744,-4.571013,-4.159992,0.573371,0.962277,48.215529,0.59933,0.001112,192.17836,0.0,0.0,0.0,0.0,0.0766,0.002463,-0.048018,47.907444,0.0,0.000712,123.05886,1.0,0.0
1783460139.842895,1355,1,13550.0,14768.814059,10255.257539,2724.873443,908.21469,2631.777198,874.764992,3000.0,-368.222802,-4.418674,-3.23042,0.570786,0.956218,48.175197,0.444962,0.001113,192.392721,0.0,0.0,0.0,0.0,0.099656,0.002562,-0.046683,47.970878,0.006059,0.000712,123.061766,1.0,0.0
1783460139.852895,1356,1,13560.0,14644.993301,10224.281972,2700.035638,904.803714,2639.968211,877.768864,3000.0,-360.031789,-4.320381,-3.254306,0.568183,1.0197,48.17292,0.530328,0.001114,192.648196,0.0,0.0,0.0,0.0,-0.200257,0.002362,-0.046384,48.005244,0.017913,0.000712,123.070365,1.0,0.0
1783460139.862895,1357,1,13570.0,14918.838893,10276.183114,2748.49648,908.726583,2652.991603,880.864636,3000.0,-347.008397,-4.164101,-4.18141,0.564838,1.002987,48.143924,0.489786,0.001116,192.883998,0.0,0.0,0.0,0.0,-0.227734,0.002134,0.068294,47.98594,0.081895,0.000712,123.109664,1.0,0.0
1783460139.872895,1358,1,13580.0,14395.268915,10155.961371,2650.086325,897.433994,2652.64297,882.521572,3000.0,-347.35703,-4.168284,-3.853883,0.561755,0.897207,48.125473,0.417501,0.001117,193.084922,0.0,0.0,0.0,0.0,0.179731,0.002314,-0.092909,47.945584,0.044662,0.000713,123.131077,1.0,0.0
1783460139.882895,1359,1,13590.0,14562.833982,9966.751476,2678.961365,880.066355,2655.801177,882.27605,3000.0,-344.198823,-4.130386,-4.02005,0.558539,1.09237,48.205182,0.480017,0.001118,193.316315,0.0,0.0,0.0,0.0,-0.15646,0.002158,0.033979,47.99084,0.028043,0.000713,123.144535,1.0,0.0
1783460139.892895,1360,1,13600.0,14693.4751,10033.705977,2701.006452,885.326998,2661.22581,882.581145,3000.0,-338.77419,-4.06529,-2.177194,0.556797,0.947691,48.195507,0.530169,0.00112,193.571833,0.0,0.0,0.0,0.0,-0.428558,0.001729,0.042429,47.964757,0.023664,0.000713,123.155885,1.0,0.0
1783460139.902894,1361,1,13610.0,14766.540236,10344.22255,2712.4431,912.054891,2667.371885,885.528519,3000.0,-332.628115,-3.991537,-3.44997,0.554037,0.55389,48.22408,0.431863,0.001121,193.780095,0.0,0.0,0.0,0.0,0.032092,0.001761,0.07576,48.057048,0.0,0.000713,123.155885,1.0,0.0
1783460139.912894,1362,1,13620.0,15169.544879,10544.018916,2784.424537,928.988451,2681.418203,889.874513,3000.0,-318.581797,-3.822982,-3.549164,0.551198,0.680796,48.226288,0.238494,0.001121,193.895112,0.0,0.0,0.0,0.0,0.236042,0.001997,-0.009947,48.00146,0.0,0.000713,123.155885,1.0,0.0
1783460139.922895,1363,1,13630.0,15111.434257,10159.765679,2771.723085,894.476802,2692.254789,890.334742,3000.0,-307.745211,-3.692943,-3.0822,0.548732,0.767182,48.291449,0.4579,0.001123,194.116238,0.0,0.0,0.0,0.0,-0.199273,0.001798,0.019354,48.025458,0.0,0.000713,123.155885,1.0,0.0
1783460139.932895,1364,1,13640.0,15204.727634,10139.673048,2786.790256,892.053347,2703.599045,890.506602,3000.0,-296.400955,-3.556811,-3.145403,0.546216,0.950915,48.191071,0.390653,0.001124,194.304498,0.0,0.0,0.0,0.0,0.345147,0.002143,0.037541,48.026491,0.0,0.000713,123.155885,1.0,0.0
1783460139.942895,1365,1,13650.0,15237.588896,10175.731364,2790.767197,894.56979,2714.059223,890.912921,3000.0,-285.940777,-3.431289,-3.953166,0.543053,0.648684,48.216522,0.307108,0.001125,194.452575,0.0,0.0,0.0,0.0,0.05849,0.002202,-0.049318,47.995643,0.0,0.000713,123.155885,1.0,0.0
1783460139.952895,1366,1,13660.0,15444.612708,10452.634694,2826.612867,918.240237,2727.565661,893.645652,3000.0,-272.434339,-3.269212,-2.569289,0.540998,0.788843,48.104239,0.358482,0.001126,194.62502,0.0,0.0,0.0,0.0,-0.024114,0.002178,-0.045406,48.034183,0.0,0.000713,123.155885,1.0,0.0
1783460139.962895,1367,1,13670.0,15565.38876,10254.844789,2846.632911,900.205834,2741.853731,894.301671,3000.0,-258.146269,-3.097755,-2.478631,0.539015,0.502456,48.244188,0.322082,0.001127,194.780405,0.0,0.0,0.0,0.0,0.126117,0.002304,0.015062,48.027779,0.006966,0.000713,123.159231,1.0,0.0
1783460139.972895,1368,1,13680.0,15468.059005,10538.201429,2826.765169,924.403634,2752.043103,897.311867,3000.0,-247.956897,-2.975483,-2.110003,0.537327,0.48552,48.177509,0.356623,0.001128,194.952218,0.0,0.0,0.0,0.0,0.054663,0.002358,0.034408,48.000802,0.057185,0.000713,123.18668,1.0,0.0
1783460139.982895,1369,1,13690.0,15228.483554,10163.259831,2780.950247,890.862805,2755.511961,896.666961,3000.0,-244.488039,-2.933856,-2.417918,0.535392,0.648986,48.096475,0.328342,0.001128,195.110138,0.0,0.0,0.0,0.0,-0.110229,0.002248,-0.072031,47.950857,0.0,0.000713,123.18668,1.0,0.0
1783460139.992895,1370,1,13700.0,14750.444849,10159.653432,2691.687016,889.896651,2747.852967,895.98993,3000.0,-252.147033,-3.025764,-2.043125,0.533758,0.616756,48.119508,0.224194,0.001129,195.218019,0.0,0.0,0.0,0.0,-0.001722,0.002246,-0.133522,47.949384,0.0,0.000713,123.18668,1.0,0.0
1783460140.002895,1371,1,13710.0,15011.499272,10238.979581,2737.326636,896.190773,2746.589807,896.010014,3000.0,-253.410193,-3.040922,-2.378561,0.531855,0.572874,48.14241,0.259162,0.00113,195.342786,0.0,0.0,0.0,0.0,-0.102036,0.002144,0.103942,47.958614,0.020314,0.000713,123.196422,1.0,0.0
1783460140.012895,1372,1,13720.0,15116.444261,10372.585175,2754.454129,907.223193,2747.533526,897.131332,3000.0,-252.466474,-3.029598,-2.455787,0.52989,0.692099,48.114526,0.347926,0.001131,195.51019,0.0,0.0,0.0,0.0,0.301335,0.002446,0.127876,48.020947,0.0,0.000713,123.196422,1.0,0.0
1783460140.022895,1373,1,13730.0,15127.138724,10105.289736,2754.395252,883.200851,2748.356933,895.738284,3000.0,-251.643067,-3.019717,-2.473024,0.527912,0.691581,48.186703,0.387101,0.001132,195.696721,0.0,0.0,0.0,0.0,-0.279215,0.002166,0.007441,47.899014,0.017949,0.000713,123.20502,1.0,0.0
1783460140.032895,1374,1,13740.0,15014.313464,10295.617241,2731.861984,899.180545,2746.377539,896.08251,3000.0,-253.622461,-3.04347,-1.343564,0.526837,0.785105,48.268172,0.195226,0.001132,195.790953,0.0,0.0,0.0,0.0,-0.023253,0.002143,0.025363,47.951754,0.008605,0.000713,123.209146,1.0,0.0
1783460140.042895,1375,1,13750.0,15071.22467,10067.006355,2740.222667,878.5751,2745.638955,894.331769,3000.0,-254.361045,-3.052333,-2.884604,0.524529,0.590242,48.120016,0.298051,0.001133,195.934375,0.0,0.0,0.0,0.0,0.46098,0.002604,-0.064964,47.953772,0.0048,0.000713,123.211448,1.0,0.0
1783460140.052895,1376,1,13760.0,15314.75201,10685.730918,2782.476746,931.895138,2750.05949,898.088106,3000.0,-249.94051,-2.999286,-1.675432,0.523189,1.062982,48.223588,0.399998,0.001134,196.127268,0.0,0.0,0.0,0.0,-0.006869,0.002597,0.017751,48.011858,0.047602,0.000713,123.234303,1.0,0.0
1783460140.062895,1377,1,13770.0,15328.454807,10281.717427,2782.943865,896.010233,2754.005615,897.880319,3000.0,-245.994385,-2.951933,-2.253934,0.521386,0.490513,48.145005,0.249813,0.001135,196.24754,0.0,0.0,0.0,0.0,0.286304,0.002884,0.030353,48.038383,0.030057,0.000713,123.248741,1.0,0.0
1783460140.072895,1378,1,13780.0,14776.117529,10279.394052,2680.717984,895.157682,2745.211099,897.608055,3000.0,-254.788901,-3.057467,-1.660264,0.520058,0.731372,48.164775,0.20326,0.001136,196.34544,0.0,0.0,0.0,0.0,0.598532,0.003482,0.086174,48.044458,0.0,0.000713,123.248741,1.0,0.0
1783460140.082895,1379,1,13790.0,14957.491378,10065.961102,2711.655435,875.935701,2741.184419,895.44082,3000.0,-258.815581,-3.105787,-2.61441,0.517966,0.566775,48.241849,0.449005,0.001137,196.562048,0.0,0.0,0.0,0.0,0.205064,0.003687,0.043513,47.988476,0.007207,0.000713,123.2522,1.0,0.0
1783460140.092895,1380,1,13800.0,14875.481886,10742.67374,2694.833675,934.145543,2735.62233,899.311292,3000.0,-264.37767,-3.172532,-2.379702,0.516062,0.880928,48.089898,0.391297,0.001138,196.750223,0.0,0.0,0.0,0.0,0.182298,0.003869,0.082064,47.9964,0.088998,0.000714,123.294916,1.0,0.0
1783460140.102895,1381,1,13810.0,15065.675215,10262.544903,2727.312675,891.749014,2734.625171,898.555064,3000.0,-265.374829,-3.184498,-2.363123,0.514172,0.609249,48.151608,0.321666,0.001139,196.90511,0.0,0.0,0.0,0.0,-0.690855,0.003179,0.044615,48.051932,0.0,0.000714,123.294916,1.0,0.0
1783460140.112895,1382,1,13820.0,15144.273501,10378.589718,2739.557435,901.180004,2735.217043,898.817558,3000.0,-264.782957,-3.177395,-2.046721,0.512535,0.576282,48.265518,0.297662,0.00114,197.048778,0.0,0.0,0.0,0.0,0.185725,0.003364,-0.016996,47.902146,0.0,0.000714,123.294916,1.0,0.0
1783460140.122895,1383,1,13830.0,14986.91016,10103.816321,2709.130542,876.686883,2732.086663,896.604491,3000.0,-267.913337,-3.21496,-2.947777,0.510176,0.549403,48.120747,0.189382,0.00114,197.13991,0.0,0.0,0.0,0.0,-0.320068,0.003044,-0.0648,48.030007,0.0,0.000714,123.294916,1.0,0.0
1783460140.132895,1384,1,13840.0,14892.882654,10664.141282,2690.188341,924.636527,2727.058864,899.407694,3000.0,-272.941136,-3.275294,-3.050399,0.507736,0.768827,48.205806,0.302604,0.001141,197.285782,0.0,0.0,0.0,0.0,0.758968,0.003803,-0.041977,48.063478,0.016955,0.000714,123.303065,1.0,0.0
1783460140.142895,1385,1,13850.0,14895.880597,10140.853503,2688.787111,878.629906,2722.466254,897.329916,3000.0,-277.533746,-3.330405,-2.445387,0.50578,0.562105,48.184992,0.286423,0.001142,197.423795,0.0,0.0,0.0,0.0,0.268822,0.004072,-0.024304,48.013011,0.014961,0.000714,123.310248,1.0,0.0
1783460140.152894,1386,1,13860.0,14638.882314,10252.650409,2640.491038,887.67536,2712.629228,896.36446,3000.0,-287.370772,-3.448449,-2.852208,0.503498,0.602441,48.154101,0.373562,0.001143,197.60368,0.0,0.0,0.0,0.0,0.149726,0.004222,0.078126,48.016681,0.0,0.000714,123.310248,1.0,0.0
1783460140.162894,1387,1,13870.0,14629.538176,10719.515867,2636.90306,927.427472,2703.542088,899.470761,3000.0,-296.457912,-3.557495,-3.761637,0.500489,0.891106,48.195057,0.430354,0.001144,197.81109,0.0,0.0,0.0,0.0,0.578017,0.0048,0.036002,48.027001,0.019836,0.000714,123.319775,1.0,0.0
1783460140.172895,1388,1,13880.0,14929.31234,10166.253293,2688.997179,878.926798,2701.796699,897.416365,3000.0,-298.203301,-3.57844,-2.290843,0.498656,0.735454,48.08118,0.445092,0.001145,198.025095,0.0,0.0,0.0,0.0,-0.077985,0.004722,0.106998,48.015005,0.020267,0.000714,123.329506,1.0,0.0
1783460140.182895,1389,1,13890.0,14658.693969,10529.70692,2638.353846,909.693902,2694.183556,898.644119,3000.0,-305.816444,-3.669797,-2.82971,0.496392,0.838245,48.162432,0.35697,0.001146,198.19702,0.0,0.0,0.0,0.0,-0.281918,0.00444,-0.023387,48.110787,0.058071,0.000714,123.357445,1.0,0.0
1783460140.192895,1390,1,13900.0,14834.301748,10088.410143,2668.039883,870.941883,2691.046316,895.873895,3000.0,-308.953684,-3.707444,-3.007825,0.493986,0.815141,48.17112,0.40921,0.001147,198.394142,0.0,0.0,0.0,0.0,0.237735,0.004678,-0.007818,47.963175,0.0,0.000714,123.357445,1.0,0.0
1783460140.202895,1391,1,13910.0,14568.917972,10603.872412,2618.425229,914.784105,2682.331785,897.764916,3000.0,-317.668215,-3.812019,-2.102936,0.492304,0.91832,48.151342,0.400951,0.001149,198.587205,0.0,0.0,0.0,0.0,-0.646152,0.004032,-0.118565,47.930137,0.0,0.000714,123.357445,1.0,0.0
1783460140.212895,1392,1,13920.0,14769.515372,10534.474449,2652.571008,908.144349,2678.760492,898.802859,3000.0,-321.239508,-3.854874,-4.388778,0.488793,1.149431,48.209261,0.45261,0.00115,198.805405,0.0,0.0,0.0,0.0,-0.22862,0.003803,-0.064854,48.020112,0.0,0.000714,123.357445,1.0,0.0
1783460140.222895,1393,1,13930.0,14978.934126,10554.702461,2688.25092,909.234957,2679.899343,899.846069,3000.0,-320.100657,-3.841208,-3.1948,0.486237,1.060071,48.148743,0.349919,0.001151,198.973887,0.0,0.0,0.0,0.0,-0.29973,0.003503,-0.075841,48.095791,0.015636,0.000714,123.364965,1.0,0.0
1783460140.232895,1394,1,13940.0,14596.339752,10192.691408,2617.70799,877.419633,2672.436381,897.603426,3000.0,-327.563619,-3.930763,-3.048966,0.483798,0.733382,48.112837,0.389358,0.001152,199.161218,0.0,0.0,0.0,0.0,-0.06962,0.003434,-0.077882,48.012825,0.0,0.000714,123.364965,1.0,0.0
1783460140.242895,1395,1,13950.0,14939.369872,10483.522908,2677.306429,901.808422,2673.020787,898.023925,3000.0,-326.979213,-3.923751,-3.389257,0.481086,0.961887,48.170485,0.429746,0.001153,199.368229,0.0,0.0,0.0,0.0,0.29217,0.003726,0.050981,48.017631,0.012869,0.000714,123.371144,1.0,0.0
1783460140.252895,1396,1,13960.0,14697.492688,10571.758983,2632.072473,908.747191,2668.106989,899.096252,3000.0,-331.893011,-3.982716,-2.497843,0.479088,0.990763,48.126891,0.300958,0.001154,199.51307,0.0,0.0,0.0,0.0,-0.052325,0.003673,-0.083876,48.05159,0.040055,0.000714,123.390392,1.0,0.0
1783460140.262895,1397,1,13970.0,15073.982086,10476.090394,2697.563008,899.878917,2671.641711,899.174518,3000.0,-328.358289,-3.940299,-4.234107,0.475701,0.682018,48.16489,0.481731,0.001155,199.745096,0.0,0.0,0.0,0.0,0.142589,0.003816,0.009849,48.006644,0.0138,0.000714,123.397017,1.0,0.0
1783460140.272895,1398,1,13980.0,15265.311426,10688.332006,2729.848252,917.453391,2678.626496,901.002406,3000.0,-321.373504,-3.856482,-3.16672,0.473167,0.944811,48.076207,0.387404,0.001156,199.931345,0.0,0.0,0.0,0.0,-0.314175,0.003502,0.075495,47.98809,0.019119,0.000714,123.406192,1.0,0.0
1783460140.282895,1399,1,13990.0,14707.678211,11132.980495,2628.24843,954.937569,2672.581128,906.395922,3000.0,-327.418872,-3.929026,-3.605831,0.470283,0.925526,48.203966,0.340521,0.001157,200.095489,0.0,0.0,0.0,0.0,-0.009467,0.003492,-0.009295,48.025727,0.0,0.000714,123.406192,1.0,0.0
1783460140.292895,1400,1,14000.0,14813.360433,10813.398372,2645.242934,926.862718,2669.300545,908.442601,3000.0,-330.699455,-3.968393,-2.971673,0.467905,0.866844,48.174614,0.357424,0.001158,200.267677,0.0,0.0,0.0,0.0,-0.498255,0.002994,-0.121955,48.066701,0.0,0.000714,123.406192,1.0,0.0
1783460140.302895,1401,1,14010.0,14787.666254,10913.919794,2638.769853,934.811117,2665.636862,911.079453,3000.0,-334.363138,-4.012358,-3.824132,0.464846,0.708785,48.160663,0.327748,0.001159,200.425523,0.0,0.0,0.0,0.0,0.287038,0.003281,0.00158,48.026545,0.0,0.000714,123.406192,1.0,0.0
1783460140.312895,1402,1,14020.0,15202.592692,10966.522391,2710.876015,938.64671,2671.06556,913.836179,3000.0,-328.93444,-3.947213,-3.68007,0.461902,0.662636,48.082906,0.391641,0.00116,200.613835,0.0,0.0,0.0,0.0,0.611246,0.003892,-0.162672,47.947656,0.0,0.000714,123.406192,1.0,0.0
1783460140.322895,1403,1,14030.0,14805.517785,11036.970929,2638.189199,944.003216,2667.120397,916.852882,3000.0,-332.879603,-3.994555,-3.104392,0.459418,0.721724,48.130969,0.300652,0.001161,200.758542,0.0,0.0,0.0,0.0,-0.407363,0.003485,-0.032417,48.043218,0.00993,0.000714,123.410962,1.0,0.0
1783460140.332895,1404,1,14040.0,15109.210916,11046.27456,2690.386559,944.126031,2669.912336,919.580197,3000.0,-330.087664,-3.961052,-3.100669,0.456938,0.707116,48.224782,0.26865,0.001162,200.888098,0.0,0.0,0.0,0.0,0.293817,0.003779,-0.05632,48.005197,0.034558,0.000714,123.427552,1.0,0.0
1783460140.342895,1405,1,14050.0,15258.692008,10812.424808,2715.069752,923.481122,2675.331226,919.97029,3000.0,-324.668774,-3.896025,-3.420479,0.454201,1.064299,48.175561,0.403514,0.001163,201.082493,0.0,0.0,0.0,0.0,0.157923,0.003937,-0.034632,47.994071,0.048976,0.000714,123.451057,1.0,0.0
1783460140.352895,1406,1,14060.0,16014.225369,11122.885197,2847.479617,949.321638,2695.989033,922.905425,3000.0,-304.010967,-3.648132,-3.469011,0.451426,0.849886,48.025024,0.450775,0.001164,201.298978,0.0,0.0,0.0,0.0,0.064624,0.004001,-0.060535,48.024765,0.0,0.000714,123.451057,1.0,0.0
1783460140.362895,1407,1,14070.0,15453.724446,11173.09721,2745.864329,952.9294,2701.974069,925.907822,3000.0,-298.025931,-3.576311,-2.082098,0.44976,0.708467,48.110663,0.304918,0.001165,201.445676,0.0,0.0,0.0,0.0,-0.065497,0.003936,-0.015277,48.03456,0.0,0.000714,123.451057,1.0,0.0
1783460140.372895,1408,1,14080.0,15683.986683,10959.378781,2784.798772,934.037964,2711.913033,926.720836,3000.0,-288.086967,-3.457044,-2.561692,0.447711,0.833577,48.20059,0.338796,0.001166,201.608978,0.0,0.0,0.0,0.0,-0.148712,0.003787,0.088412,48.023371,0.057861,0.000715,123.478844,1.0,0.0
1783460140.382895,1409,1,14090.0,16137.814576,11313.075626,2863.345383,963.498279,2730.084915,930.398581,3000.0,-269.915085,-3.238981,-2.559426,0.445664,0.702472,48.192271,0.42085,0.001167,201.811795,0.0,0.0,0.0,0.0,-0.018831,0.003768,0.116949,47.975552,0.0,0.000715,123.478844,1.0,0.0
1783460140.392895,1410,1,14100.0,16119.973806,11148.117712,2858.151384,948.775976,2745.452891,932.23632,3000.0,-254.547109,-3.054565,-2.388054,0.443753,0.730281,48.17309,0.276825,0.001168,201.94515,0.0,0.0,0.0,0.0,-0.30427,0.003464,-0.026518,48.129508,0.047637,0.000715,123.501772,1.0,0.0
1783460140.402894,1411,1,14110.0,16402.738204,10993.532771,2906.225763,934.95672,2764.745636,932.50836,3000.0,-235.254364,-2.823052,-1.944952,0.442197,0.623393,48.148559,0.142308,0.001168,202.01367,0.0,0.0,0.0,0.0,0.608563,0.004073,-0.070991,48.04146,0.028644,0.000715,123.515532,1.0,0.0
1783460140.412894,1412,1,14120.0,16499.985355,11602.448396,2921.385509,986.043773,2783.542421,937.861901,3000.0,-216.457579,-2.597491,-2.026703,0.440576,0.406485,48.184745,0.342208,0.001169,202.178562,0.0,0.0,0.0,0.0,-0.01844,0.004054,0.032833,48.011324,0.0,0.000715,123.515532,1.0,0.0
1783460140.422895,1413,1,14130.0,16283.340169,11505.778425,2880.987291,977.136172,2795.235805,941.789328,3000.0,-204.764195,-2.45717,-1.258718,0.439569,0.458812,48.188924,0.186602,0.00117,202.268483,0.0,0.0,0.0,0.0,0.41855,0.004473,-0.026054,48.02972,0.0,0.000715,123.515532,1.0,0.0
1783460140.432895,1414,1,14140.0,16373.402684,11697.120221,2894.873176,992.68347,2807.19229,946.878743,3000.0,-192.80771,-2.313693,-2.019075,0.437954,0.417478,48.212621,0.223856,0.00117,202.37641,0.0,0.0,0.0,0.0,-0.135599,0.004337,0.058645,47.935463,0.043107,0.000715,123.536196,1.0,0.0
1783460140.442895,1415,1,14150.0,16816.491258,11700.385318,2971.11153,992.258826,2826.862598,951.416751,3000.0,-173.137402,-2.077649,-1.572848,0.436695,0.361157,48.153422,0.313765,0.001171,202.527499,0.0,0.0,0.0,0.0,0.060948,0.004398,-0.131334,48.143844,0.051438,0.000715,123.56096,1.0,0.0
1783460140.452895,1416,1,14160.0,16790.212609,11918.875831,2964.373695,1010.074223,2843.36393,957.282498,3000.0,-156.63607,-1.879633,-1.04268,0.435861,0.322347,48.132367,0.109458,0.001172,202.580184,0.0,0.0,0.0,0.0,-0.104141,0.004294,-0.041611,48.053018,0.01145,0.000715,123.566462,1.0,0.0
1783460140.462895,1417,1,14170.0,17051.315528,11681.362587,3008.347835,989.247361,2863.161999,960.478984,3000.0,-136.838001,-1.642056,-0.184463,0.435714,0.334174,48.09375,0.097524,0.001172,202.627087,0.0,0.0,0.0,0.0,0.345311,0.004639,-0.18027,48.013656,0.0,0.000715,123.566462,1.0,0.0
1783460140.472895,1418,1,14180.0,17126.373657,11503.443333,3019.459389,973.493089,2881.917685,961.780395,3000.0,-118.082315,-1.416988,-1.392487,0.4346,0.28364,48.161584,0.212077,0.001172,202.729226,0.0,0.0,0.0,0.0,0.402106,0.005041,-0.003125,47.962218,0.047166,0.000715,123.589084,1.0,0.0
1783460140.482895,1419,1,14190.0,17457.897621,11888.583994,3075.739539,1005.377082,2905.176308,966.140064,3000.0,-94.823692,-1.137884,-1.109957,0.433712,0.368724,48.140068,0.053846,0.001173,202.755148,0.0,0.0,0.0,0.0,0.05301,0.005094,-0.020861,47.95999,0.098081,0.000716,123.636124,1.0,0.0
1783460140.492895,1420,1,14200.0,17292.89907,11995.819342,3044.524484,1013.731212,2921.898089,970.899178,3000.0,-78.101911,-0.937223,-0.978079,0.432929,0.265537,48.092843,0.163352,0.001173,202.833708,0.0,0.0,0.0,0.0,0.274624,0.005369,0.044359,48.038244,0.015616,0.000716,123.643625,1.0,0.0
1783460140.502895,1421,1,14210.0,17278.055088,11978.166158,3039.770424,1011.527051,2936.042769,974.961966,3000.0,-63.957231,-0.767487,-0.18682,0.43278,0.153138,48.095072,0.0,0.001173,202.833708,0.0,0.0,0.0,0.0,0.308709,0.005678,-0.045421,48.028266,0.0,0.000716,123.643625,1.0,0.0
1783460140.512895,1422,1,14220.0,17512.401126,12091.550038,3078.832828,1020.383969,2953.177576,979.504166,3000.0,-46.822424,-0.561869,-0.986864,0.43199,0.395213,48.131868,0.106577,0.001173,202.885006,0.0,0.0,0.0,0.0,0.056468,0.005734,-0.055175,47.984087,0.075708,0.000716,123.679953,1.0,0.0
1783460140.522895,1423,1,14230.0,17232.712253,11976.613513,3027.532019,1009.974435,2962.100109,982.551193,3000.0,-37.899891,-0.454799,0.206058,0.432155,-0.111928,48.053744,0.013703,0.001173,202.89159,0.0,0.0,0.0,0.0,-0.076702,0.005657,-0.062546,47.960232,0.0,0.000716,123.679953,1.0,0.0
1783460140.532895,1424,1,14240.0,17811.364386,11901.756518,3126.995152,1002.95701,2981.887514,984.591775,3000.0,-18.112486,-0.21735,0.905826,0.43288,0.132926,48.050682,0.078074,0.001174,202.929105,0.0,0.0,0.0,0.0,-0.00976,0.005648,0.025971,48.110772,0.040852,0.000716,123.699607,1.0,0.0
1783460140.542895,1425,1,14250.0,17538.447188,12125.608713,3076.920559,1021.103892,2993.29148,988.242986,3000.0,-6.70852,-0.080502,-0.622901,0.432381,0.042048,48.07333,0.084626,0.001174,202.969788,0.0,0.0,0.0,0.0,-0.029953,0.005618,0.106524,47.917596,0.0,0.000716,123.699607,1.0,0.0
1783460140.552895,1426,1,14260.0,17788.273028,12300.860067,3118.56119,1035.135489,3008.323845,992.932237,3000.0,8.323845,0.099886,-0.304379,0.432138,-0.134378,48.159337,0.0,0.001174,202.969788,0.0,0.0,0.0,0.0,0.17453,0.005792,0.005933,47.992084,0.0,0.000716,123.699607,1.0,0.0
1783460140.562895,1427,1,14270.0,18123.50399,12179.56993,3175.105815,1024.210506,3028.337681,996.060064,3000.0,28.337681,0.340052,-1.230058,0.431154,0.047233,48.171491,0.037238,0.001174,202.987726,0.0,0.0,0.0,0.0,-0.064932,0.005727,0.140826,48.005294,0.0,0.000716,123.699607,1.0,0.0
1783460140.572895,1428,1,14280.0,17720.344865,12325.066277,3102.301272,1035.719855,3037.213312,1000.026043,3000.0,37.213312,0.44656,0.546001,0.431591,0.314013,48.130939,0.136323,0.001174,203.05334,0.0,0.0,0.0,0.0,-0.142111,0.005585,0.067582,47.907482,0.0,0.000716,123.699607,1.0,0.0
1783460140.582895,1429,1,14290.0,17792.395778,12557.119879,3112.735441,1054.481725,3046.275968,1005.471611,3000.0,46.275968,0.555312,0.614943,0.432083,0.061351,48.044469,0.111108,0.001175,203.106721,0.0,0.0,0.0,0.0,-0.689888,0.004895,0.003222,47.973,0.014572,0.000716,123.706598,1.0,0.0
1783460140.592895,1430,1,14300.0,17859.148392,12561.965547,3122.22874,1054.150955,3055.3903,1010.339545,3000.0,55.3903,0.664684,0.831854,0.432748,0.342886,48.160802,0.148117,0.001175,203.178055,0.0,0.0,0.0,0.0,0.048219,0.004944,0.016946,48.082639,0.0,0.000716,123.706598,1.0,0.0
1783460140.602895,1431,1,14310.0,17851.251222,12174.066751,3118.667229,1020.886101,3062.983532,1011.394201,3000.0,62.983532,0.755802,0.855074,0.433432,0.244313,48.168277,0.049187,0.001175,203.201748,0.0,0.0,0.0,0.0,-0.229802,0.004714,-0.103733,48.004008,0.0,0.000716,123.706598,1.0,0.0
1783460140.612895,1432,1,14320.0,18012.593867,12634.310266,3144.656751,1058.741084,3072.784318,1016.128889,3000.0,72.784318,0.873412,1.2106,0.434401,0.381843,48.125946,0.0,0.001175,203.201748,0.0,0.0,0.0,0.0,-0.116963,0.004597,0.07333,47.959347,0.0,0.000716,123.706598,1.0,0.0
1783460140.622895,1433,1,14330.0,17792.113019,12636.965807,3103.997386,1058.224631,3076.529886,1020.338463,3000.0,76.529886,0.918359,0.528069,0.434823,0.12543,48.041182,0.220639,0.001176,203.307745,0.0,0.0,0.0,0.0,0.231431,0.004828,-0.091713,47.878205,0.006183,0.000716,123.709558,1.0,0.0
1783460140.632895,1434,1,14340.0,17783.195149,12690.460389,3100.278094,1061.963212,3079.379671,1024.500938,3000.0,79.379671,0.952556,0.512682,0.435233,0.245438,48.119287,0.0,0.001176,203.307745,0.0,0.0,0.0,0.0,-0.003208,0.004825,-0.097511,48.006917,0.018541,0.000716,123.718459,1.0,0.0
1783460140.642895,1435,1,14350.0,17887.240489,12837.018707,3116.243988,1073.478916,3083.803389,1029.398736,3000.0,83.803389,1.005641,1.203349,0.436196,0.451549,48.015685,0.123274,0.001176,203.366936,0.0,0.0,0.0,0.0,0.252372,0.005077,0.035125,47.988309,0.026932,0.000716,123.731384,1.0,0.0
1783460140.652894,1436,1,14360.0,18042.801761,13111.734261,3141.156296,1095.6881,3090.685738,1036.027672,3000.0,90.685738,1.088229,1.578106,0.437458,-0.087172,48.090802,0.199663,0.001177,203.462956,0.0,0.0,0.0,0.0,-0.123842,0.004954,0.016232,48.013935,0.0,0.000716,123.731384,1.0,0.0
1783460140.662894,1437,1,14370.0,17470.610736,13154.565311,3039.424276,1098.502322,3084.534362,1042.275137,3000.0,84.534362,1.014412,0.152802,0.437581,0.154503,48.120646,0.151263,0.001177,203.535745,0.0,0.0,0.0,0.0,-0.131987,0.004822,0.044507,48.080933,0.04632,0.000716,123.753655,1.0,0.0
1783460140.672895,1438,1,14380.0,17727.59303,12746.418892,3081.987662,1063.678906,3084.228758,1044.415514,3000.0,84.228758,1.010745,0.680487,0.438125,0.253132,48.117889,0.090946,0.001177,203.579506,0.0,0.0,0.0,0.0,0.153295,0.004975,-0.03622,48.004507,0.100533,0.000716,123.801915,1.0,0.0
1783460140.682895,1439,1,14390.0,18245.333559,12615.978675,3169.793878,1052.062155,3094.496573,1045.180178,3000.0,94.496573,1.133959,-0.084567,0.438057,0.09582,48.155452,0.060366,0.001177,203.608575,0.0,0.0,0.0,0.0,0.020338,0.004995,-0.000928,48.043033,0.0,0.000716,123.801915,1.0,0.0
1783460140.692895,1440,1,14400.0,17773.154792,12563.870312,3085.617151,1046.989193,3093.431042,1045.36108,3000.0,93.431042,1.121173,0.894755,0.438773,0.2433,48.100371,0.148055,0.001178,203.679791,0.0,0.0,0.0,0.0,-0.147301,0.004848,0.127551,47.999337,0.072279,0.000717,123.836609,1.0,0.0
1783460140.702895,1441,1,14410.0,17606.19801,12684.56108,3054.510411,1056.313206,3088.760566,1046.456292,3000.0,88.760566,1.065127,0.259525,0.438981,-0.09985,48.047477,0.076566,0.001178,203.716579,0.0,0.0,0.0,0.0,-0.254997,0.004593,0.076702,48.034185,0.0,0.000717,123.836609,1.0,0.0
1783460140.712895,1442,1,14420.0,17949.612434,12703.079164,3111.930034,1057.121706,3091.540902,1047.522834,3000.0,91.540902,1.098491,0.935326,0.439729,0.056987,48.036069,0.113503,0.001178,203.771101,0.0,0.0,0.0,0.0,-0.353422,0.004239,-0.046792,48.084779,0.051386,0.000717,123.861318,1.0,0.0
1783460140.722895,1443,1,14430.0,17859.767454,13310.332163,3094.207806,1106.88833,3091.860931,1053.459383,3000.0,91.860931,1.102331,1.04788,0.440567,0.391034,48.107041,0.109444,0.001179,203.823751,0.0,0.0,0.0,0.0,-0.28687,0.003953,-0.198178,47.974812,0.007791,0.000717,123.865056,1.0,0.0
1783460140.732895,1444,1,14440.0,17784.272017,12742.200947,3078.994463,1058.908666,3090.316955,1054.004312,3000.0,90.316955,1.083803,1.204534,0.441531,0.304453,48.130826,0.068035,0.001179,203.856497,0.0,0.0,0.0,0.0,0.358296,0.004311,-0.006262,48.081384,0.0,0.000717,123.865056,1.0,0.0
1783460140.742895,1445,1,14450.0,18161.494627,13178.753985,3142.127098,1094.429397,3096.534172,1058.04682,3000.0,96.534172,1.15841,0.780768,0.442156,0.211914,48.08455,0.223892,0.00118,203.964154,0.0,0.0,0.0,0.0,-0.013279,0.004298,-0.188759,48.003138,0.045407,0.000717,123.886852,1.0,0.0
1783460140.752895,1446,1,14460.0,17746.324848,13045.741481,3068.175112,1082.634148,3093.131085,1060.505553,3000.0,93.131085,1.117573,0.953573,0.442918,0.003846,48.135072,0.070277,0.00118,203.997982,0.0,0.0,0.0,0.0,0.445045,0.004743,-0.006934,48.017459,0.0,0.000717,123.886852,1.0,0.0
1783460140.762895,1447,1,14470.0,17611.802218,12920.726626,3042.813099,1071.518449,3087.092926,1061.606842,3000.0,87.092926,1.045115,0.850934,0.443599,0.228989,48.043114,0.0,0.00118,203.997982,0.0,0.0,0.0,0.0,0.006663,0.004749,-0.101963,48.042023,0.056275,0.000717,123.913888,1.0,0.0
1783460140.772895,1448,1,14480.0,18015.173847,12895.86354,3110.354601,1068.717973,3089.884327,1062.317956,3000.0,89.884327,1.078612,0.722084,0.444177,0.152142,48.096268,0.055346,0.00118,204.024602,0.0,0.0,0.0,0.0,0.150907,0.0049,0.014097,48.015486,0.0,0.000717,123.913888,1.0,0.0
1783460140.782895,1449,1,14490.0,17732.973782,13007.943832,3059.519286,1077.262429,3086.240522,1063.812403,3000.0,86.240522,1.034886,0.189037,0.444328,0.292701,48.157604,0.128784,0.00118,204.086621,0.0,0.0,0.0,0.0,-0.038768,0.004861,-0.075446,48.003502,0.0,0.000717,123.913888,1.0,0.0
1783460140.792895,1450,1,14500.0,17868.106984,12736.183848,3080.708101,1054.029008,3085.576632,1062.834063,3000.0,85.576632,1.02692,0.481981,0.444714,-0.036826,48.103606,0.168279,0.001181,204.167569,0.0,0.0,0.0,0.0,0.031702,0.004893,0.018837,48.043623,0.068593,0.000717,123.946843,1.0,0.0
1783460140.802895,1451,1,14510.0,17694.871573,12979.324974,3048.737349,1073.410749,3081.155918,1063.891732,3000.0,81.155918,0.973871,0.905586,0.445438,0.263147,48.029788,0.140853,0.001181,204.235221,0.0,0.0,0.0,0.0,-0.046859,0.004846,-0.045843,47.982118,0.0,0.000717,123.946843,1.0,0.0
1783460140.812895,1452,1,14520.0,17974.112472,12754.935388,3094.716335,1054.126892,3082.783168,1062.915248,3000.0,82.783168,0.993398,1.358247,0.446525,0.101475,48.138736,0.074155,0.001181,204.270918,0.0,0.0,0.0,0.0,-0.132382,0.004714,0.077,48.0319,0.0,0.000717,123.946843,1.0,0.0
1783460140.822895,1453,1,14530.0,17736.772254,12801.873454,3051.750216,1057.277918,3079.059214,1062.351515,3000.0,79.059214,0.948711,0.48622,0.446914,0.237726,48.100876,0.020612,0.001181,204.280833,0.0,0.0,0.0,0.0,-0.136999,0.004577,0.100046,48.080026,0.0,0.000717,123.946843,1.0,0.0
1783460140.832895,1454,1,14540.0,17912.99948,12801.976041,3079.951768,1056.559233,3079.16632,1061.772287,3000.0,79.16632,0.949996,0.536157,0.447343,0.456651,48.04994,0.102652,0.001182,204.330157,0.0,0.0,0.0,0.0,-0.389078,0.004188,-0.069883,48.011625,0.00951,0.000717,123.951409,1.0,0.0
1783460140.842895,1455,1,14550.0,17862.539244,12651.366144,3069.164819,1043.411641,3077.96614,1059.936222,3000.0,77.96614,0.935594,1.166793,0.448276,0.055567,48.012637,0.164801,0.001182,204.409282,0.0,0.0,0.0,0.0,-0.107651,0.00408,-0.143285,48.029761,0.008207,0.000717,123.955351,1.0,0.0
1783460140.852895,1456,1,14560.0,18188.964142,12637.9756,3123.105107,1041.591396,3083.382816,1058.101739,3000.0,83.382816,1.000594,0.830132,0.44894,0.26846,48.107644,0.022169,0.001182,204.419948,0.0,0.0,0.0,0.0,0.27794,0.004358,0.044737,48.052797,0.024469,0.000717,123.967109,1.0,0.0
1783460140.862895,1457,1,14570.0,18115.462226,12999.821154,3108.34973,1070.678475,3086.378846,1059.359413,3000.0,86.378846,1.036546,-0.0444,0.448905,0.142893,48.122585,0.129024,0.001183,204.482037,0.0,0.0,0.0,0.0,0.071957,0.00443,-0.037364,48.019276,0.0,0.000717,123.967109,1.0,0.0
1783460140.872895,1458,1,14580.0,18142.406409,12963.091355,3110.837862,1066.921099,3089.313928,1060.115582,3000.0,89.313928,1.071767,0.389193,0.449216,0.291457,48.051584,0.082802,0.001183,204.521825,0.0,0.0,0.0,0.0,0.017693,0.004448,-0.088749,47.934369,0.0,0.000717,123.967109,1.0,0.0
1783460140.882895,1459,1,14590.0,18085.487542,12936.770161,3098.952629,1064.024962,3090.470572,1060.50652,3000.0,90.470572,1.085647,1.007612,0.450022,0.241398,48.058051,0.093327,0.001183,204.566676,0.0,0.0,0.0,0.0,0.022702,0.00447,-0.018485,47.962971,0.060472,0.000718,123.996113,1.0,0.0
1783460140.892895,1460,1,14600.0,18285.477236,12607.522522,3131.074869,1036.234728,3095.343087,1058.079341,3000.0,95.343087,1.144117,1.220342,0.450998,0.300083,48.083933,0.103842,0.001183,204.616607,0.0,0.0,0.0,0.0,0.065293,0.004536,-0.097345,47.939145,0.050848,0.000718,124.020489,1.0,0.0
1783460140.902894,1461,1,14610.0,18268.363053,12571.294834,3126.00326,1032.549884,3099.022308,1055.526395,3000.0,99.022308,1.188268,0.68752,0.451548,-0.17808,48.031924,0.229114,0.001184,204.726655,0.0,0.0,0.0,0.0,0.082044,0.004618,-0.091029,47.989699,0.032213,0.000718,124.035948,1.0,0.0
1783460140.912894,1462,1,14620.0,18498.340684,13092.600106,3163.190951,1074.63202,3106.722545,1057.436957,3000.0,106.722545,1.280671,1.494394,0.452744,0.460285,48.019276,0.111691,0.001184,204.780288,0.0,0.0,0.0,0.0,-0.423182,0.004195,-0.019032,48.05454,0.060515,0.000718,124.065028,1.0,0.0
1783460140.922895,1463,1,14630.0,18384.653872,13148.420652,3141.601824,1078.476062,3110.908059,1059.540868,3000.0,110.908059,1.330897,1.562493,0.453994,0.331427,48.109291,0.154538,0.001185,204.854636,0.0,0.0,0.0,0.0,0.33348,0.004528,0.017763,48.038907,0.000547,0.000718,124.065291,1.0,0.0
1783460140.932895,1464,1,14640.0,18558.652173,13044.952385,3169.168745,1069.258392,3117.899341,1060.51262,3000.0,117.899341,1.414792,0.902635,0.454716,0.430497,47.994929,0.13168,0.001185,204.917835,0.0,0.0,0.0,0.0,-0.266264,0.004262,0.057761,48.002533,0.022654,0.000718,124.076166,1.0,0.0
1783460140.942895,1465,1,14650.0,18639.677557,12991.584158,3180.832348,1064.157064,3125.451302,1060.877065,3000.0,125.451302,1.505416,0.914321,0.455448,0.529935,47.992616,0.261208,0.001186,205.043196,0.0,0.0,0.0,0.0,0.053112,0.004315,-0.075722,48.076421,0.016467,0.000718,124.084082,1.0,0.0
1783460140.952895,1466,1,14660.0,18717.801873,12775.934021,3191.985313,1045.779047,3133.435383,1059.367263,3000.0,133.435383,1.601225,1.44728,0.456605,0.501047,48.092501,0.079723,0.001186,205.081536,0.0,0.0,0.0,0.0,-0.323856,0.003991,-0.095006,48.069574,0.005966,0.000718,124.08695,1.0,0.0
1783460140.962895,1467,1,14670.0,18558.981179,12428.06427,3162.743895,1016.610574,3136.952405,1055.091594,3000.0,136.952405,1.643429,1.632045,0.457911,0.317835,48.087745,0.189252,0.001187,205.172543,0.0,0.0,0.0,0.0,0.12223,0.004113,0.011895,47.926245,0.047774,0.000718,124.109846,1.0,0.0
1783460140.972895,1468,1,14680.0,19176.627894,13012.514606,3265.774505,1063.693292,3152.411057,1055.951764,3000.0,152.411057,1.828933,1.450647,0.459071,0.399625,48.022673,0.138968,0.001187,205.23928,0.0,0.0,0.0,0.0,0.097276,0.004211,-0.039133,48.055684,0.0,0.000718,124.109846,1.0,0.0
1783460140.982895,1469,1,14690.0,19330.541097,12699.006832,3289.744911,1037.359306,3168.891119,1054.092518,3000.0,168.891119,2.026693,1.049661,0.459911,0.622549,48.030465,0.197512,0.001187,205.334146,0.0,0.0,0.0,0.0,-0.016185,0.004194,0.046118,48.070774,0.024726,0.000718,124.121732,1.0,0.0
1783460140.992895,1470,1,14700.0,19095.674816,12681.979733,3247.563744,1035.263652,3178.331834,1052.209631,3000.0,178.331834,2.139982,2.065221,0.461563,0.642418,48.007611,0.100663,0.001188,205.382471,0.0,0.0,0.0,0.0,-0.122867,0.004072,0.025777,48.002387,0.041694,0.000718,124.141746,1.0,0.0
1783460141.002895,1471,1,14710.0,19297.009462,12598.721468,3279.573328,1027.767897,3190.480813,1049.765458,3000.0,190.480813,2.28577,1.779312,0.462987,0.321202,48.054987,0.295672,0.001189,205.524557,0.0,0.0,0.0,0.0,0.018308,0.00409,-0.032606,48.065047,0.0,0.000718,124.141746,1.0,0.0
1783460141.012895,1472,1,14720.0,19301.194674,13410.854709,3278.056161,1093.276199,3200.989855,1054.116532,3000.0,200.989855,2.411878,1.617382,0.464281,0.620184,48.043911,0.106493,0.001189,205.57572,0.0,0.0,0.0,0.0,0.049059,0.004139,-0.017522,47.97039,0.016475,0.000718,124.14965,1.0,0.0
1783460141.022895,1473,1,14730.0,19480.827076,12626.856883,3306.318241,1028.664512,3213.629261,1051.57133,3000.0,213.629261,2.563551,1.932113,0.465826,0.449724,48.148705,0.211712,0.001189,205.677657,0.0,0.0,0.0,0.0,0.103999,0.004243,0.0049,47.963096,0.028693,0.000719,124.163412,1.0,0.0
1783460141.032895,1474,1,14740.0,19643.723379,12989.78585,3331.703422,1057.513095,3227.798161,1052.165506,3000.0,227.798161,2.733578,1.425347,0.466967,0.475249,47.928879,0.267494,0.00119,205.805864,0.0,0.0,0.0,0.0,0.055899,0.004299,-0.128361,47.956856,0.037517,0.000719,124.181403,1.0,0.0
1783460141.042895,1475,1,14750.0,19652.652927,12813.740295,3330.958123,1042.473787,3240.177356,1051.196334,3000.0,240.177356,2.882128,2.809346,0.469214,0.619126,48.094254,0.2728,0.001191,205.937065,0.0,0.0,0.0,0.0,0.04378,0.004343,-0.024831,47.994768,0.0,0.000719,124.181403,1.0,0.0
1783460141.052895,1476,1,14760.0,19856.823119,12750.958625,3363.283049,1036.663303,3254.950039,1049.743031,3000.0,254.950039,3.0594,2.731354,0.471399,0.584647,48.067183,0.2785,0.001192,206.070932,0.0,0.0,0.0,0.0,0.022103,0.004365,-0.074593,48.018283,0.0,0.000719,124.181403,1.0,0.0
1783460141.062895,1477,1,14770.0,19852.203498,13149.161005,3360.224018,1068.31369,3267.582917,1051.600097,3000.0,267.582917,3.210995,2.353549,0.473282,0.771689,48.05064,0.349928,0.001193,206.239075,0.0,0.0,0.0,0.0,0.280362,0.004645,0.060621,47.921161,0.0,0.000719,124.181403,1.0,0.0
1783460141.072895,1478,1,14780.0,20132.878749,12569.929341,3405.42604,1020.562599,3284.124092,1048.496347,3000.0,284.124092,3.409489,2.53475,0.47531,0.688189,47.975647,0.278455,0.001193,206.372665,0.0,0.0,0.0,0.0,0.0561,0.004701,0.052965,47.963473,0.019861,0.000719,124.190929,1.0,0.0
1783460141.082895,1479,1,14790.0,20222.238729,13306.39587,3418.228318,1079.62644,3300.216599,1051.609357,3000.0,300.216599,3.602599,3.444679,0.478066,0.602389,48.140546,0.311635,0.001194,206.522688,0.0,0.0,0.0,0.0,-0.226162,0.004475,-0.061322,48.002349,0.0,0.000719,124.190929,1.0,0.0
1783460141.092895,1480,1,14800.0,20057.534854,13025.423633,3388.097104,1056.11543,3310.762259,1052.059964,3000.0,310.762259,3.729147,2.546586,0.480103,0.819754,47.936848,0.321103,0.001195,206.676614,0.0,0.0,0.0,0.0,0.028483,0.004504,-0.007366,48.036886,0.067991,0.000719,124.22359,1.0,0.0
1783460141.102895,1481,1,14810.0,20355.0752,12882.588597,3436.035652,1043.828921,3325.795066,1051.23686,3000.0,325.795066,3.909541,3.886046,0.483212,1.022006,48.049718,0.418039,0.001196,206.877481,0.0,0.0,0.0,0.0,-0.465361,0.004038,-0.104236,48.001716,0.038909,0.000719,124.242267,1.0,0.0
1783460141.112895,1482,1,14820.0,20047.804845,12961.882853,3381.883408,1049.54517,3332.525667,1051.067691,3000.0,332.525667,3.990308,3.236462,0.485801,0.999922,48.053243,0.393716,0.001197,207.066675,0.0,0.0,0.0,0.0,-0.040888,0.003997,-0.08187,48.069642,0.001076,0.000719,124.242784,1.0,0.0
1783460141.122895,1483,1,14830.0,20464.330863,13129.660716,3449.819768,1062.413544,3346.60096,1052.202276,3000.0,346.60096,4.159212,3.480627,0.488585,0.837384,48.066999,0.440521,0.001199,207.27842,0.0,0.0,0.0,0.0,0.115668,0.004113,0.017677,47.915181,0.0,0.000719,124.242784,1.0,0.0
1783460141.132895,1484,1,14840.0,20404.511303,13213.963046,3437.417672,1068.514532,3357.498965,1053.833502,3000.0,357.498965,4.289988,3.593827,0.49146,1.092937,47.930647,0.450653,0.0012,207.494421,0.0,0.0,0.0,0.0,-0.359597,0.003753,-0.069581,47.974463,0.013461,0.000719,124.249242,1.0,0.0
1783460141.142895,1485,1,14850.0,20415.558146,12444.9304,3436.962651,1005.650941,3367.034607,1049.015246,3000.0,367.034607,4.404415,3.146127,0.493977,0.858428,48.072569,0.479496,0.001201,207.724927,0.0,0.0,0.0,0.0,-0.132736,0.003621,0.071625,48.097487,0.051037,0.000719,124.273789,1.0,0.0
1783460141.152894,1486,1,14860.0,20387.787642,12579.683507,3429.977733,1015.856003,3374.587782,1045.699321,3000.0,374.587782,4.495053,3.520855,0.496794,1.163685,47.952735,0.522515,0.001203,207.975487,0.0,0.0,0.0,0.0,0.169135,0.00379,-0.099064,48.007946,0.0,0.000719,124.273789,1.0,0.0
1783460141.162894,1487,1,14870.0,20334.612567,13032.000793,3418.731097,1051.674576,3379.88498,1046.296847,3000.0,379.88498,4.55862,2.925638,0.499135,1.107693,48.094072,0.491203,0.001204,208.211727,0.0,0.0,0.0,0.0,0.097642,0.003887,0.028079,48.001802,0.0,0.000719,124.273789,1.0,0.0
1783460141.172895,1488,1,14880.0,20683.339854,13088.496513,3475.023497,1055.523912,3391.301602,1047.219553,3000.0,391.301602,4.695619,4.455286,0.502699,1.021915,48.03326,0.545762,0.001206,208.473874,0.0,0.0,0.0,0.0,0.080467,0.003968,-0.022834,48.008115,0.0,0.000719,124.273789,1.0,0.0
1783460141.182895,1489,1,14890.0,20681.780651,13283.500708,3472.427913,1070.530614,3401.03676,1049.55066,3000.0,401.03676,4.812441,3.5924,0.505573,1.282913,48.042402,0.510444,0.001207,208.719104,0.0,0.0,0.0,0.0,0.10458,0.004072,0.16744,47.943122,0.05806,0.000719,124.301625,1.0,0.0
1783460141.192895,1490,1,14900.0,20409.92425,13104.319201,3424.483935,1055.381412,3403.850421,1050.133735,3000.0,403.850421,4.846205,3.45559,0.508337,0.990546,48.0459,0.415799,0.001208,208.918878,0.0,0.0,0.0,0.0,-0.499733,0.003573,-0.064913,47.895976,0.0,0.000719,124.301625,1.0,0.0
1783460141.202895,1491,1,14910.0,20610.090526,12983.869655,3455.749585,1044.979449,3410.07832,1049.618306,3000.0,410.07832,4.92094,4.27664,0.511759,1.065518,47.992965,0.58803,0.00121,209.201091,0.0,0.0,0.0,0.0,0.19717,0.00377,-0.223386,48.00865,0.0,0.000719,124.301625,1.0,0.0
1783460141.212895,1492,1,14920.0,20533.583252,13624.202213,3440.613816,1095.780339,3413.74258,1054.234509,3000.0,413.74258,4.964911,4.768258,0.515573,0.964543,47.962232,0.481859,0.001211,209.432201,0.0,0.0,0.0,0.0,0.085194,0.003855,0.111883,47.980637,0.0,0.000719,124.301625,1.0,0.0
1783460141.222895,1493,1,14930.0,20629.618557,13343.871921,3454.390247,1072.514823,3418.6203,1056.062541,3000.0,418.6203,5.023444,4.084707,0.518841,1.078462,48.037087,0.416788,0.001212,209.632414,0.0,0.0,0.0,0.0,0.329378,0.004184,-0.004512,48.037944,0.0131,0.000719,124.307918,1.0,0.0
1783460141.232895,1494,1,14940.0,19993.233994,13015.142573,3345.588018,1045.392978,3409.856426,1054.995585,3000.0,409.856426,4.918277,3.911988,0.52197,0.921273,48.006433,0.636933,0.001214,209.938183,0.0,0.0,0.0,0.0,-0.276509,0.003908,0.061892,47.892753,0.0,0.000719,124.307918,1.0,0.0
1783460141.242895,1495,1,14950.0,20128.293005,13436.658537,3365.935285,1078.527776,3404.585889,1057.348804,3000.0,404.585889,4.855031,4.341233,0.525443,0.785275,47.955791,0.35995,0.001215,210.110799,0.0,0.0,0.0,0.0,-0.265435,0.003642,-0.105002,47.998123,0.0,0.000719,124.307918,1.0,0.0
1783460141.252895,1496,1,14960.0,20364.458703,12884.300463,3403.151521,1033.500037,3404.413765,1054.963927,3000.0,404.413765,4.852965,4.493231,0.529038,1.165004,48.059817,0.595982,0.001217,210.397227,0.0,0.0,0.0,0.0,-0.312561,0.00333,-0.054398,47.974402,0.0,0.000719,124.307918,1.0,0.0
1783460141.262895,1497,1,14970.0,20121.095612,13285.898521,3360.236408,1065.001885,3399.112482,1055.967723,3000.0,399.112482,4.78935,4.073182,0.532297,0.743278,47.924379,0.418963,0.001218,210.598012,0.0,0.0,0.0,0.0,0.384907,0.003715,-0.155066,48.018503,0.0,0.000719,124.307918,1.0,0.0
1783460141.272895,1498,1,14980.0,20425.824778,13052.699464,3408.849262,1045.610104,3400.280896,1054.931961,3000.0,400.280896,4.803371,4.085631,0.535565,1.314234,48.01185,0.396682,0.001219,210.788467,0.0,0.0,0.0,0.0,-0.585285,0.00313,-0.079537,48.065674,0.018831,0.000719,124.316969,1.0,0.0
1783460141.282895,1499,1,14990.0,20428.150769,13476.438505,3406.963104,1078.834303,3401.082761,1057.322195,3000.0,401.082761,4.812993,4.348515,0.539044,1.236256,47.951442,0.503414,0.00122,211.029861,0.0,0.0,0.0,0.0,0.278369,0.003408,-0.072189,48.016044,0.024771,0.00072,124.328863,1.0,0.0
